Station_Code,Station_Name,Date_Time,Rainfall (mm)_Total,Rainfall (mm)_Total_Quality,Level (Metres)_Mean,Level (Metres)_Mean_Quality,Level (Metres)_Min,Level (Metres)_Min_Quality,Level (Metres)_Max,Level (Metres)_Max_Quality,Discharge (Cumecs)_Mean,Discharge (Cumecs)_Mean_Quality,Discharge (Cumecs)_Min,Discharge (Cumecs)_Min_Quality,Discharge (Cumecs)_Max,Discharge (Cumecs)_Max_Quality,Discharge (ML/day)_Mean,Discharge (ML/day)_Mean_Quality,Discharge (ML/day)_Min,Discharge (ML/day)_Min_Quality,Discharge (ML/day)_Max,Discharge (ML/day)_Max_Quality,Volume ML_Total,Volume ML_Total_Quality,E Conduct. (us/cm)_Mean,E Conduct. (us/cm)_Mean_Quality,E Conduct. (us/cm)_Min,E Conduct. (us/cm)_Min_Quality,E Conduct. (us/cm)_Max,E Conduct. (us/cm)_Max_Quality,Water Temp (Deg. C)_Mean,Water Temp (Deg. C)_Mean_Quality,Water Temp (Deg. C)_Min,Water Temp (Deg. C)_Min_Quality,Water Temp (Deg. C)_Max,Water Temp (Deg. C)_Max_Quality,pH (pH units)_Mean,pH (pH units)_Mean_Quality,pH (pH units)_Min,pH (pH units)_Min_Quality,pH (pH units)_Max,pH (pH units)_Max_Quality,Comments,Date
130335A,Dee River at Wura,00:00:00 01/01/1992,,255,0.184,9,0.129,9,0.606,9,0.32,9,0.057,9,5.889,9,27.661,9,4.882,9,508.766,9,857.49,9,,255,,255,,255,,255,,255,,255,,255,,255,,255,,1992-01-01
130355A,Dee River at Kenbula,1/01/1992 0:00,,255,,255,,255,,255,,255,,255,,255,,255,,255,,255,,255,,255,,255,,255,,255,,255,,255,,255,,255,,255,Sites:,1992-01-01
130335A,Dee River at Wura,00:00:00 01/02/1992,,255,0.324,9,0.15,9,1.4,9,2.515,9,0.103,9,32.601,9,217.297,9,8.899,9,2816.683,9,6301.61,9,,255,,255,,255,,255,,255,,255,,255,,255,,255,,1992-02-01
130355A,Dee River at Kenbula,1/02/1992 0:00,,255,0.56,9,0.35,9,1.095,9,0.372,20,0.0,20,6.702,20,32.124,20,0.0,20,579.053,20,931.6,20,,255,,255,,255,,255,,255,,255,,255,,255,,255,130355A - Dee River at Kenbula Lat:-23.6574 Long:150.37232 Elev:213m,1992-02-01
130335A,Dee River at Wura,00:00:00 01/03/1992,,255,0.382,9,0.13,9,3.67,9,5.752,9,0.059,9,244.806,9,496.989,9,5.098,9,21151.195,9,15406.65,9,,255,,255,,255,,255,,255,,255,,255,,255,,255,,1992-03-01
130355A,Dee River at Kenbula,1/03/1992 0:00,,255,0.615,9,0.521,9,1.219,9,0.453,20,0.012,20,12.569,20,39.128,20,1.037,20,1085.918,20,1212.97,20,,255,,255,,255,,255,,255,,255,,255,,255,,255,,1992-03-01
130335A,Dee River at Wura,00:00:00 01/04/1992,,255,0.156,9,0.124,9,0.217,9,0.024,9,0.003,9,0.114,9,2.105,9,0.216,9,9.806,9,63.14,9,,255,,255,,255,,255,,255,,255,,255,,255,,255,,1992-04-01
130355A,Dee River at Kenbula,1/04/1992 0:00,,255,0.528,9,0.511,9,0.561,9,0.018,10,0.007,10,0.046,10,1.521,10,0.605,10,3.931,10,45.64,10,,255,,255,,255,,255,,255,,255,,255,,255,,255,Variables:,1992-04-01
130335A,Dee River at Wura,00:00:00 01/05/1992,,255,0.225,9,0.133,9,0.565,9,0.394,9,0.005,9,3.957,9,34.02,9,0.389,9,341.885,9,1054.61,9,,255,,255,,255,,255,,255,,255,,255,,255,,255,,1992-05-01
130355A,Dee River at Kenbula,1/05/1992 0:00,,255,0.555,59,0.507,59,0.707,59,0.057,59,0.006,59,0.457,59,4.892,59,0.475,59,39.485,59,151.66,59,,255,,255,,255,,255,,255,,255,,255,,255,,255,10 - Rainfall (millimetres),1992-05-01
130335A,Dee River at Wura,00:00:00 01/06/1992,,255,0.165,9,0.145,9,0.209,9,0.027,9,0.009,9,0.092,9,2.311,9,0.778,9,7.906,9,69.33,9,,255,,255,,255,,255,,255,,255,,255,,255,,255,,1992-06-01
130355A,Dee River at Kenbula,1/06/1992 0:00,,255,0.533,9,0.517,9,0.562,9,0.021,10,0.01,10,0.047,10,1.822,10,0.864,10,4.018,10,54.67,10,,255,,255,,255,,255,,255,,255,,255,,255,,255,100 - Stream Water Level (Metres),1992-06-01
130335A,Dee River at Wura,00:00:00 01/07/1992,,255,0.16,9,0.145,9,0.17,9,0.019,9,0.009,9,0.028,9,1.671,9,0.778,9,2.419,9,51.8,9,,255,,255,,255,,255,,255,,255,,255,,255,,255,,1992-07-01
130355A,Dee River at Kenbula,1/07/1992 0:00,,255,0.52,9,0.515,9,0.535,9,0.012,10,0.009,10,0.02,10,1.004,10,0.778,10,1.728,10,31.14,10,,255,,255,,255,,255,,255,,255,,255,,255,,255,140 - Stream Discharge (Cumecs),1992-07-01
130335A,Dee River at Wura,00:00:00 01/08/1992,,255,0.17,9,0.156,9,0.18,9,0.028,9,0.017,9,0.039,9,2.419,9,1.426,9,3.37,9,74.97,9,,255,,255,,255,,255,,255,,255,,255,,255,,255,,1992-08-01
130355A,Dee River at Kenbula,1/08/1992 0:00,,255,0.518,9,0.505,9,0.58,9,0.012,10,0.005,10,0.071,10,1.035,10,0.432,10,6.091,10,32.08,10,,255,,255,,255,,255,,255,,255,,255,,255,,255,141 - Stream Discharge (Megalitres/Day),1992-08-01
130335A,Dee River at Wura,00:00:00 01/09/1992,,255,0.175,9,0.166,9,0.187,9,0.034,9,0.025,9,0.049,9,2.901,9,2.117,9,4.19,9,87.03,9,,255,,255,,255,,255,,255,,255,,255,,255,,255,,1992-09-01
130355A,Dee River at Kenbula,1/09/1992 0:00,,255,0.525,9,0.502,9,0.592,9,0.017,10,0.005,10,0.091,10,1.459,10,0.389,10,7.862,10,43.77,10,3961.0,130,3597.0,130,4567.0,130,22.4,130,17.4,130,28.0,130,,200,,200,,200,151 - Stream Discharge Volume (Megalitres),1992-09-01
130335A,Dee River at Wura,00:00:00 01/10/1992,,255,0.174,9,0.164,9,0.178,9,0.032,9,0.023,9,0.037,9,2.802,9,1.987,9,3.154,9,86.86,9,,255,,255,,255,,255,,255,,255,,255,,255,,255,,1992-10-01
130355A,Dee River at Kenbula,1/10/1992 0:00,,255,0.486,9,0.469,9,0.523,9,0.002,10,0.0,10,0.013,10,0.151,10,0.0,10,1.123,10,4.69,10,5138.0,130,4295.0,130,5670.0,130,24.9,130,18.3,130,29.5,130,3.5,130,2.8,130,4.3,130,2010 - Electrical Conductivity  @ 25C (Microsiemens/cm),1992-10-01
130335A,Dee River at Wura,00:00:00 01/11/1992,,255,0.18,9,0.17,9,0.226,9,0.034,9,0.013,9,0.126,9,2.905,9,1.08,9,10.886,9,87.14,9,,255,,255,,255,,255,,255,,255,,255,,255,,255,,1992-11-01
130355A,Dee River at Kenbula,1/11/1992 0:00,,255,0.5,9,0.455,9,0.612,9,0.013,10,0.0,10,0.131,10,1.112,10,0.0,10,11.275,10,33.35,10,,200,,200,,200,27.8,130,21.5,130,34.9,130,3.4,130,2.5,130,4.7,130,2080 - Water Temperature (Degrees celcius),1992-11-01
130335A,Dee River at Wura,00:00:00 01/12/1992,,255,0.171,9,0.163,9,0.19,9,0.013,9,0.01,9,0.024,9,1.1,9,0.821,9,2.074,9,34.11,9,,255,,255,,255,,255,,255,,255,,255,,255,,255,,1992-12-01
130355A,Dee River at Kenbula,1/12/1992 0:00,,255,0.515,9,0.456,9,0.598,9,0.013,10,0.0,10,0.103,10,1.137,10,0.0,10,8.899,10,35.26,10,3868.0,130,2872.0,130,5918.0,130,28.5,130,24.5,130,34.0,130,3.1,130,2.4,130,4.0,130,2100 - pH (pH units),1992-12-01
130335A,Dee River at Wura,00:00:00 01/01/1993,,255,0.184,9,0.176,9,0.202,9,0.02,9,0.015,9,0.036,9,1.695,9,1.296,9,3.11,9,52.55,9,,255,,255,,255,,255,,255,,255,,255,,255,,255,,1993-01-01
130355A,Dee River at Kenbula,1/01/1993 0:00,45.0,10,0.513,9,0.461,9,0.549,9,0.012,10,0.0,10,0.033,10,0.996,10,0.0,10,2.808,10,30.88,10,3510.0,130,2752.0,130,4196.0,130,29.1,130,24.5,130,33.9,130,3.3,130,2.8,130,3.8,130,,1993-01-01
130335A,Dee River at Wura,00:00:00 01/02/1993,,255,0.168,9,0.151,9,0.181,9,0.012,9,0.006,9,0.018,9,1.031,9,0.518,9,1.512,9,28.88,9,,255,,255,,255,,255,,255,,255,,255,,255,,255,,1993-02-01
130355A,Dee River at Kenbula,1/02/1993 0:00,48.0,10,0.44,9,0.361,9,0.544,9,0.001,10,0.0,10,0.028,10,0.116,10,0.0,10,2.376,10,3.25,10,4370.0,130,3547.0,130,4754.0,130,29.1,130,25.3,130,34.4,130,3.2,130,2.6,130,3.9,130,Qualities:,1993-02-01
130335A,Dee River at Wura,00:00:00 01/03/1993,,255,0.04,9,-0.07,9,0.181,9,0.001,9,0.0,9,0.018,9,0.108,9,0.0,9,1.512,9,3.34,9,,255,,255,,255,,255,,255,,255,,255,,255,,255,,1993-03-01
130355A,Dee River at Kenbula,1/03/1993 0:00,1.0,10,0.433,9,0.305,9,0.54,9,0.002,10,0.0,10,0.024,10,0.185,10,0.0,10,2.074,10,5.73,10,5255.0,130,4188.0,130,5888.0,130,27.7,130,20.1,130,33.5,130,,200,,200,,200,1 - Good (actual),1993-03-01
130335A,Dee River at Wura,00:00:00 01/04/1993,,255,,180,,180,,180,0.0,19,0.0,19,0.0,19,0.0,19,0.0,19,0.0,19,0.0,19,,255,,255,,255,,255,,255,,255,,255,,255,,255,,1993-04-01
130355A,Dee River at Kenbula,1/04/1993 0:00,0.0,10,0.192,9,0.082,9,0.305,9,0.0,10,0.0,10,0.0,10,0.0,10,0.0,10,0.0,10,0.0,10,6578.0,130,5865.0,130,7070.0,130,23.8,130,17.5,130,31.2,130,,200,,200,,200,9 - CITEC - Normal Reading,1993-04-01
130335A,Dee River at Wura,00:00:00 01/05/1993,,255,,180,,180,,180,0.0,19,0.0,19,0.0,19,0.0,19,0.0,19,0.0,19,0.0,19,,255,,255,,255,,255,,255,,255,,255,,255,,255,,1993-05-01
130355A,Dee River at Kenbula,1/05/1993 0:00,13.0,10,,180,,180,,180,0.0,19,0.0,19,0.0,19,0.0,19,0.0,19,0.0,19,0.0,19,7395.0,130,6864.0,130,7796.0,130,21.2,130,16.3,130,25.6,130,3.5,130,3.2,130,3.9,130,10 - Good,1993-05-01
130335A,Dee River at Wura,00:00:00 01/06/1993,,255,,180,,180,,180,0.0,19,0.0,19,0.0,19,0.0,19,0.0,19,0.0,19,0.0,19,,255,,255,,255,,255,,255,,255,,255,,255,,255,,1993-06-01
130355A,Dee River at Kenbula,1/06/1993 0:00,3.0,10,0.044,59,0.011,59,0.077,59,0.0,59,0.0,59,0.0,59,0.0,59,0.0,59,0.0,59,0.0,59,8333.0,130,7560.0,130,9265.0,130,16.5,130,10.7,130,22.8,130,3.8,130,3.1,130,4.6,130,15 - Water level below threshold (no flow),1993-06-01
130335A,Dee River at Wura,00:00:00 01/07/1993,,255,,180,,180,,180,0.772,19,0.0,19,50.336,19,66.666,19,0.0,19,4349.03,19,2066.64,19,,255,,255,,255,,255,,255,,255,,255,,255,,255,,1993-07-01
130355A,Dee River at Kenbula,1/07/1993 0:00,102.0,10,0.354,9,0.009,9,0.709,9,0.012,10,0.0,10,0.467,10,1.048,10,0.0,10,40.349,10,32.47,10,8957.0,130,8298.0,130,9387.0,130,20.4,130,15.6,130,24.6,130,3.8,130,3.3,130,4.5,130,19 - CITEC - No Flow Reading,1993-07-01
130335A,Dee River at Wura,00:00:00 01/08/1993,,255,0.172,9,0.157,9,0.198,9,0.041,9,0.026,9,0.084,9,3.569,9,2.203,9,7.214,9,110.64,9,,255,,255,,255,,255,,255,,255,,255,,255,,255,,1993-08-01
130355A,Dee River at Kenbula,1/08/1993 0:00,28.0,10,0.485,9,0.477,9,0.54,9,0.001,10,0.0,10,0.024,10,0.125,10,0.0,10,2.074,10,3.88,10,7604.0,130,6911.0,130,8454.0,130,20.4,130,17.2,130,23.8,130,3.6,130,3.2,130,4.2,130,20 - Fair,1993-08-01
130335A,Dee River at Wura,00:00:00 01/09/1993,,255,0.2,9,0.188,9,0.214,9,0.089,9,0.064,9,0.125,9,7.672,9,5.53,9,10.757,9,230.16,9,,255,,255,,255,,255,,255,,255,,255,,255,,255,,1993-09-01
130355A,Dee River at Kenbula,1/09/1993 0:00,30.0,10,0.489,9,0.473,9,0.529,9,0.002,10,0.0,10,0.016,10,0.153,10,0.0,10,1.382,10,4.6,10,6828.0,130,6534.0,130,7178.0,130,23.0,130,18.5,130,26.6,130,3.4,130,3.1,130,3.7,130,30 - Poor,1993-09-01
130335A,Dee River at Wura,00:00:00 01/10/1993,,255,0.22,9,0.203,9,0.244,9,0.148,9,0.095,9,0.245,9,12.757,9,8.208,9,21.125,9,395.46,9,,255,,255,,255,,255,,255,,255,,255,,255,,255,,1993-10-01
130355A,Dee River at Kenbula,1/10/1993 0:00,66.0,10,0.468,9,0.412,9,0.657,9,0.002,10,0.0,10,0.255,10,0.193,10,0.0,10,22.032,10,5.98,10,7897.0,130,7177.0,130,8262.0,130,24.6,130,19.3,130,28.8,130,2.8,130,2.6,130,3.5,130,40 - Unverified data,1993-10-01
130335A,Dee River at Wura,00:00:00 01/11/1993,,255,0.281,9,0.21,9,1.559,9,0.92,9,0.064,9,40.421,9,79.488,9,5.486,9,3492.374,9,2384.63,9,,255,,255,,255,,255,,255,,255,,255,,255,,255,,1993-11-01
130355A,Dee River at Kenbula,1/11/1993 0:00,,200,0.54,9,0.479,9,1.061,9,0.097,20,0.0,20,5.531,20,8.401,20,0.0,20,477.878,20,252.04,20,5562.0,130,0.0,130,7929.0,130,30.0,130,25.9,130,33.9,130,2.8,130,1.8,130,3.3,130,59 - CITEC - Derived Height,1993-11-01
130335A,Dee River at Wura,00:00:00 01/12/1993,,255,0.24,9,0.222,9,0.264,9,0.033,9,0.009,9,0.064,9,2.891,9,0.778,9,5.486,9,89.62,9,,255,,255,,255,,255,,255,,255,,255,,255,,255,,1993-12-01
130355A,Dee River at Kenbula,1/12/1993 0:00,,200,0.528,9,0.488,9,0.684,9,0.025,10,0.002,10,0.354,10,2.149,10,0.13,10,30.586,10,66.61,10,6024.0,130,0.0,130,7874.0,130,31.5,130,26.4,130,34.1,130,,200,,200,,200,60 - Estimate,1993-12-01
130335A,Dee River at Wura,00:00:00 01/01/1994,,255,0.263,9,0.251,9,0.296,9,0.052,9,0.028,9,0.194,9,4.473,9,2.376,9,16.718,9,138.65,9,,255,,255,,255,,255,,255,,255,,255,,255,,255,,1994-01-01
130355A,Dee River at Kenbula,1/01/1994 0:00,,200,0.478,9,0.438,9,0.506,9,0.001,10,0.0,10,0.006,10,0.107,10,0.0,10,0.475,10,3.33,10,6211.0,130,5701.0,130,6662.0,130,30.9,130,26.1,130,35.4,130,2.6,130,2.5,130,2.7,130,83 - Non standard rainfall,1994-01-01
130335A,Dee River at Wura,00:00:00 01/02/1994,,255,0.255,9,0.247,9,0.29,9,0.035,9,0.023,9,0.153,9,3.062,9,1.944,9,13.219,9,85.73,9,,255,,255,,255,,255,,255,,255,,255,,255,,255,,1994-02-01
130355A,Dee River at Kenbula,1/02/1994 0:00,,200,0.482,9,0.427,9,0.582,9,0.004,10,0.0,10,0.074,10,0.374,10,0.0,10,6.394,10,10.47,10,6927.0,130,6389.0,130,7472.0,130,29.3,130,25.6,130,32.5,130,2.8,130,2.6,130,2.9,130,130 - Not coded value,1994-02-01
130335A,Dee River at Wura,00:00:00 01/03/1994,,255,0.324,9,0.247,9,1.468,9,0.425,9,0.001,9,36.543,9,36.734,9,0.086,9,3157.315,9,1138.76,9,,255,,255,,255,,255,,255,,255,,255,,255,,255,,1994-03-01
130355A,Dee River at Kenbula,1/03/1994 0:00,,200,0.537,9,0.498,9,0.922,9,0.057,20,0.003,20,2.305,20,4.928,20,0.259,20,199.152,20,152.76,20,5679.0,130,4551.0,130,7035.0,130,27.8,130,22.4,130,32.1,130,2.9,130,2.7,130,3.0,130,150 - Unknown,1994-03-01
130335A,Dee River at Wura,00:00:00 01/04/1994,,255,0.272,9,0.26,9,0.291,9,0.004,9,0.002,9,0.009,9,0.321,9,0.166,9,0.778,9,9.64,9,,255,,255,,255,,255,,255,,255,,255,,255,,255,,1994-04-01
130355A,Dee River at Kenbula,1/04/1994 0:00,18.0,10,0.489,9,0.484,9,0.498,9,0.001,10,0.0,10,0.003,10,0.105,10,0.0,10,0.259,10,3.14,10,5617.0,130,4879.0,130,6113.0,130,23.4,130,17.5,130,26.1,130,2.6,130,2.5,130,2.7,130,151 - Data not yet available,1994-04-01
130335A,Dee River at Wura,00:00:00 01/05/1994,,255,0.285,9,0.277,9,0.295,9,0.007,9,0.005,9,0.011,9,0.602,9,0.389,9,0.95,9,18.65,9,,255,,255,,255,,255,,255,,255,,255,,255,,255,,1994-05-01
130355A,Dee River at Kenbula,1/05/1994 0:00,7.0,10,0.485,9,0.485,9,0.485,9,0.001,10,0.001,10,0.001,10,0.086,10,0.086,10,0.086,10,2.68,10,6960.0,130,6049.0,130,8307.0,130,20.3,130,17.1,130,23.0,130,2.4,130,2.3,130,2.6,130,160 - Suspect,1994-05-01
130335A,Dee River at Wura,00:00:00 01/06/1994,,255,0.292,9,0.281,9,0.302,9,0.01,9,0.006,9,0.016,9,0.881,9,0.475,9,1.339,9,26.42,9,,255,,255,,255,,255,,255,,255,,255,,255,,255,,1994-06-01
130355A,Dee River at Kenbula,1/06/1994 0:00,16.0,10,0.483,9,0.481,9,0.485,9,0.001,10,0.0,10,0.001,10,0.049,10,0.0,10,0.086,10,1.47,10,7639.0,130,7361.0,130,7970.0,130,17.1,130,13.7,130,22.3,130,2.4,130,2.4,130,2.5,130,180 - old - Gauge Height < Instrument Threshold,1994-06-01
130335A,Dee River at Wura,00:00:00 01/07/1994,,255,0.286,9,0.272,9,0.303,9,0.008,9,0.004,9,0.016,9,0.657,9,0.302,9,1.382,9,20.37,9,,255,,255,,255,,255,,255,,255,,255,,255,,255,,1994-07-01
130355A,Dee River at Kenbula,1/07/1994 0:00,8.0,10,0.482,9,0.475,9,0.485,9,0.0,10,0.0,10,0.001,10,0.017,10,0.0,10,0.086,10,0.53,10,7840.0,130,7550.0,130,8286.0,130,16.2,130,12.4,130,20.1,130,2.6,130,2.5,130,2.7,130,200 - Water level below threshold,1994-07-01
130335A,Dee River at Wura,00:00:00 01/08/1994,,255,0.287,9,0.28,9,0.297,9,0.008,9,0.006,9,0.012,9,0.663,9,0.475,9,1.037,9,20.56,9,,255,,255,,255,,255,,255,,255,,255,,255,,255,,1994-08-01
130355A,Dee River at Kenbula,1/08/1994 0:00,3.0,10,0.471,9,0.464,9,0.477,9,0.0,10,0.0,10,0.0,10,0.0,10,0.0,10,0.0,10,0.0,10,8595.0,130,8222.0,130,8958.0,130,16.9,130,11.1,130,20.6,130,2.7,130,2.3,130,2.8,130,250 - Missing data,1994-08-01
130335A,Dee River at Wura,00:00:00 01/09/1994,,255,0.268,9,0.24,9,0.285,9,0.003,9,0.0,9,0.007,9,0.29,9,0.0,9,0.605,9,8.69,9,,255,,255,,255,,255,,255,,255,,255,,255,,255,,1994-09-01
130355A,Dee River at Kenbula,1/09/1994 0:00,1.0,10,0.391,59,0.307,59,0.467,59,0.0,59,0.0,59,0.0,59,0.0,59,0.0,59,0.0,59,0.0,59,9678.0,130,8958.0,130,10544.0,130,21.2,130,16.9,130,23.9,130,2.7,130,2.7,130,2.8,130,255 - No data exists,1994-09-01
130335A,Dee River at Wura,00:00:00 01/10/1994,,255,0.166,9,0.045,9,0.255,9,0.0,9,0.0,9,0.002,9,0.003,9,0.0,9,0.13,9,0.1,9,,255,,255,,255,,255,,255,,255,,255,,255,,255,,1994-10-01
130355A,Dee River at Kenbula,1/10/1994 0:00,22.0,10,0.191,59,0.085,59,0.307,59,0.0,59,0.0,59,0.0,59,0.0,59,0.0,59,0.0,59,0.0,59,,200,,200,,200,23.6,130,17.5,130,29.0,130,2.2,130,1.8,130,2.7,130,,1994-10-01
130335A,Dee River at Wura,00:00:00 01/11/1994,,255,,180,,180,,180,0.0,19,0.0,19,0.0,19,0.0,19,0.0,19,0.0,19,0.0,19,,255,,255,,255,,255,,255,,255,,255,,255,,255,,1994-11-01
130355A,Dee River at Kenbula,1/11/1994 0:00,2.0,10,,180,,180,,180,0.0,19,0.0,19,0.0,19,0.0,19,0.0,19,0.0,19,0.0,19,,200,,200,,200,24.1,130,17.5,130,29.7,130,2.3,130,1.8,130,2.7,130,,1994-11-01
130335A,Dee River at Wura,00:00:00 01/12/1994,,255,,180,,180,,180,0.015,19,0.0,19,2.014,19,1.283,19,0.0,19,173.966,19,39.76,19,,255,,255,,255,,255,,255,,255,,255,,255,,255,,1994-12-01
130355A,Dee River at Kenbula,1/12/1994 0:00,98.0,10,,180,,180,,180,0.023,20,0.0,20,2.376,20,1.963,20,0.0,20,205.243,20,60.86,20,,200,,200,,200,22.8,130,19.2,130,31.2,130,,200,,200,,200,,1994-12-01
130335A,Dee River at Wura,00:00:00 01/01/1995,,255,0.184,9,0.059,9,1.57,9,0.273,9,0.0,9,41.72,9,23.625,9,0.0,9,3604.565,9,732.37,9,,255,,255,,255,,255,,255,,255,,255,,255,,255,,1995-01-01
130355A,Dee River at Kenbula,1/01/1995 0:00,126.0,10,0.517,9,0.459,9,1.343,9,0.097,20,0.0,20,21.567,20,8.341,20,0.0,20,1863.389,20,258.57,20,6402.0,130,3749.0,130,8277.0,130,31.6,130,25.2,130,36.4,130,,200,,200,,200,,1995-01-01
130335A,Dee River at Wura,00:00:00 01/02/1995,,255,,180,,180,,180,0.0,19,0.0,19,0.0,19,0.0,19,0.0,19,0.0,19,0.0,19,,255,,255,,255,,255,,255,,255,,255,,255,,255,,1995-02-01
130355A,Dee River at Kenbula,1/02/1995 0:00,46.0,10,0.473,9,0.427,9,0.54,9,0.002,10,0.0,10,0.024,10,0.209,10,0.0,10,2.074,10,5.85,10,5253.0,130,4046.0,130,6517.0,130,28.8,130,23.8,130,35.1,130,2.9,130,2.9,130,3.0,130,,1995-02-01
130335A,Dee River at Wura,00:00:00 01/03/1995,,255,,180,,180,,180,0.0,19,0.0,19,0.0,19,0.0,19,0.0,19,0.0,19,0.0,19,,255,,255,,255,,255,,255,,255,,255,,255,,255,,1995-03-01
130355A,Dee River at Kenbula,1/03/1995 0:00,14.0,10,0.352,9,0.223,9,0.467,9,0.0,10,0.0,10,0.0,10,0.0,10,0.0,10,0.0,10,0.0,10,7591.0,130,6517.0,130,8544.0,130,28.5,130,25.0,130,33.2,130,2.9,130,2.8,130,3.0,130,,1995-03-01
130335A,Dee River at Wura,00:00:00 01/04/1995,,255,,180,,180,,180,0.0,19,0.0,19,0.0,19,0.0,19,0.0,19,0.0,19,0.0,19,,255,,255,,255,,255,,255,,255,,255,,255,,255,,1995-04-01
130355A,Dee River at Kenbula,1/04/1995 0:00,28.0,10,0.457,9,0.375,9,0.63,9,0.003,10,0.0,10,0.174,10,0.222,10,0.0,10,15.034,10,6.66,10,7885.0,130,7339.0,130,8386.0,130,24.6,130,20.8,130,28.9,130,2.9,130,2.8,130,3.0,130,,1995-04-01
130335A,Dee River at Wura,00:00:00 01/05/1995,,255,,180,,180,,180,0.0,19,0.0,19,0.0,19,0.0,19,0.0,19,0.0,19,0.0,19,,255,,255,,255,,255,,255,,255,,255,,255,,255,,1995-05-01
130355A,Dee River at Kenbula,1/05/1995 0:00,57.0,10,0.454,9,0.408,9,0.57,9,0.001,10,0.0,10,0.057,10,0.104,10,0.0,10,4.882,10,3.23,10,8765.0,130,8386.0,130,9059.0,130,21.8,130,16.4,130,24.6,130,2.9,130,2.8,130,3.0,130,,1995-05-01
130335A,Dee River at Wura,00:00:00 01/06/1995,,255,,180,,180,,180,0.0,19,0.0,19,0.0,19,0.0,19,0.0,19,0.0,19,0.0,19,,255,,255,,255,,255,,255,,255,,255,,255,,255,,1995-06-01
130355A,Dee River at Kenbula,1/06/1995 0:00,6.0,10,0.49,9,0.484,9,0.493,9,0.002,10,0.0,10,0.002,10,0.139,10,0.0,10,0.173,10,4.17,10,8204.0,130,7850.0,130,8536.0,130,18.5,130,11.1,130,23.5,130,3.1,130,2.7,130,3.3,130,,1995-06-01
130335A,Dee River at Wura,00:00:00 01/07/1995,4.0,10,,180,,180,,180,0.0,19,0.0,19,0.0,19,0.0,19,0.0,19,0.0,19,0.0,19,0.0,130,0.0,130,0.0,130,9.3,130,-1.0,130,19.0,130,,200,,200,,200,,1995-07-01
130355A,Dee River at Kenbula,1/07/1995 0:00,6.0,10,0.481,9,0.47,9,0.499,9,0.0,10,0.0,10,0.004,10,0.034,10,0.0,10,0.302,10,1.05,10,8864.0,130,8508.0,130,9218.0,130,15.1,130,10.8,130,19.3,130,2.9,130,2.8,130,3.1,130,,1995-07-01
130335A,Dee River at Wura,00:00:00 01/08/1995,72.0,10,,180,,180,,180,0.0,19,0.0,19,0.0,19,0.0,19,0.0,19,0.0,19,0.0,19,0.0,130,0.0,130,0.0,130,13.1,130,-1.0,130,25.3,130,,200,,200,,200,,1995-08-01
130355A,Dee River at Kenbula,1/08/1995 0:00,64.0,10,0.494,9,0.473,9,0.616,9,0.005,10,0.0,10,0.14,10,0.406,10,0.0,10,12.053,10,12.59,10,8843.0,130,8258.0,130,9312.0,130,17.9,130,9.4,130,23.9,130,3.1,130,2.8,130,3.2,130,,1995-08-01
130335A,Dee River at Wura,00:00:00 01/09/1995,20.0,10,,180,,180,,180,0.0,19,0.0,19,0.0,19,0.0,19,0.0,19,0.0,19,0.0,19,0.0,130,0.0,130,0.0,130,17.5,130,1.5,130,31.4,130,,200,,200,,200,,1995-09-01
130355A,Dee River at Kenbula,1/09/1995 0:00,22.0,10,0.482,9,0.455,9,0.525,9,0.001,10,0.0,10,0.014,10,0.084,10,0.0,10,1.21,10,2.52,10,8303.0,130,7766.0,130,9021.0,130,21.8,130,13.5,130,26.1,130,2.9,130,2.7,130,3.1,130,,1995-09-01
130335A,Dee River at Wura,00:00:00 01/10/1995,55.0,10,,180,,180,,180,0.0,19,0.0,19,0.0,19,0.0,19,0.0,19,0.0,19,0.0,19,0.0,130,0.0,130,0.0,130,16.4,130,0.0,130,40.7,130,,200,,200,,200,,1995-10-01
130355A,Dee River at Kenbula,1/10/1995 0:00,56.0,10,0.429,59,0.378,59,0.55,59,0.001,59,0.0,59,0.034,59,0.044,59,0.0,59,2.894,59,1.35,59,9637.0,130,8997.0,130,10066.0,130,23.8,130,18.7,130,30.3,130,2.7,130,2.5,130,2.8,130,,1995-10-01
130335A,Dee River at Wura,00:00:00 01/11/1995,103.0,10,,180,,180,,180,0.0,19,0.0,19,0.53,19,0.024,19,0.0,19,45.792,19,0.71,19,1.0,130,0.0,130,100.0,130,27.0,130,14.5,130,44.2,130,,200,,200,,200,,1995-11-01
130355A,Dee River at Kenbula,1/11/1995 0:00,72.0,10,0.473,59,0.415,59,0.758,59,0.007,59,0.0,59,0.756,59,0.565,59,0.0,59,65.318,59,16.96,59,9532.0,130,9048.0,130,9983.0,130,27.8,130,22.7,130,31.0,130,2.8,130,2.4,130,3.3,130,,1995-11-01
130335A,Dee River at Wura,00:00:00 01/12/1995,97.0,10,,180,,180,,180,0.0,19,0.0,19,0.0,19,0.0,19,0.0,19,0.0,19,0.0,19,0.0,130,0.0,130,0.0,130,20.0,130,10.2,130,42.4,130,,200,,200,,200,,1995-12-01
130355A,Dee River at Kenbula,1/12/1995 0:00,124.0,10,0.513,9,0.452,9,0.822,9,0.03,10,0.0,10,1.19,10,2.609,10,0.0,10,102.816,10,80.89,10,7603.0,130,6214.0,130,9278.0,130,29.4,130,25.9,130,33.4,130,2.9,130,1.6,130,3.1,130,,1995-12-01
130335A,Dee River at Wura,00:00:00 01/01/1996,284.0,10,,180,,180,,180,18.792,19,0.0,19,1525.172,19,1623.641,19,0.0,19,131774.905,19,50332.86,19,625.0,130,-1.0,130,1225.0,130,25.8,130,19.0,130,39.1,130,,200,,200,,200,,1996-01-01
130355A,Dee River at Kenbula,1/01/1996 0:00,278.0,10,0.663,9,0.493,9,3.031,9,2.605,30,0.002,30,361.979,30,225.099,30,0.173,30,31274.986,30,6978.06,30,,200,,200,,200,,200,,200,,200,,200,,200,,200,,1996-01-01
130335A,Dee River at Wura,00:00:00 01/02/1996,1.0,10,0.256,9,0.234,9,0.321,9,0.036,9,0.014,9,0.175,9,3.141,9,1.166,9,15.077,9,91.09,9,1080.0,130,879.0,130,1158.0,130,29.1,130,24.6,130,33.3,130,,200,,200,,200,,1996-02-01
130355A,Dee River at Kenbula,1/02/1996 0:00,11.0,10,0.494,9,0.47,9,0.563,9,0.005,10,0.0,10,0.048,10,0.422,10,0.0,10,4.104,10,12.25,10,5098.0,130,2469.0,130,6887.0,130,29.8,130,24.0,130,36.1,130,,200,,200,,200,,1996-02-01
130335A,Dee River at Wura,00:00:00 01/03/1996,0.0,10,0.251,9,0.243,9,0.261,9,0.025,9,0.019,9,0.035,9,2.187,9,1.642,9,3.024,9,67.79,9,1065.0,130,1028.0,130,1114.0,130,28.0,130,25.3,130,31.4,130,,200,,200,,200,,1996-03-01
130355A,Dee River at Kenbula,1/03/1996 0:00,0.0,10,0.441,9,0.38,9,0.486,9,0.0,10,0.0,10,0.001,10,0.004,10,0.0,10,0.086,10,0.11,10,7167.0,130,6616.0,130,7723.0,130,27.5,130,23.3,130,32.4,130,2.8,130,2.7,130,2.9,130,,1996-03-01
130335A,Dee River at Wura,00:00:00 01/04/1996,64.0,10,0.256,9,0.239,9,0.463,9,0.054,9,0.017,9,1.417,9,4.673,9,1.426,9,122.429,9,140.18,9,944.0,130,838.0,130,1036.0,130,25.8,130,21.9,130,29.9,130,,200,,200,,200,,1996-04-01
130355A,Dee River at Kenbula,1/04/1996 0:00,93.0,10,0.367,9,0.289,9,0.603,9,0.003,10,0.0,10,0.112,10,0.246,10,0.0,10,9.677,10,7.37,10,8266.0,130,7124.0,130,10175.0,130,25.6,130,19.4,130,32.0,130,2.5,130,2.3,130,2.7,130,,1996-04-01
130335A,Dee River at Wura,00:00:00 01/05/1996,33.0,10,0.405,9,0.266,9,2.264,9,2.988,9,0.066,9,85.068,9,258.156,9,5.659,9,7349.832,9,8002.85,9,671.0,130,314.0,130,1524.0,130,22.6,130,19.1,130,26.5,130,,200,,200,,200,,1996-05-01
130355A,Dee River at Kenbula,1/05/1996 0:00,33.0,10,0.571,9,0.495,9,1.216,9,0.382,20,0.003,20,12.394,20,32.997,20,0.216,20,1070.798,20,1022.9,20,2619.0,130,1127.0,130,8087.0,130,21.9,130,16.9,130,27.5,130,3.2,130,2.4,130,5.8,130,,1996-05-01
130335A,Dee River at Wura,00:00:00 01/06/1996,20.0,10,0.257,9,0.248,9,0.272,9,0.049,9,0.036,9,0.079,9,4.277,9,3.067,9,6.782,9,128.3,9,775.0,130,725.0,130,803.0,130,20.3,130,15.9,130,23.1,130,,200,,200,,200,,1996-06-01
130355A,Dee River at Kenbula,1/06/1996 0:00,23.0,10,0.505,9,0.492,9,0.546,9,0.006,10,0.002,10,0.03,10,0.552,10,0.173,10,2.549,10,16.55,10,3728.0,130,2916.0,130,4267.0,130,19.6,130,13.6,130,24.4,130,3.0,130,2.7,130,3.2,130,,1996-06-01
130335A,Dee River at Wura,00:00:00 01/07/1996,11.0,10,0.248,9,0.24,9,0.254,9,0.036,9,0.027,9,0.044,9,3.082,9,2.29,9,3.802,9,95.54,9,793.0,130,774.0,130,803.0,130,17.8,130,14.4,130,20.7,130,,200,,200,,200,,1996-07-01
130355A,Dee River at Kenbula,1/07/1996 0:00,18.0,10,0.494,9,0.484,9,0.546,9,0.003,10,0.0,10,0.03,10,0.259,10,0.0,10,2.549,10,8.04,10,4680.0,130,4228.0,130,5225.0,130,16.1,130,10.6,130,20.3,130,2.7,130,2.7,130,2.9,130,,1996-07-01
130335A,Dee River at Wura,00:00:00 01/08/1996,23.0,10,0.245,9,0.241,9,0.254,9,0.032,9,0.028,9,0.044,9,2.725,9,2.376,9,3.802,9,84.47,9,750.0,130,714.0,130,783.0,130,20.0,130,15.0,130,23.5,130,,200,,200,,200,,1996-08-01
130355A,Dee River at Kenbula,1/08/1996 0:00,24.0,10,0.497,9,0.486,9,0.523,9,0.003,10,0.001,10,0.013,10,0.294,10,0.086,10,1.123,10,9.12,10,5643.0,130,5198.0,130,6984.0,130,19.4,130,12.1,130,25.4,130,2.8,130,2.7,130,2.9,130,,1996-08-01
130335A,Dee River at Wura,00:00:00 01/09/1996,60.0,10,0.251,9,0.244,9,0.299,9,0.04,9,0.031,9,0.2,9,3.482,9,2.678,9,17.28,9,104.46,9,704.0,130,660.0,130,723.0,130,22.5,130,18.1,130,26.9,130,,200,,200,,200,,1996-09-01
130355A,Dee River at Kenbula,1/09/1996 0:00,54.0,10,0.47,9,0.426,9,0.558,9,0.001,10,0.0,10,0.042,10,0.054,10,0.0,10,3.629,10,1.63,10,6897.0,130,6081.0,130,8289.0,130,21.7,130,14.9,130,29.0,130,2.7,130,2.6,130,2.9,130,,1996-09-01
130335A,Dee River at Wura,00:00:00 01/10/1996,48.0,10,0.276,9,0.239,9,0.87,9,0.323,9,0.026,9,12.675,9,27.914,9,2.203,9,1095.12,9,865.33,9,845.0,130,298.0,130,1216.0,130,25.3,130,21.2,130,29.3,130,,200,,200,,200,,1996-10-01
130355A,Dee River at Kenbula,1/10/1996 0:00,57.0,10,0.511,9,0.468,9,0.968,9,0.036,20,0.0,20,3.095,20,3.127,20,0.0,20,267.408,20,96.93,20,5458.0,130,4333.0,130,7299.0,130,25.7,130,20.8,130,31.4,130,2.8,130,1.3,130,2.9,130,,1996-10-01
130335A,Dee River at Wura,00:00:00 01/11/1996,62.0,10,0.26,9,0.253,9,0.305,9,0.056,9,0.043,9,0.246,9,4.803,9,3.672,9,21.211,9,144.1,9,876.0,130,841.0,130,892.0,130,27.7,130,23.3,130,33.2,130,,200,,200,,200,,1996-11-01
130355A,Dee River at Kenbula,1/11/1996 0:00,95.0,10,0.491,9,0.448,9,0.727,9,0.014,10,0.0,10,0.562,10,1.229,10,0.0,10,48.557,10,36.87,10,5377.0,130,4009.0,130,7382.0,130,27.2,130,22.0,130,33.5,130,2.6,130,2.5,130,2.8,130,,1996-11-01
130335A,Dee River at Wura,00:00:00 01/12/1996,176.0,10,0.363,9,0.255,9,1.58,9,1.135,9,0.046,9,42.245,9,98.074,9,3.931,9,3649.925,9,3040.3,9,707.0,130,174.0,130,891.0,130,28.2,130,24.2,130,34.4,130,,200,,200,,200,,1996-12-01
130355A,Dee River at Kenbula,1/12/1996 0:00,113.0,10,0.497,9,0.43,9,0.845,9,0.015,10,0.0,10,1.399,10,1.259,10,0.0,10,120.83,10,39.03,10,7996.0,130,6247.0,130,9241.0,130,29.5,130,23.9,130,35.2,130,2.3,130,1.7,130,2.6,130,,1996-12-01
130335A,Dee River at Wura,00:00:00 01/01/1997,4.0,10,0.319,9,0.309,9,0.33,9,0.399,9,0.281,9,0.543,9,34.435,9,24.235,9,46.915,9,1067.48,9,755.0,130,746.0,130,767.0,130,27.6,130,24.7,130,31.3,130,,200,,200,,200,,1997-01-01
130355A,Dee River at Kenbula,1/01/1997 0:00,17.0,10,0.428,9,0.319,9,0.555,9,0.001,10,0.0,10,0.039,10,0.124,10,0.0,10,3.37,10,3.85,10,7299.0,130,5869.0,130,8803.0,130,28.0,130,22.7,130,34.6,130,2.6,130,2.6,130,2.7,130,,1997-01-01
130335A,Dee River at Wura,00:00:00 01/02/1997,65.0,10,0.331,9,0.326,9,0.362,9,0.553,9,0.481,9,0.833,9,47.749,9,41.558,9,71.971,9,1336.96,9,730.0,130,685.0,130,748.0,130,28.5,130,25.2,130,32.0,130,,200,,200,,200,,1997-02-01
130355A,Dee River at Kenbula,1/02/1997 0:00,70.0,10,0.299,9,0.2,9,0.597,9,0.002,10,0.0,10,0.101,10,0.178,10,0.0,10,8.726,10,4.98,10,9776.0,130,8740.0,130,10925.0,130,29.2,130,23.4,130,39.5,130,2.7,130,2.5,130,2.9,130,,1997-02-01
130335A,Dee River at Wura,00:00:00 01/03/1997,216.0,10,0.496,9,0.334,9,1.86,9,3.826,9,0.612,9,56.921,9,330.605,9,52.834,9,4917.974,9,10248.77,9,682.0,130,355.0,130,980.0,130,26.6,130,23.2,130,30.9,130,,200,,200,,200,,1997-03-01
130355A,Dee River at Kenbula,1/03/1997 0:00,174.0,10,0.555,9,0.456,9,1.046,9,0.171,20,0.0,20,5.067,20,14.74,20,0.0,20,437.789,20,456.95,20,8058.0,130,6655.0,130,9633.0,130,27.1,130,21.9,130,33.7,130,3.1,130,2.8,130,3.5,130,,1997-03-01
130335A,Dee River at Wura,00:00:00 01/04/1997,0.0,10,0.422,9,0.376,9,0.592,9,0.32,9,0.038,9,1.953,9,27.613,9,3.283,9,168.696,9,828.4,9,732.0,130,570.0,130,765.0,130,24.4,130,21.8,130,27.9,130,,200,,200,,200,,1997-04-01
130355A,Dee River at Kenbula,1/04/1997 0:00,6.0,10,0.525,9,0.491,9,0.606,9,0.022,10,0.002,10,0.118,10,1.895,10,0.13,10,10.195,10,56.86,10,4306.0,130,2936.0,130,6824.0,130,24.5,130,21.0,130,29.8,130,3.2,130,3.0,130,3.4,130,,1997-04-01
130335A,Dee River at Wura,00:00:00 01/05/1997,50.0,10,0.382,9,0.372,9,0.421,9,0.049,9,0.033,9,0.176,9,4.197,9,2.808,9,15.206,9,130.1,9,729.0,130,702.0,130,743.0,130,21.8,130,18.9,130,24.7,130,,200,,200,,200,,1997-05-01
130355A,Dee River at Kenbula,1/05/1997 0:00,46.0,10,0.517,9,0.481,9,0.651,9,0.016,10,0.0,10,0.236,10,1.395,10,0.0,10,20.39,10,43.23,10,4082.0,130,3280.0,130,4710.0,130,20.6,130,14.8,130,24.5,130,2.9,130,2.8,130,3.0,130,,1997-05-01
130335A,Dee River at Wura,00:00:00 01/06/1997,4.0,10,0.383,9,0.379,9,0.386,9,0.049,9,0.043,9,0.055,9,4.204,9,3.672,9,4.752,9,126.13,9,709.0,130,700.0,130,722.0,130,19.1,130,15.0,130,21.9,130,,200,,200,,200,,1997-06-01
130355A,Dee River at Kenbula,1/06/1997 0:00,7.0,10,0.498,9,0.487,9,0.511,9,0.003,10,0.001,10,0.007,10,0.28,10,0.086,10,0.605,10,8.39,10,4268.0,130,3769.0,130,4953.0,130,17.3,130,11.7,130,21.3,130,2.9,130,2.9,130,3.1,130,,1997-06-01
130335A,Dee River at Wura,00:00:00 01/07/1997,8.0,10,0.378,9,0.371,9,0.385,9,0.042,9,0.032,9,0.053,9,3.589,9,2.722,9,4.579,9,111.27,9,683.0,130,669.0,130,703.0,130,18.2,130,15.8,130,20.5,130,,200,,200,,200,,1997-07-01
130355A,Dee River at Kenbula,1/07/1997 0:00,2.0,10,0.483,9,0.465,9,0.494,9,0.001,10,0.0,10,0.002,10,0.069,10,0.0,10,0.173,10,2.15,10,5402.0,130,4900.0,130,5941.0,130,16.4,130,12.3,130,20.8,130,2.9,130,2.8,130,3.0,130,,1997-07-01
130335A,Dee River at Wura,00:00:00 01/08/1997,12.0,10,0.373,9,0.365,9,0.392,9,0.034,9,0.025,9,0.068,9,2.977,9,2.117,9,5.875,9,92.3,9,661.0,130,649.0,130,673.0,130,19.0,130,15.9,130,21.4,130,,200,,200,,200,,1997-08-01
130355A,Dee River at Kenbula,1/08/1997 0:00,4.0,10,0.479,9,0.452,9,0.505,9,0.001,10,0.0,10,0.005,10,0.061,10,0.0,10,0.432,10,1.9,10,6395.0,130,5936.0,130,6912.0,130,19.0,130,13.9,130,24.7,130,2.9,130,2.9,130,3.0,130,,1997-08-01
130335A,Dee River at Wura,00:00:00 01/09/1997,64.0,10,0.369,9,0.354,9,0.416,9,0.031,9,0.015,9,0.151,9,2.639,9,1.253,9,13.003,9,79.17,9,652.0,130,597.0,130,662.0,130,23.0,130,19.5,130,27.6,130,,200,,200,,200,,1997-09-01
130355A,Dee River at Kenbula,1/09/1997 0:00,8.0,10,0.426,9,0.375,9,0.462,9,0.0,10,0.0,10,0.0,10,0.0,10,0.0,10,0.0,10,0.0,10,7733.0,130,6898.0,130,10172.0,130,24.1,130,18.5,130,30.9,130,2.8,130,2.7,130,3.1,130,,1997-09-01
130335A,Dee River at Wura,00:00:00 01/10/1997,15.0,10,0.364,9,0.351,9,0.381,9,0.024,9,0.013,9,0.046,9,2.062,9,1.08,9,3.974,9,63.92,9,662.0,130,649.0,130,671.0,130,25.6,130,22.6,130,29.2,130,,200,,200,,200,,1997-10-01
130355A,Dee River at Kenbula,1/10/1997 0:00,3.0,10,0.419,9,0.321,9,0.5,9,0.0,10,0.0,10,0.004,10,0.014,10,0.0,10,0.302,10,0.43,10,9203.0,130,8159.0,130,11225.0,130,25.7,130,20.4,130,31.5,130,2.9,130,2.7,130,3.1,130,,1997-10-01
130335A,Dee River at Wura,00:00:00 01/11/1997,118.0,10,0.372,9,0.352,9,0.485,9,0.042,9,0.014,9,0.781,9,3.653,9,1.166,9,67.478,9,109.6,9,661.0,130,536.0,130,686.0,130,28.5,130,25.1,130,32.1,130,,200,,200,,200,,1997-11-01
130355A,Dee River at Kenbula,1/11/1997 0:00,19.0,10,0.474,59,0.39,59,0.845,59,0.031,59,0.0,59,1.399,59,2.684,59,0.0,59,120.83,59,80.53,59,9938.0,130,7914.0,130,11368.0,130,29.1,130,23.8,130,37.0,130,2.8,130,2.7,130,3.0,130,,1997-11-01
130335A,Dee River at Wura,00:00:00 01/12/1997,142.0,10,0.435,9,0.361,9,1.973,9,0.71,9,0.021,9,63.429,9,61.359,9,1.814,9,5480.222,9,1902.11,9,636.0,130,191.0,130,735.0,130,29.9,130,25.1,130,33.2,130,,200,,200,,200,,1997-12-01
130355A,Dee River at Kenbula,1/12/1997 0:00,18.0,10,0.476,59,0.435,59,0.545,59,0.001,59,0.0,59,0.029,59,0.125,59,0.0,59,2.462,59,3.87,59,8747.0,130,7400.0,130,10268.0,130,30.4,130,24.9,130,38.0,130,2.8,130,2.6,130,2.8,130,,1997-12-01
130335A,Dee River at Wura,00:00:00 01/01/1998,24.0,10,0.412,9,0.4,9,0.431,9,0.034,9,0.022,9,0.063,9,2.936,9,1.901,9,5.443,9,91.02,9,745.0,130,703.0,130,797.0,130,29.7,130,27.1,130,32.5,130,,200,,200,,200,,1998-01-01
130355A,Dee River at Kenbula,1/01/1998 0:00,6.0,10,0.372,59,0.246,59,0.487,59,0.0,59,0.0,59,0.001,59,0.0,59,0.0,59,0.086,59,0.01,59,10288.0,130,8935.0,130,13626.0,130,29.6,130,24.1,130,39.9,130,2.8,130,2.7,130,3.0,130,,1998-01-01
130335A,Dee River at Wura,00:00:00 01/02/1998,13.0,10,0.409,9,0.399,9,0.42,9,0.03,9,0.022,9,0.044,9,2.623,9,1.858,9,3.802,9,73.45,9,680.0,130,651.0,130,716.0,130,30.2,130,27.8,130,32.5,130,,200,,200,,200,,1998-02-01
130355A,Dee River at Kenbula,1/02/1998 0:00,11.0,10,0.177,59,0.113,59,0.246,59,0.0,59,0.0,59,0.0,59,0.0,59,0.0,59,0.0,59,0.0,59,12697.0,130,11344.0,130,15507.0,130,30.8,130,23.9,130,40.1,130,2.8,130,2.6,130,3.0,130,,1998-02-01
130335A,Dee River at Wura,00:00:00 01/03/1998,10.0,10,0.398,9,0.379,9,0.416,9,0.021,9,0.012,9,0.039,9,1.838,9,1.037,9,3.326,9,56.98,9,635.0,130,626.0,130,656.0,130,28.1,130,26.0,130,30.2,130,,200,,200,,200,,1998-03-01
130355A,Dee River at Kenbula,1/03/1998 0:00,2.0,10,,180,,180,,180,0.0,19,0.0,19,0.0,19,0.0,19,0.0,19,0.0,19,0.0,19,,200,,200,,200,7.7,130,0.0,130,37.3,130,,200,,200,,200,,1998-03-01
130335A,Dee River at Wura,00:00:00 01/04/1998,66.0,10,0.39,9,0.377,9,0.44,9,0.016,9,0.012,9,0.083,9,1.406,9,0.994,9,7.128,9,42.19,9,617.0,130,588.0,130,629.0,130,25.2,130,20.4,130,29.2,130,,200,,200,,200,,1998-04-01
130355A,Dee River at Kenbula,1/04/1998 0:00,41.0,10,,180,,180,,180,0.029,20,0.0,20,5.629,20,2.542,20,0.0,20,486.346,20,76.25,20,,200,,200,,200,13.8,130,0.0,130,29.2,130,,200,,200,,200,,1998-04-01
130335A,Dee River at Wura,00:00:00 01/05/1998,58.0,10,0.391,9,0.371,9,0.454,9,0.039,9,0.013,9,0.122,9,3.327,9,1.08,9,10.541,9,103.13,9,632.0,130,501.0,130,689.0,130,20.7,130,16.4,130,24.6,130,,200,,200,,200,,1998-05-01
130355A,Dee River at Kenbula,1/05/1998 0:00,7.0,10,0.499,9,0.486,9,0.582,9,0.005,10,0.001,10,0.074,10,0.436,10,0.086,10,6.394,10,13.5,10,6484.0,130,5477.0,130,7626.0,130,21.5,130,14.4,130,28.1,130,2.7,130,2.3,130,3.2,130,,1998-05-01
130335A,Dee River at Wura,00:00:00 01/06/1998,23.0,10,0.362,9,0.348,9,0.38,9,0.022,9,0.017,9,0.03,9,1.913,9,1.469,9,2.592,9,57.39,9,700.0,130,678.0,130,711.0,130,17.3,130,13.5,130,20.9,130,,200,,200,,200,,1998-06-01
130355A,Dee River at Kenbula,1/06/1998 0:00,4.0,10,0.49,9,0.48,9,0.533,9,0.002,10,0.0,10,0.019,10,0.166,10,0.0,10,1.598,10,4.97,10,8224.0,130,7357.0,130,9290.0,130,17.8,130,10.8,130,23.9,130,2.7,130,2.6,130,3.1,130,,1998-06-01
130335A,Dee River at Wura,00:00:00 01/07/1998,0.0,10,0.33,9,0.307,9,0.356,9,0.012,9,0.007,9,0.02,9,1.047,9,0.605,9,1.728,9,32.45,9,704.0,130,694.0,130,713.0,130,17.7,130,14.4,130,20.7,130,,200,,200,,200,,1998-07-01
130355A,Dee River at Kenbula,1/07/1998 0:00,2.0,10,0.487,9,0.468,9,0.516,9,0.002,10,0.0,10,0.01,10,0.132,10,0.0,10,0.821,10,4.08,10,9265.0,130,8768.0,130,9583.0,130,17.4,130,11.2,130,22.8,130,2.6,130,2.4,130,3.0,130,,1998-07-01
130335A,Dee River at Wura,00:00:00 01/08/1998,85.0,10,0.301,9,0.282,9,0.335,9,0.006,9,0.004,9,0.013,9,0.528,9,0.346,9,1.123,9,16.35,9,713.0,130,675.0,130,727.0,130,18.9,130,13.4,130,21.5,130,,200,,200,,200,,1998-08-01
130355A,Dee River at Kenbula,1/08/1998 0:00,24.0,10,0.496,9,0.461,9,0.612,9,0.008,10,0.0,10,0.131,10,0.679,10,0.0,10,11.275,10,21.05,10,8904.0,130,5878.0,130,11706.0,130,20.2,130,10.2,130,25.8,130,2.8,130,2.6,130,3.1,130,,1998-08-01
130335A,Dee River at Wura,00:00:00 01/09/1998,67.0,10,0.283,9,0.255,9,0.321,9,0.004,9,0.002,9,0.009,9,0.367,9,0.173,9,0.778,9,11.02,9,721.0,130,667.0,130,736.0,130,21.8,130,19.6,130,24.5,130,,200,,200,,200,,1998-09-01
130355A,Dee River at Kenbula,1/09/1998 0:00,15.0,10,0.517,9,0.493,9,0.588,9,0.013,10,0.002,10,0.084,10,1.13,10,0.173,10,7.258,10,33.91,10,6515.0,130,5550.0,130,7616.0,130,23.2,130,18.8,130,28.6,130,2.9,130,2.6,130,3.2,130,,1998-09-01
130335A,Dee River at Wura,00:00:00 01/10/1998,119.0,10,0.336,9,0.219,9,0.814,9,0.133,9,0.0,9,6.155,9,11.476,9,0.0,9,531.749,9,355.75,9,787.0,130,414.0,130,1070.0,130,24.7,130,21.1,130,28.6,130,,200,,200,,200,,1998-10-01
130355A,Dee River at Kenbula,1/10/1998 0:00,22.0,10,0.517,9,0.478,9,0.691,9,0.02,10,0.0,10,0.384,10,1.757,10,0.0,10,33.134,10,54.47,10,6820.0,130,5482.0,130,9734.0,130,25.6,130,20.8,130,31.0,130,2.8,130,2.6,130,3.1,130,,1998-10-01
130335A,Dee River at Wura,00:00:00 01/11/1998,60.0,10,0.397,9,0.353,9,0.757,9,0.206,9,0.019,9,4.513,9,17.777,9,1.642,9,389.923,9,533.32,9,861.0,130,747.0,130,1800.0,130,25.7,130,22.9,130,30.3,130,,200,,200,,200,,1998-11-01
130355A,Dee River at Kenbula,1/11/1998 0:00,96.0,10,0.506,9,0.48,9,0.583,9,0.009,10,0.0,10,0.076,10,0.749,10,0.0,10,6.523,10,22.47,10,6281.0,130,5420.0,130,7973.0,130,27.7,130,22.4,130,33.0,130,2.8,130,2.6,130,2.9,130,,1998-11-01
130335A,Dee River at Wura,00:00:00 01/12/1998,29.0,10,0.399,9,0.37,9,0.537,9,0.064,9,0.026,9,0.654,9,5.569,9,2.203,9,56.462,9,172.64,9,931.0,130,871.0,130,1120.0,130,27.0,130,24.0,130,29.6,130,,200,,200,,200,,1998-12-01
130355A,Dee River at Kenbula,1/12/1998 0:00,0.0,10,0.505,9,0.481,9,0.717,9,0.016,10,0.0,10,0.508,10,1.341,10,0.0,10,43.848,10,41.56,10,7351.0,130,5702.0,130,9238.0,130,30.3,130,24.1,130,37.2,130,3.0,130,2.6,130,3.7,130,,1998-12-01
130335A,Dee River at Wura,00:00:00 01/01/1999,88.0,10,0.391,9,0.374,9,0.451,9,0.038,9,0.027,9,0.113,9,3.319,9,2.333,9,9.763,9,102.88,9,831.0,130,752.0,130,882.0,130,27.0,130,25.1,130,29.0,130,,200,,200,,200,,1999-01-01
130355A,Dee River at Kenbula,1/01/1999 0:00,36.0,10,0.509,9,0.463,9,0.607,9,0.011,10,0.0,10,0.12,10,0.972,10,0.0,10,10.368,10,30.12,10,6900.0,130,6169.0,130,8501.0,130,31.1,130,26.4,130,36.8,130,3.4,130,3.0,130,5.4,130,,1999-01-01
130335A,Dee River at Wura,00:00:00 01/02/1999,126.0,10,0.734,9,0.4,9,2.917,9,6.365,9,0.046,9,149.871,9,549.97,9,3.974,9,12948.854,9,15399.17,9,423.0,130,170.0,130,788.0,130,26.8,130,23.9,130,30.4,130,,200,,200,,200,,1999-02-01
130355A,Dee River at Kenbula,1/02/1999 0:00,85.0,10,0.502,9,0.454,9,0.603,9,0.011,10,0.0,10,0.112,10,0.959,10,0.0,10,9.677,10,26.86,10,6726.0,130,5981.0,130,7414.0,130,30.3,130,26.1,130,35.7,130,3.0,130,2.6,130,3.6,130,,1999-02-01
130335A,Dee River at Wura,00:00:00 01/03/1999,79.0,10,0.751,9,0.459,9,2.245,9,4.779,9,0.074,9,82.504,9,412.926,9,6.35,9,7128.346,9,12800.69,9,532.0,130,165.0,130,867.0,130,26.4,130,23.9,130,29.5,130,,200,,200,,200,,1999-03-01
130355A,Dee River at Kenbula,1/03/1999 0:00,83.0,10,0.534,9,0.479,9,0.907,9,0.066,20,0.0,20,2.102,20,5.727,20,0.0,20,181.613,20,177.54,20,5118.0,130,4108.0,130,6682.0,130,29.2,130,24.0,130,34.4,130,2.8,130,2.3,130,2.9,130,,1999-03-01
130335A,Dee River at Wura,00:00:00 01/04/1999,1.0,10,0.424,9,0.403,9,0.466,9,0.038,9,0.024,9,0.084,9,3.29,9,2.03,9,7.214,9,98.69,9,736.0,130,648.0,130,773.0,130,23.0,130,17.3,130,26.4,130,,200,,200,,200,,1999-04-01
130355A,Dee River at Kenbula,1/04/1999 0:00,8.0,10,0.483,9,0.473,9,0.495,9,0.001,10,0.0,10,0.003,10,0.049,10,0.0,10,0.216,10,1.46,10,5525.0,130,4825.0,130,6457.0,130,23.8,130,15.8,130,30.6,130,2.8,130,2.7,130,2.8,130,,1999-04-01
130335A,Dee River at Wura,00:00:00 01/05/1999,2.0,10,0.405,9,0.392,9,0.416,9,0.024,9,0.019,9,0.03,9,2.104,9,1.598,9,2.592,9,65.22,9,696.0,130,651.0,130,751.0,130,20.4,130,17.6,130,21.8,130,,200,,200,,200,,1999-05-01
130355A,Dee River at Kenbula,1/05/1999 0:00,0.0,10,0.481,9,0.473,9,0.494,9,0.0,10,0.0,10,0.002,10,0.019,10,0.0,10,0.173,10,0.58,10,6716.0,130,6396.0,130,7083.0,130,21.5,130,16.1,130,24.8,130,2.8,130,2.7,130,2.9,130,,1999-05-01
130335A,Dee River at Wura,00:00:00 01/06/1999,40.0,10,0.402,9,0.394,9,0.421,9,0.023,9,0.02,9,0.033,9,1.997,9,1.685,9,2.851,9,59.91,9,632.0,130,600.0,130,659.0,130,17.7,130,13.6,130,20.9,130,,200,,200,,200,,1999-06-01
130355A,Dee River at Kenbula,1/06/1999 0:00,27.0,10,0.496,9,0.469,9,0.68,9,0.007,10,0.0,10,0.338,10,0.629,10,0.0,10,29.203,10,18.86,10,6352.0,130,5251.0,130,7492.0,130,17.9,130,11.3,130,24.3,130,2.9,130,2.7,130,3.1,130,,1999-06-01
130335A,Dee River at Wura,00:00:00 01/07/1999,38.0,10,0.406,9,0.392,9,0.432,9,0.025,9,0.019,9,0.042,9,2.132,9,1.598,9,3.629,9,66.09,9,603.0,130,580.0,130,610.0,130,17.0,130,13.6,130,20.0,130,,200,,200,,200,,1999-07-01
130355A,Dee River at Kenbula,1/07/1999 0:00,24.0,10,0.505,9,0.485,9,0.574,9,0.007,10,0.001,10,0.062,10,0.582,10,0.086,10,5.314,10,18.03,10,5952.0,130,5613.0,130,6303.0,130,17.0,130,12.4,130,22.4,130,3.0,130,2.9,130,3.3,130,,1999-07-01
130335A,Dee River at Wura,00:00:00 01/08/1999,37.0,10,0.416,9,0.38,9,1.257,9,0.194,9,0.014,9,15.396,9,16.761,9,1.21,9,1330.214,9,519.58,9,600.0,130,569.0,130,948.0,130,18.0,130,15.0,130,20.4,130,,200,,200,,200,,1999-08-01
130355A,Dee River at Kenbula,1/08/1999 0:00,70.0,10,0.49,9,0.474,9,0.73,9,0.008,10,0.0,10,0.579,10,0.673,10,0.0,10,50.026,10,20.85,10,7088.0,130,5454.0,130,8595.0,130,19.5,130,13.3,130,25.1,130,3.0,130,2.5,130,3.1,130,,1999-08-01
130335A,Dee River at Wura,00:00:00 01/09/1999,1.0,10,0.4,9,0.375,9,0.527,9,0.026,9,0.013,9,0.246,9,2.223,9,1.08,9,21.254,9,66.69,9,739.0,130,670.0,130,771.0,130,20.8,130,18.3,130,22.5,130,,200,,200,,200,,1999-09-01
130355A,Dee River at Kenbula,1/09/1999 0:00,2.0,10,0.485,9,0.455,9,0.553,9,0.002,10,0.0,10,0.037,10,0.213,10,0.0,10,3.197,10,6.39,10,6695.0,130,4625.0,130,7828.0,130,22.9,130,17.8,130,28.6,130,3.0,130,2.9,130,3.1,130,,1999-09-01
130335A,Dee River at Wura,00:00:00 01/10/1999,60.0,10,0.372,9,0.355,9,0.405,9,0.012,9,0.009,9,0.024,9,1.045,9,0.734,9,2.074,9,32.38,9,753.0,130,724.0,130,768.0,130,23.6,130,21.3,130,26.2,130,,200,,200,,200,,1999-10-01
130355A,Dee River at Kenbula,1/10/1999 0:00,75.0,10,0.484,59,0.421,59,0.718,59,0.014,59,0.0,59,0.513,59,1.232,59,0.0,59,44.28,59,38.19,59,7727.0,130,6116.0,130,9375.0,130,26.9,130,22.3,130,33.0,130,3.0,130,2.9,130,3.0,130,,1999-10-01
130335A,Dee River at Wura,00:00:00 01/11/1999,92.0,10,0.417,9,0.364,9,0.864,9,0.078,9,0.01,9,3.439,9,6.751,9,0.864,9,297.086,9,202.52,9,828.0,130,537.0,130,977.0,130,24.2,130,22.6,130,28.1,130,,200,,200,,200,,1999-11-01
130355A,Dee River at Kenbula,1/11/1999 0:00,57.0,10,0.499,59,0.477,59,0.68,59,0.007,59,0.0,59,0.338,59,0.572,59,0.0,59,29.203,59,17.15,59,6345.0,130,5214.0,130,7408.0,130,25.4,130,21.0,130,30.5,130,2.9,130,2.9,130,3.0,130,,1999-11-01
130335A,Dee River at Wura,00:00:00 01/12/1999,14.0,10,0.359,9,0.327,9,0.389,9,0.009,9,0.005,9,0.018,9,0.815,9,0.432,9,1.512,9,25.26,9,826.0,130,806.0,130,856.0,130,25.3,130,23.3,130,27.7,130,,200,,200,,200,,1999-12-01
130355A,Dee River at Kenbula,1/12/1999 0:00,56.0,10,0.453,9,0.336,9,0.708,9,0.007,10,0.0,10,0.462,10,0.621,10,0.0,10,39.917,10,19.25,10,7491.0,130,6178.0,130,11657.0,130,27.4,130,22.9,130,35.1,130,2.9,130,2.8,130,3.1,130,,1999-12-01
130335A,Dee River at Wura,00:00:00 01/01/2000,38.0,10,0.325,9,0.294,9,0.361,9,0.005,9,0.002,9,0.01,9,0.421,9,0.173,9,0.821,9,13.06,9,828.0,130,799.0,130,846.0,130,26.2,130,23.7,130,28.7,130,,200,,200,,200,,2000-01-01
130355A,Dee River at Kenbula,1/01/2000 0:00,67.0,10,0.494,59,0.433,59,0.676,59,0.013,59,0.0,59,0.323,59,1.124,59,0.0,59,27.864,59,34.83,59,7038.0,130,5775.0,130,8364.0,130,29.5,130,24.5,130,35.6,130,3.0,130,2.6,130,3.7,130,,2000-01-01
130335A,Dee River at Wura,00:00:00 01/02/2000,61.0,10,0.293,9,0.269,9,0.337,9,0.002,9,0.0,9,0.006,9,0.159,9,0.0,9,0.518,9,4.6,9,855.0,130,812.0,130,923.0,130,25.4,130,23.4,130,27.4,130,,200,,200,,200,,2000-02-01
130355A,Dee River at Kenbula,1/02/2000 0:00,80.0,10,0.497,9,0.463,9,0.636,9,0.009,10,0.0,10,0.191,10,0.762,10,0.0,10,16.459,10,22.1,10,6751.0,130,5518.0,130,7516.0,130,26.6,130,23.8,130,33.6,130,,200,,200,,200,,2000-02-01
130335A,Dee River at Wura,00:00:00 01/03/2000,47.0,10,0.278,9,0.225,9,0.312,9,0.001,9,0.0,9,0.004,9,0.098,9,0.0,9,0.302,9,3.02,9,860.0,130,802.0,130,886.0,130,25.6,130,23.1,130,27.4,130,,200,,200,,200,,2000-03-01
130355A,Dee River at Kenbula,1/03/2000 0:00,8.0,10,0.469,9,0.411,9,0.515,9,0.001,10,0.0,10,0.009,10,0.065,10,0.0,10,0.778,10,2.02,10,,200,,200,,200,28.3,130,24.2,130,33.6,130,,200,,200,,200,,2000-03-01
130335A,Dee River at Wura,00:00:00 01/04/2000,57.0,10,0.166,9,0.114,9,0.231,9,0.0,9,0.0,9,0.0,9,0.0,9,0.0,9,0.0,9,0.0,9,921.0,130,862.0,130,999.0,130,22.4,130,19.4,130,26.0,130,,200,,200,,200,,2000-04-01
130355A,Dee River at Kenbula,1/04/2000 0:00,72.0,10,0.474,9,0.378,9,0.575,9,0.005,10,0.0,10,0.063,10,0.459,10,0.0,10,5.443,10,13.77,10,7428.0,130,5591.0,130,8622.0,130,23.8,130,18.7,130,30.9,130,2.9,130,2.8,130,2.9,130,,2000-04-01
130335A,Dee River at Wura,00:00:00 01/05/2000,30.0,10,0.084,9,-0.003,9,0.153,9,0.0,9,0.0,9,0.0,9,0.0,9,0.0,9,0.0,9,0.0,9,,200,,200,,200,,200,,200,,200,,200,,200,,200,,2000-05-01
130355A,Dee River at Kenbula,1/05/2000 0:00,57.0,10,0.535,9,0.49,9,0.719,9,0.039,10,0.002,10,0.518,10,3.408,10,0.13,10,44.755,10,105.65,10,5777.0,130,4379.0,130,8181.0,130,21.6,130,11.0,130,24.8,130,3.0,130,2.5,130,3.1,130,,2000-05-01
130335A,Dee River at Wura,00:00:00 01/06/2000,51.0,10,-0.019,9,-0.065,9,0.029,9,0.0,9,0.0,9,0.0,9,0.0,9,0.0,9,0.0,9,0.0,9,,200,,200,,200,,200,,200,,200,,200,,200,,200,,2000-06-01
130355A,Dee River at Kenbula,1/06/2000 0:00,59.0,10,0.507,9,0.486,9,0.61,9,0.009,10,0.001,10,0.127,10,0.773,10,0.086,10,10.93,10,23.19,10,6757.0,130,5138.0,130,7717.0,130,17.7,130,10.1,130,22.8,130,3.0,130,2.9,130,3.1,130,,2000-06-01
130335A,Dee River at Wura,00:00:00 01/07/2000,10.0,10,,180,,180,,180,0.0,19,0.0,19,0.0,19,0.0,19,0.0,19,0.0,19,0.0,19,,180,,180,,180,,180,,180,,180,,200,,200,,200,,2000-07-01
130355A,Dee River at Kenbula,1/07/2000 0:00,6.0,10,0.496,9,0.485,9,0.51,9,0.003,10,0.001,10,0.007,10,0.257,10,0.086,10,0.605,10,7.96,10,6219.0,130,5889.0,130,7330.0,130,16.6,130,11.6,130,21.5,130,3.0,130,2.9,130,3.1,130,,2000-07-01
130335A,Dee River at Wura,00:00:00 01/08/2000,12.0,10,,180,,180,,180,0.0,19,0.0,19,0.0,19,0.0,19,0.0,19,0.0,19,0.0,19,,180,,180,,180,,180,,180,,180,,200,,200,,200,,2000-08-01
130355A,Dee River at Kenbula,1/08/2000 0:00,13.0,10,0.482,9,0.46,9,0.512,9,0.001,10,0.0,10,0.008,10,0.087,10,0.0,10,0.691,10,2.71,10,6739.0,130,6188.0,130,7459.0,130,18.6,130,13.9,130,23.2,130,2.9,130,2.8,130,2.9,130,,2000-08-01
130335A,Dee River at Wura,00:00:00 01/09/2000,0.0,10,,180,,180,,180,0.0,19,0.0,19,0.0,19,0.0,19,0.0,19,0.0,19,0.0,19,,180,,180,,180,,180,,180,,180,,200,,200,,200,,2000-09-01
130355A,Dee River at Kenbula,1/09/2000 0:00,0.0,10,0.375,9,0.268,9,0.46,9,0.0,10,0.0,10,0.0,10,0.0,10,0.0,10,0.0,10,0.0,10,8490.0,130,7405.0,130,9694.0,130,22.7,130,16.5,130,32.8,130,2.8,130,2.7,130,2.9,130,,2000-09-01
130335A,Dee River at Wura,00:00:00 01/10/2000,84.0,10,,180,,180,,180,0.0,19,0.0,19,0.0,19,0.0,19,0.0,19,0.0,19,0.0,19,,180,,180,,180,,180,,180,,180,,200,,200,,200,,2000-10-01
130355A,Dee River at Kenbula,1/10/2000 0:00,93.0,10,0.192,9,0.077,9,0.727,9,0.01,10,0.0,10,0.562,10,0.858,10,0.0,10,48.557,10,26.6,10,,200,,200,,200,,180,,180,,180,,200,,200,,200,,2000-10-01
130335A,Dee River at Wura,00:00:00 01/11/2000,199.0,10,,180,,180,,180,21.047,59,0.0,59,270.615,59,1818.457,59,0.0,59,23381.093,59,54553.7,59,,180,,180,,180,,180,,180,,180,,200,,200,,200,,2000-11-01
130355A,Dee River at Kenbula,1/11/2000 0:00,246.0,10,0.669,9,0.517,9,1.511,9,0.942,20,0.01,20,37.195,20,81.406,20,0.864,20,3213.605,20,2442.19,20,2256.0,130,83.0,130,7046.0,130,24.5,130,20.6,130,30.5,130,3.3,130,2.8,130,5.0,130,,2000-11-01
130335A,Dee River at Wura,00:00:00 01/12/2000,112.0,10,0.554,9,0.43,9,1.65,9,0.964,9,0.065,9,30.048,9,83.31,9,5.573,9,2596.147,9,2582.61,9,808.0,130,499.0,130,1684.0,130,25.6,130,23.3,130,28.5,130,,200,,200,,200,,2000-12-01
130355A,Dee River at Kenbula,1/12/2000 0:00,148.0,10,0.571,59,0.514,59,1.267,59,0.136,59,0.009,59,15.634,59,11.768,59,0.734,59,1350.778,59,364.82,59,1803.0,130,546.0,130,4564.0,130,27.1,130,23.8,130,32.2,130,3.6,130,2.8,130,4.2,130,,2000-12-01
130335A,Dee River at Wura,00:00:00 01/01/2001,21.0,10,0.461,9,0.378,9,0.829,9,0.131,9,0.029,9,1.455,9,11.343,9,2.462,9,125.669,9,351.63,9,945.0,130,769.0,130,1095.0,130,27.7,130,23.9,130,30.4,130,,200,,200,,200,,2001-01-01
130355A,Dee River at Kenbula,1/01/2001 0:00,35.0,10,0.543,59,0.507,59,0.67,59,0.04,59,0.006,59,0.3,59,3.472,59,0.475,59,25.92,59,107.63,59,3868.0,130,2484.0,130,6490.0,130,29.2,130,23.7,130,36.2,130,3.0,130,2.5,130,3.2,130,,2001-01-01
130335A,Dee River at Wura,00:00:00 01/02/2001,189.0,10,0.777,9,0.382,9,4.36,9,8.61,9,0.03,9,361.995,9,743.862,9,2.599,9,31276.368,9,20828.12,9,883.0,130,117.0,130,1043.0,130,28.1,130,24.4,130,31.9,130,,200,,200,,200,,2001-02-01
130355A,Dee River at Kenbula,1/02/2001 0:00,208.0,10,0.651,9,0.506,9,2.215,9,1.372,30,0.006,30,145.147,30,118.547,30,0.475,30,12540.701,30,3319.32,30,3283.0,130,356.0,130,6194.0,130,27.8,130,24.1,130,32.0,130,4.2,130,2.8,130,4.8,130,,2001-02-01
130335A,Dee River at Wura,00:00:00 01/03/2001,134.0,10,0.541,9,0.423,9,0.976,9,0.185,9,0.03,9,2.234,9,16.013,9,2.549,9,192.974,9,496.42,9,1090.0,130,719.0,130,1960.0,130,27.8,130,24.4,130,31.7,130,,200,,200,,200,,2001-03-01
130355A,Dee River at Kenbula,1/03/2001 0:00,117.0,10,0.555,9,0.507,9,0.956,9,0.061,20,0.006,20,2.852,20,5.286,20,0.475,20,246.413,20,163.87,20,3132.0,130,2120.0,130,4665.0,130,28.9,130,23.9,130,33.2,130,3.4,130,2.7,130,5.0,130,,2001-03-01
130335A,Dee River at Wura,00:00:00 01/04/2001,8.0,10,0.517,9,0.472,9,0.593,9,0.072,9,0.042,9,0.145,9,6.254,9,3.64,9,12.528,9,187.62,9,1011.0,130,893.0,130,1343.0,130,25.5,130,24.0,130,27.7,130,,200,,200,,200,,2001-04-01
130355A,Dee River at Kenbula,1/04/2001 0:00,6.0,10,0.527,9,0.502,9,0.562,9,0.017,10,0.005,10,0.047,10,1.474,10,0.389,10,4.018,10,44.23,10,4288.0,130,2300.0,130,6231.0,130,26.1,130,21.6,130,30.9,130,3.1,130,2.9,130,5.1,130,,2001-04-01
130335A,Dee River at Wura,00:00:00 01/05/2001,6.0,10,0.457,9,0.445,9,0.472,9,0.035,9,0.029,9,0.042,9,2.996,9,2.511,9,3.64,9,92.89,9,881.0,130,869.0,130,898.0,130,20.6,130,16.6,130,25.6,130,,200,,200,,200,,2001-05-01
130355A,Dee River at Kenbula,1/05/2001 0:00,2.0,10,0.512,9,0.493,9,0.552,9,0.009,10,0.002,10,0.036,10,0.78,10,0.173,10,3.067,10,24.2,10,3847.0,130,2937.0,130,5900.0,130,19.5,130,12.0,130,27.7,130,3.2,130,2.9,130,4.5,130,,2001-05-01
130335A,Dee River at Wura,00:00:00 01/06/2001,13.0,10,0.436,9,0.429,9,0.445,9,0.026,9,0.023,9,0.029,9,2.211,9,1.987,9,2.511,9,66.33,9,846.0,130,814.0,130,871.0,130,19.4,130,16.5,130,21.7,130,,200,,200,,200,,2001-06-01
130355A,Dee River at Kenbula,1/06/2001 0:00,0.0,10,0.499,9,0.491,9,0.524,9,0.004,10,0.002,10,0.014,10,0.307,10,0.13,10,1.166,10,9.21,10,4445.0,130,4084.0,130,4802.0,130,17.4,130,11.0,130,21.3,130,3.3,130,3.2,130,6.0,130,,2001-06-01
130335A,Dee River at Wura,00:00:00 01/07/2001,12.0,10,0.427,9,0.42,9,0.435,9,0.022,9,0.021,9,0.025,9,1.932,9,1.771,9,2.191,9,59.89,9,796.0,130,762.0,130,825.0,130,17.3,130,14.8,130,20.4,130,,200,,200,,200,,2001-07-01
130355A,Dee River at Kenbula,1/07/2001 0:00,14.0,10,0.499,9,0.487,9,0.518,9,0.004,10,0.001,10,0.011,10,0.314,10,0.086,10,0.907,10,9.75,10,5045.0,130,4515.0,130,5290.0,130,14.9,130,10.9,130,19.0,130,3.2,130,3.1,130,4.4,130,,2001-07-01
130335A,Dee River at Wura,00:00:00 01/08/2001,0.0,10,0.413,9,0.406,9,0.426,9,0.018,9,0.017,9,0.022,9,1.589,9,1.432,9,1.901,9,49.26,9,743.0,130,727.0,130,770.0,130,18.2,130,15.9,130,20.7,130,,200,,200,,200,,2001-08-01
130355A,Dee River at Kenbula,1/08/2001 0:00,0.0,10,0.492,9,0.48,9,0.525,9,0.002,10,0.0,10,0.014,10,0.196,10,0.0,10,1.203,10,6.09,10,5663.0,130,5177.0,130,6047.0,130,16.9,130,13.2,130,20.4,130,3.2,130,3.0,130,3.9,130,,2001-08-01
130335A,Dee River at Wura,00:00:00 01/09/2001,24.0,10,0.402,9,0.395,9,0.407,9,0.015,9,0.014,9,0.017,9,1.329,9,1.21,9,1.432,9,39.88,9,719.0,130,712.0,130,731.0,130,22.4,130,18.8,130,25.4,130,,200,,200,,200,,2001-09-01
130355A,Dee River at Kenbula,1/09/2001 0:00,11.0,10,0.507,9,0.481,9,0.546,9,0.007,10,0.0,10,0.03,10,0.601,10,0.0,10,2.549,10,18.03,10,5089.0,130,4243.0,130,7910.0,130,21.9,130,16.9,130,25.8,130,3.3,130,3.2,130,3.8,130,,2001-09-01
130335A,Dee River at Wura,00:00:00 01/10/2001,62.0,10,0.392,9,0.379,9,0.451,9,0.013,9,0.011,9,0.032,9,1.153,9,0.91,9,2.765,9,35.75,9,690.0,130,651.0,130,717.0,130,24.2,130,21.4,130,26.8,130,,200,,200,,200,,2001-10-01
130355A,Dee River at Kenbula,1/10/2001 0:00,,200,0.516,9,0.483,9,0.716,9,0.015,10,0.0,10,0.503,10,1.262,10,0.0,10,43.416,10,39.11,10,3830.0,130,3186.0,130,4845.0,130,24.8,130,21.0,130,29.0,130,3.2,130,3.1,130,3.6,130,,2001-10-01
130335A,Dee River at Wura,00:00:00 01/11/2001,,200,0.376,59,0.357,59,0.462,59,0.01,59,0.008,59,0.037,59,0.888,59,0.648,59,3.197,59,26.63,59,,200,,200,,200,,200,,200,,200,,200,,200,,200,,2001-11-01
130355A,Dee River at Kenbula,1/11/2001 0:00,55.0,10,0.511,9,0.499,9,0.601,9,0.008,10,0.004,10,0.109,10,0.71,10,0.302,10,9.374,10,21.31,10,3481.0,130,3036.0,130,4459.0,130,27.1,130,21.5,130,31.2,130,3.3,130,3.2,130,4.2,130,,2001-11-01
130335A,Dee River at Wura,00:00:00 01/12/2001,,200,0.413,9,0.356,9,2.198,9,0.349,9,0.008,9,76.826,9,30.143,9,0.648,9,6637.766,9,934.43,9,,200,,200,,200,,200,,200,,200,,200,,200,,200,,2001-12-01
130355A,Dee River at Kenbula,1/12/2001 0:00,78.0,10,0.457,59,0.385,59,0.618,59,0.002,59,0.0,59,0.144,59,0.136,59,0.0,59,12.442,59,4.22,59,4145.0,130,3432.0,130,5792.0,130,29.8,130,25.1,130,34.0,130,3.2,130,3.1,130,3.8,130,,2001-12-01
130335A,Dee River at Wura,00:00:00 01/01/2002,,200,0.443,9,0.384,9,1.575,9,0.224,9,0.024,9,23.575,9,19.363,9,2.03,9,2036.88,9,600.27,9,,200,,200,,200,,200,,200,,200,,200,,200,,200,,2002-01-01
130355A,Dee River at Kenbula,1/01/2002 0:00,35.0,10,0.481,9,0.441,9,0.615,9,0.002,10,0.0,10,0.138,10,0.216,10,0.0,10,11.88,10,6.69,10,5688.0,130,5251.0,130,6434.0,130,29.3,130,25.0,130,33.4,130,3.1,130,3.0,130,5.9,130,,2002-01-01
130335A,Dee River at Wura,00:00:00 01/02/2002,32.0,10,0.384,9,0.373,9,0.403,9,0.024,9,0.02,9,0.032,9,2.065,9,1.685,9,2.765,9,57.81,9,866.0,130,848.0,130,897.0,130,27.9,130,25.9,130,29.8,130,,200,,200,,200,,2002-02-01
130355A,Dee River at Kenbula,1/02/2002 0:00,22.0,10,0.438,9,0.334,9,0.515,9,0.001,10,0.0,10,0.009,10,0.126,10,0.0,10,0.778,10,3.53,10,7002.0,130,6229.0,130,8680.0,130,28.9,130,24.6,130,32.2,130,3.1,130,3.0,130,5.2,130,,2002-02-01
130335A,Dee River at Wura,00:00:00 01/03/2002,15.0,10,0.363,9,0.349,9,0.386,9,0.016,9,0.012,9,0.025,9,1.402,9,1.042,9,2.117,9,43.45,9,847.0,130,830.0,130,934.0,130,25.8,130,22.6,130,28.7,130,,200,,200,,200,,2002-03-01
130355A,Dee River at Kenbula,1/03/2002 0:00,17.0,10,0.251,9,0.135,9,0.339,9,0.0,10,0.0,10,0.0,10,0.0,10,0.0,10,0.0,10,0.0,10,8641.0,130,7737.0,130,9756.0,130,25.5,130,19.1,130,30.2,130,3.1,130,3.0,130,4.7,130,,2002-03-01
130335A,Dee River at Wura,00:00:00 01/04/2002,,200,0.344,9,0.339,9,0.349,9,0.011,9,0.009,9,0.012,9,0.916,9,0.812,9,1.042,9,27.48,9,,200,,200,,200,,200,,200,,200,,200,,200,,200,,2002-04-01
130355A,Dee River at Kenbula,1/04/2002 0:00,0.0,10,,180,,180,,180,0.0,19,0.0,19,0.0,19,0.0,19,0.0,19,0.0,19,0.0,19,,200,,200,,200,,180,,180,,180,,200,,200,,200,,2002-04-01
130335A,Dee River at Wura,00:00:00 01/05/2002,3.0,10,0.327,9,0.317,9,0.339,9,0.007,9,0.005,9,0.009,9,0.604,9,0.452,9,0.812,9,18.72,9,870.0,130,859.0,130,875.0,130,18.8,130,14.3,130,22.0,130,,200,,200,,200,,2002-05-01
130355A,Dee River at Kenbula,1/05/2002 0:00,10.0,10,,180,,180,,180,0.0,19,0.0,19,0.0,19,0.0,19,0.0,19,0.0,19,0.0,19,,180,,180,,180,,180,,180,,180,,200,,200,,200,,2002-05-01
130335A,Dee River at Wura,00:00:00 01/06/2002,135.0,10,0.506,9,0.316,9,1.65,9,0.694,9,0.005,9,28.245,9,59.946,9,0.432,9,2440.368,9,1798.39,9,885.0,130,226.0,130,1120.0,130,17.5,130,13.6,130,22.9,130,,200,,200,,200,,2002-06-01
130355A,Dee River at Kenbula,1/06/2002 0:00,146.0,10,,180,,180,,180,0.031,19,0.0,19,0.736,19,2.648,19,0.0,19,63.547,19,79.43,19,,180,,180,,180,,180,,180,,180,,200,,200,,200,,2002-06-01
130335A,Dee River at Wura,00:00:00 01/07/2002,0.0,10,0.353,9,0.336,9,0.369,9,0.013,9,0.009,9,0.018,9,1.137,9,0.743,9,1.555,9,35.25,9,1027.0,130,1004.0,130,1049.0,130,14.4,130,12.3,130,16.8,130,,200,,200,,200,,2002-07-01
130355A,Dee River at Kenbula,1/07/2002 0:00,0.0,10,0.494,9,0.485,9,0.508,9,0.002,10,0.001,10,0.006,10,0.197,10,0.086,10,0.518,10,6.11,10,5876.0,130,5159.0,130,6447.0,130,12.8,130,9.0,130,16.2,130,2.8,130,2.7,130,2.9,130,,2002-07-01
130335A,Dee River at Wura,00:00:00 01/08/2002,31.0,10,0.329,9,0.318,9,0.34,9,0.007,9,0.005,9,0.01,9,0.625,9,0.458,9,0.821,9,19.37,9,1053.0,130,1022.0,130,1085.0,130,16.8,130,13.9,130,18.8,130,,200,,200,,200,,2002-08-01
130355A,Dee River at Kenbula,1/08/2002 0:00,42.0,10,0.497,9,0.481,9,0.584,9,0.004,10,0.0,10,0.077,10,0.361,10,0.0,10,6.653,10,11.19,10,6775.0,130,6039.0,130,7201.0,130,16.4,130,11.6,130,19.0,130,2.8,130,2.7,130,2.9,130,,2002-08-01
130335A,Dee River at Wura,00:00:00 01/09/2002,8.0,10,0.288,9,0.229,9,0.318,9,0.002,9,0.0,9,0.005,9,0.18,9,0.0,9,0.458,9,5.39,9,1127.0,130,1079.0,130,1169.0,130,20.4,130,16.8,130,24.0,130,,200,,200,,200,,2002-09-01
130355A,Dee River at Kenbula,1/09/2002 0:00,22.0,10,0.481,9,0.431,9,0.559,9,0.002,10,0.0,10,0.043,10,0.16,10,0.0,10,3.715,10,4.81,10,6328.0,130,5914.0,130,7092.0,130,20.6,130,15.4,130,24.0,130,2.7,130,2.7,130,2.9,130,,2002-09-01
130335A,Dee River at Wura,00:00:00 01/10/2002,4.0,10,0.124,9,0.012,9,0.229,9,0.0,9,0.0,9,0.0,9,0.0,9,0.0,9,0.0,9,0.0,9,,200,,200,,200,,200,,200,,200,,200,,200,,200,,2002-10-01
130355A,Dee River at Kenbula,1/10/2002 0:00,2.0,10,0.328,9,0.198,9,0.45,9,0.0,10,0.0,10,0.0,10,0.0,10,0.0,10,0.0,10,0.0,10,8483.0,130,7092.0,130,10171.0,130,22.9,130,16.6,130,27.2,130,2.7,130,2.7,130,2.8,130,,2002-10-01
130335A,Dee River at Wura,00:00:00 01/11/2002,39.0,10,,180,,180,,180,0.0,19,0.0,19,0.0,19,0.0,19,0.0,19,0.0,19,0.0,19,,200,,200,,200,,200,,200,,200,,200,,200,,200,,2002-11-01
130355A,Dee River at Kenbula,1/11/2002 0:00,25.0,10,0.08,59,-0.034,59,0.198,59,0.0,59,0.0,59,0.0,59,0.0,59,0.0,59,0.0,59,0.0,59,,200,,200,,200,,200,,200,,200,,200,,200,,200,,2002-11-01
130335A,Dee River at Wura,00:00:00 01/12/2002,58.0,10,,180,,180,,180,0.0,19,0.0,19,0.0,19,0.0,19,0.0,19,0.0,19,0.0,19,,200,,200,,200,,200,,200,,200,,200,,200,,200,,2002-12-01
130355A,Dee River at Kenbula,1/12/2002 0:00,86.0,10,0.398,9,-0.045,9,0.681,9,0.005,10,0.0,10,0.342,10,0.394,10,0.0,10,29.549,10,12.21,10,,200,,200,,200,,200,,200,,200,,200,,200,,200,,2002-12-01
130335A,Dee River at Wura,00:00:00 01/01/2003,0.0,10,,180,,180,,180,0.0,19,0.0,19,0.0,19,0.0,19,0.0,19,0.0,19,0.0,19,,200,,200,,200,,200,,200,,200,,200,,200,,200,,2003-01-01
130355A,Dee River at Kenbula,1/01/2003 0:00,0.0,10,0.332,9,0.155,9,0.468,9,0.0,10,0.0,10,0.0,10,0.0,10,0.0,10,0.0,10,0.0,10,9920.0,130,8412.0,130,12190.0,130,27.9,130,24.4,130,32.3,130,2.8,130,2.7,130,3.1,130,,2003-01-01
130335A,Dee River at Wura,00:00:00 01/02/2003,365.0,10,,180,,180,,180,33.08,19,0.0,19,2101.204,19,2858.074,19,0.0,19,181544.07,19,80026.07,19,494.0,130,0.0,130,921.0,130,22.2,130,0.0,130,29.4,130,,200,,200,,200,,2003-02-01
130355A,Dee River at Kenbula,1/02/2003 0:00,412.0,10,0.592,9,0.132,9,2.804,9,2.61,30,0.0,30,289.879,30,225.546,30,0.0,30,25045.503,30,6315.3,30,5260.0,130,740.0,130,14546.0,130,30.4,130,24.6,130,34.6,130,4.1,130,2.8,130,5.8,130,,2003-02-01
130335A,Dee River at Wura,00:00:00 01/03/2003,60.0,10,0.632,9,0.417,9,2.274,9,1.876,9,0.058,9,60.313,9,162.081,9,5.048,9,5211.043,9,5024.51,9,655.0,130,373.0,130,897.0,130,27.4,130,24.6,130,29.9,130,,200,,200,,200,,2003-03-01
130355A,Dee River at Kenbula,1/03/2003 0:00,35.0,10,0.562,59,0.448,59,1.303,59,0.334,59,0.0,59,18.266,59,28.852,59,0.0,59,1578.139,59,894.4,59,1358.0,130,365.0,130,3008.0,130,27.5,130,23.6,130,31.9,130,3.8,130,3.4,130,5.9,130,,2003-03-01
130335A,Dee River at Wura,00:00:00 01/04/2003,13.0,10,0.404,9,0.396,9,0.447,9,0.046,9,0.04,9,0.091,9,3.983,9,3.413,9,7.819,9,119.48,9,872.0,130,813.0,130,893.0,130,26.5,130,23.8,130,29.0,130,,200,,200,,200,,2003-04-01
130355A,Dee River at Kenbula,1/04/2003 0:00,13.0,10,0.422,59,0.4,59,0.464,59,0.0,59,0.0,59,0.0,59,0.0,59,0.0,59,0.0,59,0.0,59,2520.0,130,1612.0,130,3258.0,130,25.0,130,20.6,130,31.3,130,3.5,130,3.0,130,3.7,130,,2003-04-01
130335A,Dee River at Wura,00:00:00 01/05/2003,16.0,10,0.406,9,0.399,9,0.412,9,0.043,9,0.04,9,0.05,9,3.691,9,3.456,9,4.277,9,114.42,9,873.0,130,841.0,130,890.0,130,22.4,130,18.3,130,26.0,130,,200,,200,,200,,2003-05-01
130355A,Dee River at Kenbula,1/05/2003 0:00,15.0,10,0.453,9,0.428,9,0.474,9,0.0,10,0.0,10,0.0,10,0.0,10,0.0,10,0.0,10,0.0,10,3870.0,130,3258.0,130,4439.0,130,20.6,130,14.5,130,27.1,130,3.5,130,3.3,130,3.6,130,,2003-05-01
130335A,Dee River at Wura,00:00:00 01/06/2003,30.0,10,0.411,9,0.406,9,0.422,9,0.041,9,0.037,9,0.048,9,3.566,9,3.154,9,4.104,9,106.98,9,825.0,130,791.0,130,850.0,130,19.7,130,16.8,130,23.3,130,,200,,200,,200,,2003-06-01
130355A,Dee River at Kenbula,1/06/2003 0:00,15.0,10,0.479,9,0.465,9,0.506,9,0.0,10,0.0,10,0.006,10,0.042,10,0.0,10,0.475,10,1.25,10,4840.0,130,4421.0,130,5320.0,130,17.9,130,13.1,130,23.4,130,3.3,130,3.0,130,3.7,130,,2003-06-01
130335A,Dee River at Wura,00:00:00 01/07/2003,13.0,10,0.41,9,0.407,9,0.418,9,0.035,9,0.03,9,0.04,9,2.984,9,2.622,9,3.456,9,92.5,9,820.0,130,808.0,130,826.0,130,18.6,130,16.2,130,20.3,130,,200,,200,,200,,2003-07-01
130355A,Dee River at Kenbula,1/07/2003 0:00,18.0,10,0.477,9,0.459,9,0.504,9,0.0,10,0.0,10,0.005,10,0.029,10,0.0,10,0.432,10,0.88,10,5308.0,130,4965.0,130,5631.0,130,16.6,130,11.3,130,20.3,130,3.4,130,3.0,130,3.6,130,,2003-07-01
130335A,Dee River at Wura,00:00:00 01/08/2003,51.0,10,0.407,9,0.401,9,0.455,9,0.027,9,0.022,9,0.055,9,2.31,9,1.891,9,4.752,9,71.61,9,817.0,130,788.0,130,827.0,130,19.9,130,15.9,130,22.1,130,,200,,200,,200,,2003-08-01
130355A,Dee River at Kenbula,1/08/2003 0:00,39.0,10,0.468,9,0.453,9,0.591,9,0.001,10,0.0,10,0.09,10,0.113,10,0.0,10,7.776,10,3.49,10,5383.0,130,4508.0,130,6790.0,130,19.0,130,10.0,130,23.4,130,3.4,130,2.8,130,3.9,130,,2003-08-01
130335A,Dee River at Wura,00:00:00 01/09/2003,0.0,10,0.4,9,0.398,9,0.404,9,0.018,9,0.016,9,0.022,9,1.562,9,1.382,9,1.891,9,46.85,9,831.0,130,818.0,130,838.0,130,22.9,130,19.9,130,26.1,130,,200,,200,,200,,2003-09-01
130355A,Dee River at Kenbula,1/09/2003 0:00,,200,0.461,59,0.385,59,0.495,59,0.0,59,0.0,59,0.003,59,0.041,59,0.0,59,0.216,59,1.24,59,,200,,200,,200,,200,,200,,200,,200,,200,,200,,2003-09-01
130335A,Dee River at Wura,00:00:00 01/10/2003,115.0,10,0.435,9,0.395,9,0.76,9,0.048,9,0.015,9,0.603,9,4.123,9,1.296,9,52.056,9,127.8,9,858.0,130,779.0,130,1294.0,130,24.3,130,21.5,130,29.8,130,,200,,200,,200,,2003-10-01
130355A,Dee River at Kenbula,1/10/2003 0:00,,200,0.506,59,0.372,59,0.676,59,0.02,59,0.0,59,0.321,59,1.763,59,0.0,59,27.734,59,54.65,59,,200,,200,,200,,200,,200,,200,,200,,200,,200,,2003-10-01
130335A,Dee River at Wura,00:00:00 01/11/2003,14.0,10,0.431,9,0.411,9,0.485,9,0.027,9,0.02,9,0.055,9,2.345,9,1.685,9,4.752,9,70.36,9,1016.0,130,982.0,130,1031.0,130,26.1,130,23.9,130,29.3,130,,200,,200,,200,,2003-11-01
130355A,Dee River at Kenbula,1/11/2003 0:00,6.0,10,0.458,9,0.391,9,0.498,9,0.0,10,0.0,10,0.004,10,0.021,10,0.0,10,0.302,10,0.62,10,4588.0,130,3532.0,130,5679.0,130,26.2,130,21.7,130,31.3,130,3.0,130,2.8,130,3.2,130,,2003-11-01
130335A,Dee River at Wura,00:00:00 01/12/2003,103.0,10,0.536,9,0.418,9,1.538,9,0.339,9,0.022,9,12.671,9,29.27,9,1.901,9,1094.774,9,907.37,9,853.0,130,374.0,130,1035.0,130,27.0,130,25.0,130,29.5,130,7.2,130,6.5,130,7.7,130,,2003-12-01
130355A,Dee River at Kenbula,1/12/2003 0:00,137.0,10,0.497,9,0.348,9,0.644,9,0.017,10,0.0,10,0.216,10,1.434,10,0.0,10,18.619,10,44.46,10,5144.0,130,4385.0,130,6119.0,130,29.6,130,22.8,130,34.6,130,3.0,130,2.7,130,3.7,130,,2003-12-01
130335A,Dee River at Wura,00:00:00 01/01/2004,71.0,10,0.821,9,0.489,9,2.65,9,3.462,9,0.058,9,84.882,9,299.095,9,4.968,9,7333.805,9,9271.94,9,488.0,130,152.0,130,876.0,130,28.1,130,26.2,130,30.3,130,,200,,200,,200,,2004-01-01
130355A,Dee River at Kenbula,1/01/2004 0:00,121.0,10,0.525,9,0.488,9,0.679,9,0.021,10,0.002,10,0.333,10,1.803,10,0.13,10,28.728,10,55.89,10,4986.0,130,4213.0,130,5986.0,130,28.9,130,25.9,130,31.8,130,3.4,130,2.9,130,4.1,130,,2004-01-01
130335A,Dee River at Wura,00:00:00 01/02/2004,79.0,10,0.681,9,0.515,9,1.726,9,0.713,9,0.077,9,19.044,9,61.578,9,6.653,9,1645.402,9,1785.76,9,589.0,130,302.0,130,1320.0,130,28.7,130,26.8,130,30.8,130,,200,,200,,200,,2004-02-01
130355A,Dee River at Kenbula,1/02/2004 0:00,133.0,10,0.549,9,0.495,9,0.959,9,0.074,20,0.003,20,2.911,20,6.391,20,0.216,20,251.51,20,185.33,20,5414.0,130,2630.0,130,6805.0,130,31.2,130,26.2,130,39.4,130,3.7,130,3.0,130,4.7,130,,2004-02-01
130335A,Dee River at Wura,00:00:00 01/03/2004,0.0,10,0.538,9,0.501,9,0.72,9,0.106,9,0.067,9,0.434,9,9.186,9,5.746,9,37.498,9,284.77,9,756.0,130,643.0,130,868.0,130,26.6,130,24.2,130,29.2,130,,200,,200,,200,,2004-03-01
130355A,Dee River at Kenbula,1/03/2004 0:00,3.0,10,0.501,9,0.485,9,0.549,9,0.005,10,0.0,10,0.032,10,0.444,10,0.0,10,2.765,10,13.78,10,3968.0,130,2899.0,130,4722.0,130,27.8,130,20.2,130,36.8,130,3.6,130,3.1,130,4.8,130,,2004-03-01
130335A,Dee River at Wura,00:00:00 01/04/2004,14.0,10,0.497,9,0.489,9,0.504,9,0.063,9,0.058,9,0.069,9,5.448,9,4.968,9,5.918,9,163.45,9,734.0,130,693.0,130,764.0,130,24.1,130,22.8,130,25.6,130,,200,,200,,200,,2004-04-01
130355A,Dee River at Kenbula,1/04/2004 0:00,31.0,10,0.488,9,0.476,9,0.602,9,0.003,10,0.0,10,0.111,10,0.223,10,0.0,10,9.547,10,6.69,10,5289.0,130,4702.0,130,5719.0,130,25.5,130,19.1,130,32.5,130,3.3,130,3.1,130,3.7,130,,2004-04-01
130335A,Dee River at Wura,00:00:00 01/05/2004,0.0,10,0.481,9,0.467,9,0.492,9,0.052,9,0.044,9,0.06,9,4.503,9,3.802,9,5.141,9,139.58,9,686.0,130,676.0,130,698.0,130,20.4,130,17.9,130,22.9,130,,200,,200,,200,,2004-05-01
130355A,Dee River at Kenbula,1/05/2004 0:00,0.0,10,0.488,9,0.475,9,0.523,9,0.001,10,0.0,10,0.013,10,0.119,10,0.0,10,1.08,10,3.68,10,5954.0,130,5130.0,130,6928.0,130,20.6,130,12.6,130,27.5,130,3.3,130,2.6,130,3.6,130,,2004-05-01
130335A,Dee River at Wura,00:00:00 01/06/2004,1.0,10,0.46,9,0.451,9,0.47,9,0.04,9,0.035,9,0.046,9,3.45,9,3.024,9,3.953,9,103.5,9,667.0,130,659.0,130,681.0,130,17.3,130,14.8,130,19.6,130,,200,,200,,200,,2004-06-01
130355A,Dee River at Kenbula,1/06/2004 0:00,0.0,10,0.485,9,0.448,9,0.53,9,0.002,10,0.0,10,0.017,10,0.182,10,0.0,10,1.426,10,5.45,10,6710.0,130,6118.0,130,7375.0,130,17.3,130,8.5,130,24.2,130,3.2,130,2.9,130,3.5,130,,2004-06-01
130335A,Dee River at Wura,00:00:00 01/07/2004,0.0,10,0.438,9,0.427,9,0.452,9,0.029,9,0.025,9,0.036,9,2.545,9,2.16,9,3.067,9,78.89,9,661.0,130,639.0,130,709.0,130,16.2,130,13.9,130,18.3,130,,200,,200,,200,,2004-07-01
130355A,Dee River at Kenbula,1/07/2004 0:00,0.0,10,0.494,9,0.468,9,0.533,9,0.004,10,0.0,10,0.019,10,0.329,10,0.0,10,1.598,10,10.19,10,6177.0,130,5837.0,130,6508.0,130,16.9,130,8.0,130,23.4,130,2.9,130,2.7,130,3.4,130,,2004-07-01
130335A,Dee River at Wura,00:00:00 01/08/2004,13.0,10,0.414,9,0.397,9,0.427,9,0.021,9,0.016,9,0.025,9,1.795,9,1.339,9,2.16,9,55.63,9,650.0,130,635.0,130,677.0,130,16.7,130,14.5,130,19.9,130,,200,,200,,200,,2004-08-01
130355A,Dee River at Kenbula,1/08/2004 0:00,9.0,10,0.41,9,0.328,9,0.477,9,0.0,10,0.0,10,0.0,10,0.0,10,0.0,10,0.0,10,0.0,10,6971.0,130,6240.0,130,7947.0,130,17.7,130,9.5,130,29.0,130,2.9,130,2.7,130,3.5,130,,2004-08-01
130335A,Dee River at Wura,00:00:00 01/09/2004,8.0,10,0.398,9,0.388,9,0.421,9,0.016,9,0.014,9,0.023,9,1.373,9,1.166,9,1.987,9,41.18,9,650.0,130,644.0,130,674.0,130,19.5,130,17.2,130,22.5,130,,200,,200,,200,,2004-09-01
130355A,Dee River at Kenbula,1/09/2004 0:00,6.0,10,0.43,9,0.338,9,0.516,9,0.001,10,0.0,10,0.009,10,0.063,10,0.0,10,0.778,10,1.9,10,8128.0,130,7052.0,130,8735.0,130,22.4,130,12.4,130,32.7,130,2.8,130,2.7,130,3.5,130,,2004-09-01
130335A,Dee River at Wura,00:00:00 01/10/2004,81.0,10,0.391,9,0.376,9,0.459,9,0.014,9,0.011,9,0.04,9,1.23,9,0.907,9,3.413,9,38.13,9,649.0,130,629.0,130,700.0,130,22.8,130,20.0,130,26.4,130,7.0,130,6.9,130,7.2,130,,2004-10-01
130355A,Dee River at Kenbula,1/10/2004 0:00,58.0,10,0.493,9,0.459,9,0.592,9,0.004,10,0.0,10,0.091,10,0.349,10,0.0,10,7.862,10,10.82,10,9273.0,130,6780.0,130,10022.0,130,26.2,130,19.6,130,36.0,130,2.8,130,1.7,130,3.1,130,,2004-10-01
130335A,Dee River at Wura,00:00:00 01/11/2004,40.0,10,0.376,9,0.358,9,0.39,9,0.011,9,0.007,9,0.014,9,0.921,9,0.605,9,1.21,9,27.63,9,645.0,130,624.0,130,683.0,130,24.8,130,22.5,130,27.9,130,7.1,130,6.9,130,7.3,130,,2004-11-01
130355A,Dee River at Kenbula,1/11/2004 0:00,45.0,10,0.477,59,0.432,59,0.583,59,0.005,59,0.0,59,0.076,59,0.413,59,0.0,59,6.523,59,12.4,59,10261.0,130,8987.0,130,11046.0,130,28.0,130,21.0,130,35.4,130,2.8,130,2.6,130,3.1,130,,2004-11-01
130335A,Dee River at Wura,00:00:00 01/12/2004,164.0,10,0.553,9,0.352,9,4.26,9,2.319,9,0.007,9,344.045,9,200.358,9,0.562,9,29725.445,9,6211.09,9,795.0,130,99.0,130,1109.0,130,25.7,130,22.2,130,27.4,130,6.9,130,5.5,130,7.2,130,,2004-12-01
130355A,Dee River at Kenbula,1/12/2004 0:00,167.0,10,0.528,59,0.472,59,0.913,59,0.05,59,0.0,59,2.182,59,4.326,59,0.0,59,188.482,59,134.11,59,6280.0,130,2691.0,130,11440.0,130,28.9,130,21.7,130,37.9,130,2.8,130,2.4,130,3.5,130,,2004-12-01
130335A,Dee River at Wura,00:00:00 01/01/2005,178.0,10,0.774,9,0.477,9,3.572,9,6.291,9,0.102,9,218.822,9,543.566,9,8.813,9,18906.221,9,16850.56,9,871.0,130,73.0,130,1193.0,130,26.8,130,22.8,130,30.6,130,6.5,130,4.1,130,7.3,130,,2005-01-01
130355A,Dee River at Kenbula,1/01/2005 0:00,200.0,10,0.538,59,0.486,59,0.847,59,0.072,59,0.001,59,1.418,59,6.188,59,0.086,59,122.515,59,191.82,59,5481.0,130,2775.0,130,7967.0,130,28.8,130,22.3,130,36.7,130,2.6,130,2.4,130,3.2,130,,2005-01-01
130335A,Dee River at Wura,00:00:00 01/02/2005,46.0,10,0.619,9,0.536,9,0.882,9,0.496,9,0.199,9,2.006,9,42.872,9,17.194,9,173.318,9,1200.41,9,836.0,130,585.0,130,1058.0,130,28.5,130,26.5,130,31.9,130,6.7,130,5.0,130,7.2,130,,2005-02-01
130355A,Dee River at Kenbula,1/02/2005 0:00,55.0,10,0.539,59,0.505,59,0.739,59,0.04,59,0.005,59,0.63,59,3.425,59,0.432,59,54.432,59,95.89,59,3707.0,130,2741.0,130,6488.0,130,29.8,130,24.5,130,36.5,130,2.8,130,2.5,130,3.2,130,,2005-02-01
130335A,Dee River at Wura,00:00:00 01/03/2005,12.0,10,0.538,9,0.533,9,0.545,9,0.203,9,0.193,9,0.219,9,17.517,9,16.675,9,18.878,9,543.03,9,774.0,130,730.0,130,822.0,130,26.4,130,24.8,130,28.3,130,7.1,130,6.9,130,7.3,130,,2005-03-01
130355A,Dee River at Kenbula,1/03/2005 0:00,21.0,10,0.502,59,0.438,59,0.555,59,0.005,59,0.0,59,0.039,59,0.435,59,0.0,59,3.37,59,13.48,59,,200,,200,,200,,151,,151,,151,2.8,130,2.6,130,3.2,130,,2005-03-01
130335A,Dee River at Wura,00:00:00 01/04/2005,27.0,10,0.538,9,0.533,9,0.568,9,0.203,9,0.193,9,0.272,9,17.528,9,16.675,9,23.458,9,525.84,9,718.0,130,693.0,130,730.0,130,24.2,130,22.4,130,25.9,130,7.1,130,7.0,130,7.3,130,,2005-04-01
130355A,Dee River at Kenbula,1/04/2005 0:00,12.0,10,0.497,9,0.492,9,0.53,9,0.003,10,0.002,10,0.017,10,0.265,10,0.173,10,1.426,10,7.96,10,,200,,200,,200,,151,,151,,151,2.8,130,2.7,130,2.8,130,,2005-04-01
130335A,Dee River at Wura,00:00:00 01/05/2005,25.0,10,0.537,9,0.532,9,0.56,9,0.2,9,0.191,9,0.252,9,17.257,9,16.459,9,21.73,9,534.96,9,692.0,130,679.0,130,710.0,130,20.4,130,16.9,130,23.2,130,7.4,130,7.1,130,7.7,130,,2005-05-01
130355A,Dee River at Kenbula,1/05/2005 0:00,49.0,10,0.503,9,0.492,9,0.645,9,0.008,10,0.002,10,0.217,10,0.673,10,0.173,10,18.749,10,20.88,10,,200,,200,,200,20.4,130,12.4,130,28.2,130,2.8,130,2.6,130,3.2,130,,2005-05-01
130335A,Dee River at Wura,00:00:00 01/06/2005,53.0,10,0.529,9,0.522,9,0.571,9,0.185,9,0.171,9,0.279,9,15.998,9,14.774,9,24.106,9,479.95,9,657.0,130,563.0,130,685.0,130,19.2,130,16.5,130,21.0,130,7.5,130,6.9,130,7.7,130,,2005-06-01
130355A,Dee River at Kenbula,1/06/2005 0:00,61.0,10,0.505,9,0.492,9,0.634,9,0.008,10,0.002,10,0.185,10,0.72,10,0.173,10,15.984,10,21.59,10,,200,,200,,200,19.6,130,12.1,130,26.2,130,2.7,130,2.4,130,3.4,130,,2005-06-01
130335A,Dee River at Wura,00:00:00 01/07/2005,2.0,10,0.521,9,0.504,9,0.547,9,0.169,9,0.141,9,0.222,9,14.613,9,12.139,9,19.138,9,453.01,9,654.0,130,563.0,130,686.0,130,17.9,130,15.7,130,20.5,130,7.1,130,6.9,130,7.3,130,,2005-07-01
130355A,Dee River at Kenbula,1/07/2005 0:00,3.0,10,0.496,9,0.492,9,0.508,9,0.003,10,0.002,10,0.006,10,0.24,10,0.173,10,0.518,10,7.45,10,6511.0,130,5078.0,130,9656.0,130,18.3,130,10.4,130,24.9,130,3.0,130,2.8,130,3.4,130,,2005-07-01
130335A,Dee River at Wura,00:00:00 01/08/2005,44.0,10,0.497,9,0.479,9,0.532,9,0.131,9,0.105,9,0.191,9,11.301,9,9.072,9,16.459,9,350.32,9,690.0,130,670.0,130,698.0,130,,151,,151,,151,7.1,130,7.0,130,7.2,130,,2005-08-01
130355A,Dee River at Kenbula,1/08/2005 0:00,32.0,10,0.503,9,0.494,9,0.548,9,0.005,10,0.002,10,0.032,10,0.433,10,0.173,10,2.722,10,13.43,10,,151,,151,,151,,151,,151,,151,,151,,151,,151,,2005-08-01
130335A,Dee River at Wura,00:00:00 01/09/2005,11.0,10,0.465,9,0.448,9,0.479,9,0.088,9,0.07,9,0.105,9,7.634,9,6.005,9,9.072,9,229.03,9,695.0,130,687.0,130,702.0,130,,151,,151,,151,7.1,130,7.0,130,7.2,130,,2005-09-01
130355A,Dee River at Kenbula,1/09/2005 0:00,0.0,10,0.458,9,0.368,9,0.499,9,0.001,10,0.0,10,0.004,10,0.088,10,0.0,10,0.302,10,2.63,10,,151,,151,,151,,151,,151,,151,,151,,151,,151,,2005-09-01
130335A,Dee River at Wura,00:00:00 01/10/2005,81.0,10,0.446,9,0.427,9,0.476,9,0.068,9,0.051,9,0.101,9,5.841,9,4.363,9,8.726,9,181.07,9,701.0,130,684.0,130,758.0,130,,151,,151,,151,7.0,130,6.8,130,7.2,130,,2005-10-01
130355A,Dee River at Kenbula,1/10/2005 0:00,63.0,10,,180,,180,,180,0.013,19,0.0,19,0.227,19,1.123,19,0.0,19,19.613,19,34.81,19,,151,,151,,151,,151,,151,,151,,151,,151,,151,,2005-10-01
130335A,Dee River at Wura,00:00:00 01/11/2005,49.0,10,0.422,9,0.406,9,0.44,9,0.047,9,0.036,9,0.062,9,4.048,9,3.067,9,5.357,9,121.45,9,712.0,130,691.0,130,729.0,130,,151,,151,,151,7.0,10,6.9,10,7.1,10,,2005-11-01
130355A,Dee River at Kenbula,1/11/2005 0:00,68.0,10,0.49,9,0.44,9,1.007,9,0.022,20,0.0,20,3.992,20,1.888,20,0.0,20,344.909,20,56.65,20,7116.0,130,1937.0,130,8387.0,130,29.2,130,22.5,130,36.4,130,,200,,200,,200,,2005-11-01
130335A,Dee River at Wura,00:00:00 01/12/2005,22.0,10,0.369,9,0.302,9,0.416,9,0.02,9,0.002,9,0.042,9,1.724,9,0.16,9,3.629,9,53.45,9,711.0,130,703.0,130,720.0,130,,151,,151,,151,7.2,10,6.9,10,7.5,10,,2005-12-01
130355A,Dee River at Kenbula,1/12/2005 0:00,30.0,10,0.468,9,0.342,9,0.675,9,0.01,10,0.0,10,0.319,10,0.832,10,0.0,10,27.518,10,25.8,10,,151,,151,,151,,151,,151,,151,,200,,200,,200,,2005-12-01
130335A,Dee River at Wura,00:00:00 01/01/2006,71.0,10,0.286,10,0.238,10,0.317,10,0.001,10,0.0,10,0.004,10,0.082,10,0.0,10,0.302,10,2.55,10,733.0,130,674.0,130,779.0,130,,151,,151,,151,7.4,10,7.1,10,7.8,10,,2006-01-01
130355A,Dee River at Kenbula,1/01/2006 0:00,20.0,10,0.294,15,0.29,15,0.342,15,0.0,19,0.0,19,0.0,19,0.0,19,0.0,19,0.0,19,0.0,19,,200,,200,,200,,200,,200,,200,,200,,200,,200,,2006-01-01
130335A,Dee River at Wura,00:00:00 01/02/2006,1.0,10,0.14,10,0.057,10,0.238,10,0.0,10,0.0,10,0.0,10,0.0,10,0.0,10,0.0,10,0.0,10,759.0,150,748.0,150,781.0,150,28.4,150,25.5,150,32.2,150,7.0,150,6.8,150,7.4,150,,2006-02-01
130355A,Dee River at Kenbula,1/02/2006 0:00,8.0,10,0.29,15,0.29,15,0.29,15,0.0,15,0.0,15,0.0,15,0.0,15,0.0,15,0.0,15,0.0,15,,200,,200,,200,,200,,200,,200,,200,,200,,200,,2006-02-01
130335A,Dee River at Wura,00:00:00 01/03/2006,27.0,10,0.025,10,-0.042,10,0.084,10,0.0,10,0.0,10,0.0,10,0.0,10,0.0,10,0.0,10,0.0,10,,200,,200,,200,,200,,200,,200,,200,,200,,200,,2006-03-01
130355A,Dee River at Kenbula,1/03/2006 0:00,62.0,10,0.431,15,0.29,15,0.672,15,0.005,15,0.0,15,0.307,15,0.443,15,0.0,15,26.525,15,13.74,15,,200,,200,,200,,200,,200,,200,,200,,200,,200,,2006-03-01
130335A,Dee River at Wura,00:00:00 01/04/2006,19.0,10,-0.068,10,-0.127,10,-0.025,10,0.0,10,0.0,10,0.0,10,0.0,10,0.0,10,0.0,10,0.0,10,,200,,200,,200,,200,,200,,200,,200,,200,,200,,2006-04-01
130355A,Dee River at Kenbula,1/04/2006 0:00,38.0,10,0.475,10,0.423,10,0.525,10,0.002,10,0.0,10,0.014,10,0.134,10,0.0,10,1.21,10,4.01,10,7086.0,150,5244.0,150,7886.0,150,25.5,150,19.4,150,34.6,150,,200,,200,,200,,2006-04-01
130335A,Dee River at Wura,00:00:00 01/05/2006,5.0,10,-0.133,15,-0.133,15,-0.127,15,0.0,15,0.0,15,0.0,15,0.0,15,0.0,15,0.0,15,0.0,15,,200,,200,,200,,200,,200,,200,,200,,200,,200,,2006-05-01
130355A,Dee River at Kenbula,1/05/2006 0:00,6.0,10,0.37,10,0.331,10,0.441,10,0.0,10,0.0,10,0.0,10,0.0,10,0.0,10,0.0,10,0.0,10,,200,,200,,200,,200,,200,,200,,200,,200,,200,,2006-05-01
130335A,Dee River at Wura,00:00:00 01/06/2006,104.0,10,-0.087,15,-0.133,15,-0.005,15,0.0,15,0.0,15,0.0,15,0.0,15,0.0,15,0.0,15,0.0,15,,200,,200,,200,,200,,200,,200,,200,,200,,200,,2006-06-01
130355A,Dee River at Kenbula,1/06/2006 0:00,130.0,10,0.466,10,0.315,10,0.906,10,0.035,20,0.0,20,2.089,20,3.018,20,0.0,20,180.49,20,90.53,20,,200,,200,,200,,200,,200,,200,,200,,200,,200,,2006-06-01
130335A,Dee River at Wura,00:00:00 01/07/2006,27.0,10,0.044,10,-0.005,10,0.077,10,0.0,10,0.0,10,0.0,10,0.0,10,0.0,10,0.0,10,0.0,10,,200,,200,,200,,200,,200,,200,,200,,200,,200,,2006-07-01
130355A,Dee River at Kenbula,1/07/2006 0:00,27.0,10,0.495,10,0.483,10,0.517,10,0.003,10,0.0,10,0.01,10,0.235,10,0.0,10,0.864,10,7.29,10,4895.0,150,3735.0,150,5683.0,150,17.8,150,10.1,150,24.8,150,3.3,150,3.1,150,3.9,150,,2006-07-01
130335A,Dee River at Wura,00:00:00 01/08/2006,17.0,10,-0.01,10,-0.088,10,0.067,10,0.0,10,0.0,10,0.0,10,0.0,10,0.0,10,0.0,10,0.0,10,,200,,200,,200,,200,,200,,200,,200,,200,,200,,2006-08-01
130355A,Dee River at Kenbula,1/08/2006 0:00,17.0,10,0.485,10,0.477,10,0.519,10,0.001,10,0.0,10,0.011,10,0.069,10,0.0,10,0.95,10,2.15,10,6773.0,150,4944.0,150,7880.0,150,19.2,150,10.7,150,28.5,150,3.5,150,3.0,150,5.0,150,,2006-08-01
130335A,Dee River at Wura,00:00:00 01/09/2006,9.0,10,-0.113,15,-0.133,15,-0.05,15,0.0,15,0.0,15,0.0,15,0.0,15,0.0,15,0.0,15,0.0,15,,200,,200,,200,,200,,200,,200,,200,,200,,200,,2006-09-01
130355A,Dee River at Kenbula,1/09/2006 0:00,16.0,10,0.47,10,0.414,10,0.535,10,0.002,10,0.0,10,0.02,10,0.159,10,0.0,10,1.728,10,4.76,10,8409.0,150,7000.0,150,9419.0,150,22.5,150,14.5,150,32.6,150,3.5,150,3.0,150,4.9,150,,2006-09-01
130335A,Dee River at Wura,00:00:00 01/10/2006,4.0,10,-0.133,15,-0.133,15,-0.133,15,0.0,15,0.0,15,0.0,15,0.0,15,0.0,15,0.0,15,0.0,15,,200,,200,,200,,200,,200,,200,,200,,200,,200,,2006-10-01
130355A,Dee River at Kenbula,1/10/2006 0:00,5.0,10,0.321,15,0.29,15,0.414,15,0.0,15,0.0,15,0.0,15,0.0,15,0.0,15,0.0,15,0.0,15,,200,,200,,200,,200,,200,,200,,200,,200,,200,,2006-10-01
130335A,Dee River at Wura,00:00:00 01/11/2006,46.0,10,-0.133,15,-0.133,15,-0.133,15,0.0,15,0.0,15,0.0,15,0.0,15,0.0,15,0.0,15,0.0,15,,200,,200,,200,,200,,200,,200,,200,,200,,200,,2006-11-01
130355A,Dee River at Kenbula,1/11/2006 0:00,45.0,10,0.422,15,0.29,15,0.566,15,0.002,15,0.0,15,0.051,15,0.187,15,0.0,15,4.406,15,5.6,15,,200,,200,,200,,200,,200,,200,,200,,200,,200,,2006-11-01
130335A,Dee River at Wura,00:00:00 01/12/2006,37.0,10,-0.133,15,-0.133,15,-0.133,15,0.0,15,0.0,15,0.0,15,0.0,15,0.0,15,0.0,15,0.0,15,,200,,200,,200,,200,,200,,200,,200,,200,,200,,2006-12-01
130355A,Dee River at Kenbula,1/12/2006 0:00,53.0,10,0.292,15,0.287,15,0.316,15,0.0,15,0.0,15,0.0,15,0.0,15,0.0,15,0.0,15,0.0,15,,200,,200,,200,,200,,200,,200,,200,,200,,200,,2006-12-01
130335A,Dee River at Wura,00:00:00 01/01/2007,15.0,10,-0.133,15,-0.133,15,-0.133,15,0.0,15,0.0,15,0.0,15,0.0,15,0.0,15,0.0,15,0.0,15,,200,,200,,200,,200,,200,,200,,200,,200,,200,,2007-01-01
130355A,Dee River at Kenbula,1/01/2007 0:00,15.0,10,0.29,15,0.29,15,0.29,15,0.0,15,0.0,15,0.0,15,0.0,15,0.0,15,0.0,15,0.0,15,,200,,200,,200,,200,,200,,200,,200,,200,,200,,2007-01-01
130335A,Dee River at Wura,00:00:00 01/02/2007,69.0,10,-0.133,15,-0.133,15,-0.133,15,0.0,15,0.0,15,0.0,15,0.0,15,0.0,15,0.0,15,0.0,15,,200,,200,,200,,200,,200,,200,,200,,200,,200,,2007-02-01
130355A,Dee River at Kenbula,1/02/2007 0:00,62.0,10,0.372,15,0.207,15,0.695,15,0.008,15,0.0,15,0.401,15,0.73,15,0.0,15,34.646,15,20.45,15,,200,,200,,200,,200,,200,,200,,200,,200,,200,,2007-02-01
130335A,Dee River at Wura,00:00:00 01/03/2007,15.0,10,-0.133,15,-0.133,15,-0.133,15,0.0,15,0.0,15,0.0,15,0.0,15,0.0,15,0.0,15,0.0,15,,200,,200,,200,,200,,200,,200,,200,,200,,200,,2007-03-01
130355A,Dee River at Kenbula,1/03/2007 0:00,22.0,10,0.434,10,0.352,10,0.5,10,0.0,10,0.0,10,0.004,10,0.024,10,0.0,10,0.302,10,0.74,10,,160,,160,,160,,200,,200,,200,,200,,200,,200,,2007-03-01
130335A,Dee River at Wura,00:00:00 01/04/2007,9.0,10,-0.133,15,-0.133,15,-0.133,15,0.0,15,0.0,15,0.0,15,0.0,15,0.0,15,0.0,15,0.0,15,,200,,200,,200,,200,,200,,200,,200,,200,,200,,2007-04-01
130355A,Dee River at Kenbula,1/04/2007 0:00,5.0,10,0.246,15,0.21,15,0.352,15,0.0,15,0.0,15,0.0,15,0.0,15,0.0,15,0.0,15,0.0,15,,200,,200,,200,,200,,200,,200,,200,,200,,200,,2007-04-01
130335A,Dee River at Wura,00:00:00 01/05/2007,18.0,10,-0.133,15,-0.133,15,-0.133,15,0.0,15,0.0,15,0.0,15,0.0,15,0.0,15,0.0,15,0.0,15,,200,,200,,200,,200,,200,,200,,200,,200,,200,,2007-05-01
130355A,Dee River at Kenbula,1/05/2007 0:00,25.0,10,0.21,15,0.21,15,0.21,15,0.0,15,0.0,15,0.0,15,0.0,15,0.0,15,0.0,15,0.0,15,,200,,200,,200,,200,,200,,200,,200,,200,,200,,2007-05-01
130335A,Dee River at Wura,00:00:00 01/06/2007,149.0,10,-0.133,15,-0.133,15,-0.133,15,0.0,15,0.0,15,0.0,15,0.0,15,0.0,15,0.0,15,0.0,15,,200,,200,,200,,200,,200,,200,,200,,200,,200,,2007-06-01
130355A,Dee River at Kenbula,1/06/2007 0:00,144.0,10,0.457,15,0.21,15,0.588,15,0.013,15,0.0,15,0.084,15,1.1,15,0.0,15,7.258,15,33.01,15,,200,,200,,200,,200,,200,,200,,200,,200,,200,,2007-06-01
130335A,Dee River at Wura,00:00:00 01/07/2007,0.0,10,-0.133,15,-0.133,15,-0.133,15,0.0,15,0.0,15,0.0,15,0.0,15,0.0,15,0.0,15,0.0,15,,200,,200,,200,,200,,200,,200,,200,,200,,200,,2007-07-01
130355A,Dee River at Kenbula,1/07/2007 0:00,0.0,10,0.492,30,0.485,30,0.509,30,0.002,30,0.0,30,0.007,30,0.172,30,0.0,30,0.562,30,5.33,30,8098.0,10,6362.0,10,9313.0,10,14.4,10,6.9,10,23.7,10,3.1,10,2.6,10,3.8,10,,2007-07-01
130335A,Dee River at Wura,00:00:00 01/08/2007,24.0,10,-0.133,15,-0.133,15,-0.133,15,0.0,15,0.0,15,0.0,15,0.0,15,0.0,15,0.0,15,0.0,15,,200,,200,,200,,200,,200,,200,,200,,200,,200,,2007-08-01
130355A,Dee River at Kenbula,1/08/2007 0:00,24.0,10,0.49,60,0.481,60,0.526,60,0.002,60,0.0,60,0.015,60,0.169,60,0.0,60,1.253,60,5.23,60,9954.0,10,9132.0,10,10454.0,10,19.3,10,11.0,10,27.2,10,3.0,150,2.4,150,3.4,150,,2007-08-01
130335A,Dee River at Wura,00:00:00 01/09/2007,13.0,10,-0.133,15,-0.133,15,-0.133,15,0.0,15,0.0,15,0.0,15,0.0,15,0.0,15,0.0,15,0.0,15,,200,,200,,200,,200,,200,,200,,200,,200,,200,,2007-09-01
130355A,Dee River at Kenbula,1/09/2007 0:00,19.0,10,0.477,10,0.434,10,0.517,10,0.001,10,0.0,10,0.01,10,0.119,10,0.0,10,0.864,10,3.56,10,10669.0,10,9753.0,10,11872.0,10,23.3,10,16.0,10,33.2,10,,160,,160,,160,,2007-09-01
130335A,Dee River at Wura,00:00:00 01/10/2007,39.0,10,-0.133,15,-0.133,15,-0.133,15,0.0,15,0.0,15,0.0,15,0.0,15,0.0,15,0.0,15,0.0,15,,200,,200,,200,,200,,200,,200,,200,,200,,200,,2007-10-01
130355A,Dee River at Kenbula,1/10/2007 0:00,34.0,10,0.433,10,0.348,10,0.547,10,0.001,10,0.0,10,0.031,10,0.093,10,0.0,10,2.635,10,2.89,10,,200,,200,,200,,200,,200,,200,,160,,160,,160,,2007-10-01
130335A,Dee River at Wura,00:00:00 01/11/2007,46.0,10,-0.133,15,-0.133,15,-0.133,15,0.0,15,0.0,15,0.0,15,0.0,15,0.0,15,0.0,15,0.0,15,,200,,200,,200,,200,,200,,200,,200,,200,,200,,2007-11-01
130355A,Dee River at Kenbula,1/11/2007 0:00,55.0,10,0.446,10,0.336,10,0.586,10,0.003,10,0.0,10,0.081,10,0.252,10,0.0,10,6.955,10,7.55,10,,200,,200,,200,,200,,200,,200,,160,,160,,160,,2007-11-01
130335A,Dee River at Wura,00:00:00 01/12/2007,47.0,10,-0.133,15,-0.133,15,-0.133,15,0.0,15,0.0,15,0.0,15,0.0,15,0.0,15,0.0,15,0.0,15,,200,,200,,200,,200,,200,,200,,200,,200,,200,,2007-12-01
130355A,Dee River at Kenbula,1/12/2007 0:00,47.0,10,0.337,10,0.223,10,0.531,10,0.001,10,0.0,10,0.018,10,0.066,10,0.0,10,1.512,10,2.04,10,,200,,200,,200,,200,,200,,200,,200,,200,,200,,2007-12-01
130335A,Dee River at Wura,00:00:00 01/01/2008,83.0,10,0.264,15,-0.133,15,2.261,15,1.708,15,0.0,15,59.23,15,147.568,15,0.0,15,5117.429,15,4574.61,15,,200,,200,,200,,200,,200,,200,,200,,200,,200,,2008-01-01
130355A,Dee River at Kenbula,1/01/2008 0:00,140.0,10,0.548,10,0.489,10,0.75,10,0.065,10,0.002,10,0.702,10,5.601,10,0.13,10,60.653,10,173.62,10,5668.0,150,1569.0,150,14183.0,150,28.2,10,23.7,10,36.9,10,3.4,150,2.5,150,4.6,150,,2008-01-01
130335A,Dee River at Wura,00:00:00 01/02/2008,273.0,10,1.15,10,0.429,10,6.813,10,20.895,30,0.053,30,931.71,30,1805.311,30,4.536,30,80499.701,30,52354.03,30,427.0,150,127.0,150,940.0,150,26.5,150,22.6,150,30.9,150,,160,,160,,160,,2008-02-01
130355A,Dee River at Kenbula,1/02/2008 0:00,209.0,10,0.706,10,0.512,10,2.394,10,3.053,30,0.008,30,182.973,30,263.801,30,0.648,30,15808.867,30,7650.24,30,2391.0,150,172.0,150,6525.0,150,27.5,10,22.1,10,34.8,10,,160,,160,,160,,2008-02-01
130335A,Dee River at Wura,00:00:00 01/03/2008,43.0,10,0.456,20,0.406,20,0.58,20,0.1,30,0.042,30,0.324,30,8.669,30,3.629,30,27.95,30,268.73,30,614.0,150,447.0,150,729.0,150,25.4,150,22.1,150,28.0,150,6.9,10,6.7,10,7.3,10,,2008-03-01
130355A,Dee River at Kenbula,1/03/2008 0:00,41.0,10,0.53,10,0.506,10,0.621,10,0.02,10,0.006,10,0.152,10,1.751,10,0.475,10,13.09,10,54.29,10,5103.0,10,2662.0,10,7033.0,10,26.0,10,20.4,10,32.4,10,3.6,150,3.2,150,4.3,150,,2008-03-01
130335A,Dee River at Wura,00:00:00 01/04/2008,2.0,10,0.41,20,0.401,20,0.432,20,0.038,30,0.031,30,0.061,30,3.301,30,2.635,30,5.27,30,99.04,30,714.0,10,615.0,10,737.0,10,22.3,10,18.7,10,24.5,10,6.9,10,6.7,10,7.1,10,,2008-04-01
130355A,Dee River at Kenbula,1/04/2008 0:00,0.0,10,0.506,10,0.49,10,0.54,10,0.007,10,0.002,10,0.024,10,0.571,10,0.13,10,2.074,10,17.14,10,7344.0,10,6837.0,10,8120.0,10,23.3,10,14.5,10,30.4,10,3.4,150,3.2,150,3.9,150,,2008-04-01
130335A,Dee River at Wura,00:00:00 01/05/2008,25.0,10,0.408,20,0.398,20,0.416,20,0.027,30,0.021,30,0.037,30,2.299,30,1.814,30,3.154,30,71.27,30,698.0,10,660.0,10,722.0,10,19.2,10,16.6,10,21.1,10,7.1,10,6.9,10,7.3,10,,2008-05-01
130355A,Dee River at Kenbula,1/05/2008 0:00,35.0,10,0.5,10,0.487,10,0.593,10,0.006,10,0.001,10,0.093,10,0.484,10,0.086,10,8.035,10,14.99,10,8713.0,10,7556.0,10,9235.0,10,19.2,10,11.7,10,25.3,10,3.4,150,3.2,150,3.9,150,,2008-05-01
130335A,Dee River at Wura,00:00:00 01/06/2008,5.0,10,0.414,20,0.399,20,0.424,20,0.021,30,0.015,30,0.025,30,1.793,30,1.296,30,2.16,30,53.79,30,664.0,10,650.0,10,685.0,10,18.9,10,15.8,10,22.0,10,7.1,20,6.9,20,7.6,20,,2008-06-01
130355A,Dee River at Kenbula,1/06/2008 0:00,17.0,10,0.503,10,0.492,10,0.556,10,0.006,10,0.002,10,0.04,10,0.512,10,0.173,10,3.456,10,15.35,10,7943.0,10,7190.0,10,8496.0,10,18.5,10,10.9,10,25.9,10,3.6,150,3.2,150,3.9,150,,2008-06-01
130335A,Dee River at Wura,00:00:00 01/07/2008,90.0,10,0.415,10,0.394,10,0.461,10,0.021,30,0.014,30,0.05,30,1.824,30,1.166,30,4.32,30,56.53,30,647.0,10,615.0,10,655.0,10,17.6,10,14.8,10,20.0,10,7.1,20,6.9,20,7.4,20,,2008-07-01
130355A,Dee River at Kenbula,1/07/2008 0:00,101.0,10,0.521,10,0.493,10,0.695,10,0.023,10,0.002,10,0.401,10,2.026,10,0.173,10,34.646,10,62.81,10,7141.0,10,3909.0,10,8665.0,10,16.5,10,9.7,10,23.5,10,3.6,150,3.2,150,4.5,150,,2008-07-01
130335A,Dee River at Wura,00:00:00 01/08/2008,4.0,10,0.42,10,0.406,10,0.43,10,0.022,30,0.017,30,0.028,30,1.932,30,1.469,30,2.376,30,59.9,30,651.0,10,645.0,10,657.0,10,16.9,10,14.2,10,21.2,10,7.2,20,6.9,20,7.4,20,,2008-08-01
130355A,Dee River at Kenbula,1/08/2008 0:00,5.0,10,0.503,10,0.495,10,0.518,10,0.005,10,0.003,10,0.011,10,0.402,10,0.216,10,0.907,10,12.45,10,6051.0,10,4533.0,10,7078.0,10,16.7,10,10.2,10,27.0,10,3.6,150,3.2,150,4.1,150,,2008-08-01
130335A,Dee River at Wura,00:00:00 01/09/2008,22.0,10,0.417,10,0.41,10,0.435,10,0.021,30,0.018,30,0.031,30,1.835,30,1.555,30,2.635,30,55.04,30,662.0,10,648.0,10,670.0,10,21.5,10,19.1,10,24.0,10,,160,,160,,160,,2008-09-01
130355A,Dee River at Kenbula,1/09/2008 0:00,24.0,10,0.509,10,0.486,10,0.555,10,0.007,10,0.001,10,0.039,10,0.643,10,0.086,10,3.37,10,19.29,10,7327.0,10,6882.0,10,7860.0,10,23.2,10,16.9,10,32.2,10,3.3,150,3.1,150,3.7,150,,2008-09-01
130335A,Dee River at Wura,00:00:00 01/10/2008,35.0,10,0.423,10,0.412,10,0.43,10,0.024,30,0.019,30,0.028,30,2.111,30,1.642,30,2.376,30,65.44,30,652.0,10,637.0,10,665.0,10,23.4,10,20.6,10,26.2,10,,160,,160,,160,,2008-10-01
130355A,Dee River at Kenbula,1/10/2008 0:00,28.0,10,0.492,60,0.455,60,0.508,60,0.003,60,0.0,60,0.006,60,0.233,60,0.0,60,0.518,60,7.22,60,8470.0,10,7860.0,10,9426.0,10,25.6,10,16.3,10,33.8,10,3.0,10,2.9,10,3.1,10,,2008-10-01
130335A,Dee River at Wura,00:00:00 01/11/2008,66.0,10,0.414,10,0.393,10,0.44,10,0.02,30,0.014,30,0.034,30,1.758,30,1.166,30,2.938,30,52.75,30,646.0,10,603.0,10,653.0,10,26.8,10,23.6,10,29.2,10,,160,,160,,160,,2008-11-01
130355A,Dee River at Kenbula,1/11/2008 0:00,87.0,10,0.502,60,0.462,60,0.997,60,0.034,60,0.0,60,3.746,60,2.942,60,0.0,60,323.611,60,88.27,60,9762.0,10,2326.0,10,10703.0,10,27.7,10,20.5,10,35.7,10,,160,,160,,160,,2008-11-01
130335A,Dee River at Wura,00:00:00 01/12/2008,78.0,10,0.476,10,0.402,10,1.095,10,0.143,30,0.016,30,3.975,30,12.371,30,1.339,30,343.397,30,383.5,30,901.0,10,556.0,10,2644.0,10,28.0,10,24.8,10,31.3,10,,160,,160,,160,,2008-12-01
130355A,Dee River at Kenbula,1/12/2008 0:00,80.0,10,0.533,10,0.461,10,0.796,10,0.04,10,0.0,10,0.997,10,3.463,10,0.0,10,86.141,10,107.35,10,5356.0,10,2828.0,10,7906.0,10,29.5,10,23.9,10,37.2,10,3.2,10,3.1,10,3.6,10,,2008-12-01
130335A,Dee River at Wura,00:00:00 01/01/2009,60.0,10,0.623,10,0.449,10,3.323,10,0.987,30,0.004,30,103.0,30,85.257,30,0.302,30,8899.2,30,2642.98,30,590.0,10,129.0,10,856.0,10,27.3,10,24.3,10,30.9,10,7.1,10,6.9,10,7.4,10,,2009-01-01
130355A,Dee River at Kenbula,1/01/2009 0:00,110.0,10,0.521,10,0.447,10,0.668,10,0.02,10,0.0,10,0.293,10,1.741,10,0.0,10,25.272,10,53.98,10,7840.0,10,6064.0,10,9301.0,10,28.9,10,24.0,10,37.3,10,3.2,10,3.1,10,3.4,10,,2009-01-01
130335A,Dee River at Wura,00:00:00 01/02/2009,136.0,10,0.806,10,0.514,10,2.596,10,2.687,30,0.005,30,55.241,30,232.172,30,0.432,30,4772.779,30,6500.82,30,639.0,10,469.0,10,2343.0,10,27.3,10,25.5,10,29.1,10,6.7,10,4.3,10,7.2,10,,2009-02-01
130355A,Dee River at Kenbula,1/02/2009 0:00,154.0,10,0.569,10,0.492,10,0.891,10,0.102,20,0.002,20,1.899,20,8.802,20,0.173,20,164.074,20,246.46,20,5755.0,10,3420.0,10,8864.0,10,28.6,10,24.5,10,38.5,10,3.2,10,2.7,10,3.4,10,,2009-02-01
130335A,Dee River at Wura,00:00:00 01/03/2009,19.0,10,0.554,10,0.541,10,0.589,10,0.02,30,0.014,30,0.047,30,1.764,30,1.166,30,4.018,30,54.69,30,671.0,10,601.0,10,702.0,10,25.6,10,23.6,10,27.2,10,7.0,10,6.8,10,7.2,10,,2009-03-01
130355A,Dee River at Kenbula,1/03/2009 0:00,20.0,10,0.537,10,0.508,10,0.563,10,0.023,10,0.006,10,0.048,10,1.953,10,0.518,10,4.104,10,60.55,10,8412.0,10,5117.0,10,10403.0,10,27.1,10,22.0,10,34.4,10,3.1,10,2.7,10,3.3,10,,2009-03-01
130335A,Dee River at Wura,00:00:00 01/04/2009,28.0,10,0.545,10,0.538,10,0.558,10,0.015,30,0.013,30,0.023,30,1.32,30,1.08,30,1.944,30,39.59,30,676.0,10,642.0,10,700.0,10,23.4,10,19.6,10,25.7,10,7.1,10,7.0,10,7.2,10,,2009-04-01
130355A,Dee River at Kenbula,1/04/2009 0:00,29.0,10,0.511,10,0.483,10,0.564,10,0.01,10,0.0,10,0.049,10,0.861,10,0.0,10,4.234,10,25.82,10,9597.0,10,8369.0,10,10113.0,10,24.7,10,17.7,10,31.8,10,3.3,10,3.2,10,3.3,10,,2009-04-01
130335A,Dee River at Wura,00:00:00 01/05/2009,5.0,10,0.539,10,0.538,10,0.541,10,0.013,30,0.013,30,0.014,30,1.112,30,1.08,30,1.166,30,34.46,30,637.0,10,630.0,10,644.0,10,19.6,10,17.6,10,21.1,10,7.1,10,7.0,10,7.2,10,,2009-05-01
130355A,Dee River at Kenbula,1/05/2009 0:00,6.0,10,0.531,10,0.503,10,0.542,10,0.018,10,0.005,10,0.026,10,1.553,10,0.389,10,2.203,10,48.13,10,10574.0,10,9816.0,10,11741.0,10,19.8,10,14.1,10,25.3,10,3.3,10,3.1,10,3.4,10,,2009-05-01
130335A,Dee River at Wura,00:00:00 01/06/2009,16.0,10,0.534,10,0.52,10,0.544,10,0.011,30,0.007,30,0.015,30,0.933,30,0.562,30,1.296,30,27.98,30,615.0,10,596.0,10,633.0,10,17.1,10,13.4,10,19.8,10,7.2,10,7.0,10,7.3,10,,2009-06-01
130355A,Dee River at Kenbula,1/06/2009 0:00,12.0,10,0.525,10,0.488,10,0.543,10,0.016,10,0.002,10,0.027,10,1.378,10,0.13,10,2.29,10,41.33,10,10120.0,10,9859.0,10,10381.0,10,17.7,10,10.4,10,23.6,10,3.4,10,3.4,10,3.4,10,,2009-06-01
130335A,Dee River at Wura,00:00:00 01/07/2009,0.0,10,0.52,10,0.512,10,0.527,10,0.006,30,0.005,30,0.008,30,0.542,30,0.389,30,0.691,30,16.82,30,597.0,10,593.0,10,603.0,10,15.7,10,13.3,10,17.4,10,7.2,10,7.1,10,7.4,10,,2009-07-01
130355A,Dee River at Kenbula,1/07/2009 0:00,0.0,1,0.475,10,0.468,10,0.498,10,0.0,10,0.0,10,0.003,10,0.012,10,0.0,10,0.259,10,0.37,10,10878.0,10,10076.0,10,11560.0,10,16.6,10,9.6,10,22.6,10,3.3,10,3.3,10,3.4,10,,2009-07-01
130335A,Dee River at Wura,00:00:00 01/08/2009,0.0,10,0.497,10,0.478,10,0.512,10,0.002,60,0.0,60,0.005,60,0.183,60,0.0,60,0.389,60,5.67,60,593.0,10,590.0,10,596.0,10,18.6,10,14.2,10,22.0,10,7.2,10,7.1,10,7.3,10,,2009-08-01
130355A,Dee River at Kenbula,1/08/2009 0:00,0.0,10,0.523,10,0.475,10,0.544,10,0.015,10,0.0,10,0.028,10,1.296,10,0.0,10,2.376,10,40.17,10,10878.0,10,10471.0,10,11642.0,10,20.8,10,11.1,10,28.2,10,3.2,10,3.1,10,3.3,10,,2009-08-01
130335A,Dee River at Wura,00:00:00 01/09/2009,1.0,10,0.458,10,0.433,10,0.478,10,0.0,60,0.0,60,0.0,60,0.0,60,0.0,60,0.0,60,0.0,60,599.0,10,594.0,10,606.0,10,21.4,10,19.3,10,24.3,10,7.2,10,7.1,10,7.3,10,,2009-09-01
130355A,Dee River at Kenbula,1/09/2009 0:00,1.0,10,0.521,10,0.457,10,0.539,10,0.015,10,0.0,10,0.024,10,1.268,10,0.0,10,2.03,10,38.03,10,10826.0,10,10402.0,10,11498.0,10,22.9,10,16.6,10,31.9,10,3.2,10,3.1,10,3.2,10,,2009-09-01
130335A,Dee River at Wura,00:00:00 01/10/2009,9.0,10,0.415,10,0.394,10,0.433,10,0.0,60,0.0,60,0.0,60,0.0,60,0.0,60,0.0,60,0.0,60,573.0,10,537.0,10,608.0,10,22.9,20,19.7,20,25.6,20,7.1,10,6.9,10,7.3,10,,2009-10-01
130355A,Dee River at Kenbula,1/10/2009 0:00,15.0,10,0.51,10,0.445,10,0.546,10,0.011,10,0.0,10,0.029,10,0.911,10,0.0,10,2.506,10,28.24,10,11904.0,10,11416.0,10,12258.0,10,24.7,10,16.1,10,33.2,10,3.1,10,3.0,10,3.2,10,,2009-10-01
130335A,Dee River at Wura,00:00:00 01/11/2009,1.0,10,0.361,10,0.313,10,0.394,10,0.0,60,0.0,60,0.0,60,0.0,60,0.0,60,0.0,60,0.0,60,622.0,10,584.0,10,665.0,10,25.5,20,21.9,20,30.7,20,7.2,10,7.1,10,7.5,10,,2009-11-01
130355A,Dee River at Kenbula,1/11/2009 0:00,7.0,10,0.517,10,0.484,10,0.539,10,0.012,10,0.0,10,0.023,10,0.995,10,0.0,10,1.987,10,29.85,10,12055.0,10,11410.0,10,13097.0,10,27.8,10,15.3,10,36.7,10,3.2,10,3.1,10,3.3,10,,2009-11-01
130335A,Dee River at Wura,00:00:00 01/12/2009,96.0,10,0.347,10,0.232,10,1.503,10,0.335,60,0.0,60,11.837,60,28.951,60,0.0,60,1022.674,60,897.48,60,749.0,10,606.0,10,2418.0,10,27.2,20,23.7,20,32.2,20,7.3,10,4.3,10,7.7,10,,2009-12-01
130355A,Dee River at Kenbula,1/12/2009 0:00,240.0,10,0.539,10,0.394,10,0.98,10,0.164,20,0.0,20,3.354,20,14.147,20,0.0,20,289.742,20,438.56,20,7314.0,10,886.0,10,12812.0,10,28.9,10,19.2,10,38.4,10,3.5,10,3.1,10,4.6,10,,2009-12-01
130335A,Dee River at Wura,00:00:00 01/01/2010,48.0,10,0.521,10,0.423,10,0.933,10,0.209,20,0.033,20,1.904,20,18.032,20,2.851,20,164.462,20,559.01,20,1424.0,10,1059.0,10,2308.0,10,27.4,20,24.8,20,30.5,20,6.0,10,4.3,10,7.0,10,,2010-01-01
130355A,Dee River at Kenbula,1/01/2010 0:00,83.0,10,0.592,10,0.532,10,0.825,10,0.152,10,0.018,10,1.217,10,13.107,10,1.555,10,105.106,10,406.31,10,3738.0,30,814.0,30,7575.0,30,28.8,10,23.9,10,35.3,10,4.4,10,3.3,10,6.1,10,,2010-01-01
130335A,Dee River at Wura,00:00:00 01/02/2010,229.0,10,1.756,10,0.443,10,8.026,10,41.411,30,0.046,30,1337.066,30,3577.93,30,3.931,30,115522.546,30,100182.03,30,398.0,10,122.0,10,1248.0,10,26.5,10,23.1,10,31.1,10,6.9,10,5.2,10,8.9,10,,2010-02-01
130355A,Dee River at Kenbula,1/02/2010 0:00,199.0,10,0.873,10,0.624,10,2.608,10,5.287,30,0.158,30,235.151,30,456.778,30,13.608,30,20317.047,30,12789.78,30,1201.0,30,144.0,30,7375.0,30,27.0,10,22.7,10,34.1,10,4.4,10,3.4,10,7.2,10,,2010-02-01
130335A,Dee River at Wura,00:00:00 01/03/2010,119.0,10,1.122,10,0.63,10,4.99,10,9.79,30,0.284,30,359.72,30,845.819,30,24.494,30,31079.808,30,26220.39,30,524.0,10,220.0,10,1260.0,10,26.6,10,23.5,10,31.0,10,6.9,10,4.8,10,8.0,10,,2010-03-01
130355A,Dee River at Kenbula,1/03/2010 0:00,170.0,10,0.731,10,0.565,10,2.126,10,1.98,30,0.05,30,128.254,30,171.096,30,4.32,30,11081.146,30,5303.97,30,1722.0,30,283.0,30,4075.0,30,26.7,10,22.7,10,32.2,10,4.4,10,3.4,10,6.6,10,,2010-03-01
130335A,Dee River at Wura,00:00:00 01/04/2010,6.0,10,0.65,10,0.571,10,0.852,10,0.368,20,0.156,20,1.183,20,31.829,20,13.435,20,102.19,20,954.87,20,675.0,10,571.0,10,780.0,10,25.7,10,23.7,10,29.1,10,7.1,10,6.4,10,7.4,10,,2010-04-01
130355A,Dee River at Kenbula,1/04/2010 0:00,6.0,10,0.585,10,0.534,10,0.667,10,0.087,10,0.02,10,0.289,10,7.538,10,1.685,10,24.97,10,226.15,10,4036.0,10,1402.0,10,5698.0,10,25.4,10,22.3,10,30.5,10,3.8,10,3.7,10,4.2,10,,2010-04-01
130335A,Dee River at Wura,00:00:00 01/05/2010,4.0,10,0.523,10,0.497,10,0.571,10,0.087,10,0.058,10,0.156,10,7.552,10,5.011,10,13.435,10,234.1,10,711.0,10,641.0,10,881.0,10,21.5,10,18.1,10,25.3,10,7.3,10,7.2,10,7.3,10,,2010-05-01
130355A,Dee River at Kenbula,1/05/2010 0:00,25.0,10,0.541,10,0.516,10,0.636,10,0.028,10,0.01,10,0.191,10,2.447,10,0.821,10,16.459,10,75.87,10,6213.0,10,5133.0,10,7213.0,10,20.0,10,14.1,10,26.4,10,3.7,10,3.4,10,3.7,10,,2010-05-01
130335A,Dee River at Wura,00:00:00 01/06/2010,6.0,10,0.497,10,0.488,10,0.512,10,0.059,10,0.051,10,0.073,10,5.062,10,4.406,10,6.264,10,151.85,10,906.0,10,832.0,10,1010.0,10,19.0,10,16.5,10,20.6,10,7.2,10,7.1,10,7.3,10,,2010-06-01
130355A,Dee River at Kenbula,1/06/2010 0:00,16.0,10,0.549,10,0.518,10,0.566,10,0.033,10,0.011,10,0.051,10,2.869,10,0.907,10,4.406,10,86.06,10,,160,,160,,160,16.7,10,12.1,10,22.3,10,3.7,150,3.5,150,3.8,150,,2010-06-01
130335A,Dee River at Wura,00:00:00 01/07/2010,10.0,10,0.482,10,0.477,10,0.491,10,0.046,10,0.043,10,0.053,10,3.99,10,3.672,10,4.579,10,123.69,10,1037.0,10,981.0,10,1079.0,10,18.5,10,14.8,10,21.1,10,7.1,10,6.8,10,7.5,10,,2010-07-01
130355A,Dee River at Kenbula,1/07/2010 0:00,12.0,10,0.544,10,0.519,10,0.558,10,0.029,10,0.011,10,0.042,10,2.491,10,0.95,10,3.629,10,77.21,10,,160,,160,,160,17.4,10,12.2,10,24.7,10,3.5,150,3.3,150,3.6,150,,2010-07-01
130335A,Dee River at Wura,00:00:00 01/08/2010,10.0,10,0.489,10,0.477,10,0.569,10,0.053,10,0.043,10,0.152,10,4.608,10,3.672,10,13.133,10,142.86,10,1333.0,10,942.0,10,2143.0,10,18.5,10,15.0,10,21.3,10,6.9,10,5.7,10,7.7,10,,2010-08-01
130355A,Dee River at Kenbula,1/08/2010 0:00,60.0,10,0.548,10,0.507,10,0.687,10,0.038,10,0.006,10,0.367,10,3.276,10,0.475,10,31.666,10,101.56,10,,160,,160,,160,18.3,10,11.6,10,24.8,10,3.6,150,3.5,150,3.7,150,,2010-08-01
130335A,Dee River at Wura,00:00:00 01/09/2010,82.0,10,0.65,10,0.487,10,1.46,10,0.889,20,0.05,20,10.464,20,76.784,20,4.32,20,904.09,20,2303.52,20,1632.0,10,934.0,10,2311.0,10,21.5,10,19.2,10,25.5,10,6.6,10,4.5,10,7.3,10,,2010-09-01
130355A,Dee River at Kenbula,1/09/2010 0:00,156.0,10,0.591,10,0.513,10,0.842,10,0.179,10,0.008,10,1.37,10,15.484,10,0.691,10,118.368,10,464.53,10,,160,,160,,160,22.5,10,18.4,10,31.0,10,3.9,150,3.3,150,6.5,150,,2010-09-01
130335A,Dee River at Wura,00:00:00 01/10/2010,1.0,10,0.706,10,0.579,10,1.564,10,0.77,20,0.171,20,13.097,20,66.512,20,14.774,20,1131.538,20,2061.86,20,1096.0,20,649.0,20,1544.0,20,24.2,10,20.5,10,27.6,10,7.0,10,6.0,10,7.9,10,,2010-10-01
130355A,Dee River at Kenbula,1/10/2010 0:00,74.0,10,0.603,10,0.556,10,0.777,10,0.139,10,0.04,10,0.872,10,11.992,10,3.456,10,75.341,10,371.75,10,,160,,160,,160,24.7,10,17.9,10,31.1,10,4.7,150,3.7,150,6.6,150,,2010-10-01
130335A,Dee River at Wura,00:00:00 01/11/2010,84.0,10,0.769,10,0.561,10,3.02,10,2.529,20,0.184,20,79.848,20,218.541,20,15.898,20,6898.867,20,6556.23,20,946.0,20,296.0,20,1344.0,20,24.9,10,22.0,10,27.4,10,7.3,10,5.6,10,8.6,10,,2010-11-01
130355A,Dee River at Kenbula,1/11/2010 0:00,140.0,10,0.614,10,0.535,10,1.062,10,0.303,20,0.02,20,5.564,20,26.207,20,1.728,20,480.686,20,786.2,20,,160,,160,,160,25.5,10,21.6,10,35.3,10,4.7,150,3.8,150,7.3,150,,2010-11-01
130335A,Dee River at Wura,00:00:00 01/12/2010,323.0,10,1.908,10,0.786,10,9.54,10,53.417,30,0.933,30,1928.852,30,4615.221,30,80.613,30,166652.857,30,143071.84,30,430.0,20,87.0,20,1240.0,20,26.3,10,22.0,10,30.8,10,7.0,10,4.7,10,8.4,10,,2010-12-01
130355A,Dee River at Kenbula,1/12/2010 0:00,486.0,10,0.94,10,0.627,10,3.316,10,9.886,30,0.166,30,466.245,30,854.114,30,14.342,30,40283.568,30,26477.53,30,,160,,160,,160,26.7,10,21.8,10,34.5,10,,160,,160,,160,,2010-12-01
130335A,Dee River at Wura,00:00:00 01/01/2011,95.0,10,1.518,10,0.902,10,4.224,10,16.906,30,1.44,30,218.569,30,1460.699,30,124.416,30,18884.319,30,45281.66,30,792.0,150,163.0,150,1094.0,150,27.8,10,23.9,10,32.1,10,6.1,10,4.6,10,7.6,10,,2011-01-01
130355A,Dee River at Kenbula,1/01/2011 0:00,126.0,10,0.871,10,0.655,10,1.855,10,3.058,20,0.249,20,82.265,20,264.253,20,21.47,20,7107.653,20,8191.85,20,,160,,160,,160,27.9,10,22.9,10,35.3,10,,160,,160,,160,,2011-01-01
130335A,Dee River at Wura,00:00:00 01/02/2011,53.0,10,0.957,10,0.778,10,1.959,10,2.305,30,0.633,30,26.69,30,199.142,30,54.691,30,2305.973,30,5575.98,30,,160,,160,,160,28.6,150,27.5,150,31.2,150,6.1,10,4.5,10,7.3,10,,2011-02-01
130355A,Dee River at Kenbula,1/02/2011 0:00,126.0,83,0.717,10,0.645,10,1.088,10,0.599,20,0.218,20,6.448,20,51.772,20,18.792,20,557.107,20,1449.63,20,2237.0,20,932.0,20,6028.0,20,28.7,10,23.9,10,35.5,10,3.6,10,3.1,10,4.4,10,,2011-02-01
130335A,Dee River at Wura,00:00:00 01/03/2011,88.0,10,1.35,10,0.766,10,3.914,10,11.338,30,0.574,30,172.551,30,979.563,30,49.55,30,14908.406,30,30366.45,30,,160,,160,,160,26.2,150,23.7,150,28.6,150,6.2,10,4.3,10,7.6,10,,2011-03-01
130355A,Dee River at Kenbula,1/03/2011 0:00,283.0,83,0.881,10,0.639,10,1.479,10,2.686,20,0.199,20,34.03,20,232.095,20,17.194,20,2940.192,20,7194.95,20,1446.0,150,358.0,150,3702.0,150,26.1,10,22.3,10,32.4,10,4.3,10,3.3,10,7.1,10,,2011-03-01
130335A,Dee River at Wura,00:00:00 01/04/2011,60.0,10,1.114,10,0.82,10,4.061,10,6.007,30,0.87,30,193.51,30,519.043,30,75.168,30,16719.221,30,15571.29,30,1016.0,150,342.0,150,1337.0,150,23.4,150,19.3,150,26.8,150,6.3,150,4.4,150,7.2,150,,2011-04-01
130355A,Dee River at Kenbula,1/04/2011 0:00,132.0,83,0.781,10,0.679,10,1.445,10,1.29,20,0.334,20,30.871,20,111.442,20,28.858,20,2667.211,20,3343.26,20,1972.0,150,599.0,150,2839.0,150,23.2,10,18.3,10,28.2,10,3.9,10,3.5,10,5.6,10,,2011-04-01
130335A,Dee River at Wura,00:00:00 01/05/2011,29.0,10,0.834,10,0.767,10,0.956,10,0.982,30,0.579,30,1.904,30,84.803,30,49.998,30,164.462,30,2628.89,30,1375.0,150,1203.0,150,1475.0,150,19.4,150,16.5,150,23.8,150,6.1,150,5.6,150,6.2,150,,2011-05-01
130355A,Dee River at Kenbula,1/05/2011 0:00,20.0,83,0.661,10,0.633,10,0.72,10,0.275,10,0.182,10,0.524,10,23.799,10,15.725,10,45.23,10,737.76,10,2836.0,150,2585.0,150,3048.0,150,18.4,10,10.0,10,25.6,10,3.7,10,3.5,10,4.2,10,,2011-05-01
130335A,Dee River at Wura,00:00:00 01/06/2011,20.0,10,0.748,10,0.702,10,0.869,10,0.502,30,0.298,30,1.194,30,43.372,30,25.741,30,103.162,30,1301.15,30,1477.0,150,1418.0,150,1568.0,150,17.2,150,15.4,150,18.9,150,6.2,150,6.0,150,6.5,150,,2011-06-01
130355A,Dee River at Kenbula,1/06/2011 0:00,22.0,83,0.608,10,0.566,10,0.704,10,0.132,10,0.051,10,0.443,10,11.4,10,4.406,10,38.232,10,342.01,10,,200,,200,,200,,200,,200,,200,,200,,200,,200,,2011-06-01
130335A,Dee River at Wura,00:00:00 01/07/2011,6.0,10,0.686,10,0.657,10,0.72,10,0.246,30,0.166,30,0.365,30,21.271,30,14.347,30,31.536,30,659.41,30,1490.0,150,1427.0,150,1639.0,150,16.0,150,14.8,150,16.8,150,6.4,150,6.2,150,6.6,150,,2011-07-01
130355A,Dee River at Kenbula,1/07/2011 0:00,9.0,83,0.56,10,0.535,10,0.585,10,0.045,10,0.02,10,0.079,10,3.919,10,1.728,10,6.782,10,121.49,10,,200,,200,,200,,200,,200,,200,,200,,200,,200,,2011-07-01
130335A,Dee River at Wura,00:00:00 01/08/2011,54.0,10,0.681,10,0.627,10,1.238,10,0.383,30,0.104,30,5.689,30,33.11,30,8.942,30,491.53,30,1026.42,30,,170,,170,,170,17.4,150,16.2,150,19.8,150,6.5,150,6.2,150,6.9,150,,2011-08-01
130355A,Dee River at Kenbula,1/08/2011 0:00,88.0,83,0.555,10,0.52,10,0.876,10,0.063,20,0.012,20,1.722,20,5.452,20,0.994,20,148.738,20,169.02,20,,200,,200,,200,,200,,200,,200,,200,,200,,200,,2011-08-01
130335A,Dee River at Wura,00:00:00 01/09/2011,2.0,10,0.659,10,0.617,10,0.798,10,0.188,30,0.081,30,0.739,30,16.283,30,6.992,30,63.85,30,488.49,30,1693.0,150,1643.0,150,1772.0,150,19.6,150,18.6,150,21.0,150,6.4,150,6.4,150,6.5,150,,2011-09-01
130355A,Dee River at Kenbula,1/09/2011 0:00,1.0,83,0.556,10,0.54,10,0.617,10,0.042,10,0.024,10,0.141,10,3.589,10,2.074,10,12.182,10,107.68,10,,200,,200,,200,,200,,200,,200,,200,,200,,200,,2011-09-01
130335A,Dee River at Wura,00:00:00 01/10/2011,25.0,10,0.609,10,0.577,10,0.722,10,0.071,30,0.026,30,0.373,30,6.154,30,2.22,30,32.227,30,190.79,30,1624.0,150,1609.0,150,1644.0,150,22.2,150,20.7,150,23.8,150,6.5,150,6.4,150,6.5,150,,2011-10-01
130355A,Dee River at Kenbula,1/10/2011 0:00,30.0,83,0.549,10,0.516,10,0.648,10,0.038,10,0.01,10,0.227,10,3.294,10,0.821,10,19.613,10,102.1,10,,200,,200,,200,,200,,200,,200,,200,,200,,200,,2011-10-01
130335A,Dee River at Wura,00:00:00 01/11/2011,0.0,10,0.57,10,0.567,10,0.577,10,0.021,30,0.019,30,0.026,30,1.808,30,1.598,30,2.22,30,54.25,30,,160,,160,,160,,160,,160,,160,,160,,160,,160,,2011-11-01
130355A,Dee River at Kenbula,1/11/2011 0:00,5.0,83,0.534,10,0.502,10,0.558,10,0.022,10,0.005,10,0.042,10,1.919,10,0.389,10,3.629,10,57.57,10,7575.0,30,6161.0,30,8703.0,30,28.0,10,21.7,10,35.7,10,4.3,20,4.1,20,4.6,20,,2011-11-01
130335A,Dee River at Wura,00:00:00 01/12/2011,81.0,10,0.597,10,0.57,10,0.661,10,0.053,30,0.021,30,0.175,30,4.606,30,1.771,30,15.12,30,142.8,30,,160,,160,,160,,160,,160,,160,,160,,160,,160,,2011-12-01
130355A,Dee River at Kenbula,1/12/2011 0:00,109.0,83,0.56,10,0.507,10,0.676,10,0.054,10,0.006,10,0.323,10,4.704,10,0.475,10,27.864,10,145.84,10,6630.0,30,4788.0,30,8609.0,30,27.7,10,21.9,10,35.5,10,4.0,20,3.6,20,4.2,20,,2011-12-01
130335A,Dee River at Wura,00:00:00 01/01/2012,130.0,10,0.757,10,0.577,10,6.363,10,6.873,30,0.026,30,754.129,30,593.861,30,2.246,30,65156.746,30,18409.7,30,,170,,170,,170,27.2,10,23.7,10,30.6,10,,160,,160,,160,,2012-01-01
130355A,Dee River at Kenbula,1/01/2012 0:00,143.0,83,0.592,10,0.509,10,1.189,10,0.422,20,0.007,20,10.895,20,36.435,20,0.562,20,941.328,20,1129.48,20,7114.0,30,956.0,30,8758.0,30,28.9,10,23.5,10,37.2,10,4.1,20,3.6,20,7.9,20,,2012-01-01
130335A,Dee River at Wura,00:00:00 01/02/2012,96.0,10,1.087,10,0.691,10,2.745,10,5.28,30,0.278,30,63.461,30,456.156,30,23.976,30,5482.987,30,13228.52,30,790.0,10,336.0,10,1513.0,10,28.1,10,24.9,10,31.9,10,,160,,160,,160,,2012-02-01
130355A,Dee River at Kenbula,1/02/2012 0:00,127.0,83,0.742,10,0.557,10,1.261,10,0.997,20,0.041,20,15.222,20,86.155,20,3.542,20,1315.181,20,2498.5,20,1950.0,30,830.0,30,4574.0,30,29.2,10,25.4,10,36.4,10,6.6,20,4.2,20,8.3,20,,2012-02-01
130335A,Dee River at Wura,00:00:00 01/03/2012,78.0,10,0.996,10,0.651,10,5.003,10,7.016,30,0.17,30,366.747,30,606.154,30,14.688,30,31686.898,30,18790.76,30,784.0,10,207.0,10,1168.0,10,26.5,10,23.1,10,31.3,10,7.3,150,6.0,150,8.2,150,,2012-03-01
130355A,Dee River at Kenbula,1/03/2012 0:00,151.0,83,0.732,10,0.565,10,2.733,10,2.697,30,0.05,30,269.273,30,233.026,30,4.32,30,23265.144,30,7223.82,30,1515.0,30,485.0,30,3632.0,30,26.9,10,22.9,10,33.5,10,5.9,20,4.2,20,8.4,20,,2012-03-01
130335A,Dee River at Wura,00:00:00 01/04/2012,9.0,10,0.699,10,0.637,10,0.846,10,0.331,30,0.14,30,1.039,30,28.574,30,12.096,30,89.77,30,857.21,30,910.0,10,724.0,10,1249.0,10,24.1,10,21.3,10,27.6,10,7.3,150,7.0,150,7.5,150,,2012-04-01
130355A,Dee River at Kenbula,1/04/2012 0:00,13.0,83,0.589,10,0.567,10,0.662,10,0.091,10,0.053,10,0.271,10,7.895,10,4.536,10,23.414,10,236.86,10,4044.0,30,1400.0,30,6408.0,30,24.7,10,19.0,10,30.2,10,5.3,20,4.9,20,6.2,20,,2012-04-01
130335A,Dee River at Wura,00:00:00 01/05/2012,35.0,10,0.632,10,0.602,10,0.698,10,0.134,30,0.079,30,0.3,30,11.584,30,6.826,30,25.877,30,359.11,30,1168.0,10,985.0,10,1682.0,10,20.4,10,17.0,10,23.6,10,7.1,150,6.9,150,7.4,150,,2012-05-01
130355A,Dee River at Kenbula,1/05/2012 0:00,35.0,83,0.565,10,0.53,10,0.604,10,0.053,10,0.017,10,0.114,10,4.557,10,1.426,10,9.85,10,141.25,10,6911.0,30,4846.0,30,8075.0,30,20.2,10,12.4,10,28.4,10,5.0,20,4.3,20,5.5,20,,2012-05-01
130335A,Dee River at Wura,00:00:00 01/06/2012,71.0,10,0.645,10,0.601,10,0.767,10,0.175,30,0.078,30,0.579,30,15.123,30,6.696,30,49.982,30,453.68,30,1461.0,10,1124.0,10,2169.0,10,18.3,10,15.8,10,21.0,10,7.0,150,6.0,150,7.4,150,,2012-06-01
130355A,Dee River at Kenbula,1/06/2012 0:00,71.0,83,0.551,10,0.52,10,0.661,10,0.042,10,0.012,10,0.269,10,3.612,10,0.994,10,23.198,10,108.36,10,4494.0,30,3818.0,30,6179.0,30,17.9,10,11.0,10,24.3,10,5.0,20,4.6,20,5.9,20,,2012-06-01
130335A,Dee River at Wura,00:00:00 01/07/2012,108.0,10,0.943,10,0.641,10,4.145,10,5.917,30,0.149,30,206.181,30,511.224,30,12.83,30,17813.995,30,15847.96,30,1370.0,20,473.0,20,2190.0,20,17.1,10,13.5,10,21.3,10,,160,,160,,160,,2012-07-01
130355A,Dee River at Kenbula,1/07/2012 0:00,138.0,83,0.681,10,0.564,10,1.442,10,1.122,20,0.049,20,30.602,20,96.943,20,4.234,20,2643.97,20,3005.23,20,3580.0,30,886.0,30,6833.0,30,17.4,10,9.5,10,22.9,10,5.9,20,5.3,20,6.8,20,,2012-07-01
130335A,Dee River at Wura,00:00:00 01/08/2012,7.0,10,0.685,20,0.663,20,0.741,20,0.178,30,0.106,30,0.435,30,15.413,30,9.115,30,37.541,30,477.81,30,1506.0,20,1273.0,20,1867.0,20,17.5,10,13.2,10,21.2,10,7.1,10,6.8,10,7.5,10,,2012-08-01
130355A,Dee River at Kenbula,1/08/2012 0:00,15.0,83,0.581,10,0.567,10,0.626,10,0.074,10,0.053,10,0.164,10,6.386,10,4.536,10,14.126,10,197.97,10,4909.0,30,2060.0,30,5890.0,30,17.5,10,10.7,10,25.1,10,5.4,20,4.6,20,6.4,20,,2012-08-01
130335A,Dee River at Wura,00:00:00 01/09/2012,10.0,10,0.632,20,0.613,20,0.663,20,0.04,30,0.017,30,0.106,30,3.497,30,1.426,30,9.115,30,104.9,30,1601.0,20,1354.0,20,1863.0,20,21.0,10,17.8,10,24.4,10,7.0,10,6.8,10,7.4,10,,2012-09-01
130355A,Dee River at Kenbula,1/09/2012 0:00,7.0,83,0.546,10,0.528,10,0.573,10,0.031,10,0.016,10,0.061,10,2.642,10,1.339,10,5.227,10,79.25,10,5828.0,10,4093.0,10,7544.0,10,21.8,10,14.7,10,30.0,10,4.4,10,4.2,10,5.3,10,,2012-09-01
130335A,Dee River at Wura,00:00:00 01/10/2012,27.0,10,0.604,10,0.593,10,0.641,10,0.011,30,0.004,30,0.052,30,0.981,30,0.346,30,4.493,30,30.41,30,1576.0,20,1456.0,20,1853.0,20,22.9,10,20.1,10,25.4,10,7.0,10,6.8,10,7.2,10,,2012-10-01
130355A,Dee River at Kenbula,1/10/2012 0:00,29.0,83,0.545,10,0.515,10,0.606,10,0.031,10,0.009,10,0.118,10,2.715,10,0.778,10,10.195,10,84.17,10,7617.0,10,5907.0,10,9213.0,10,23.9,10,15.8,10,31.0,10,4.2,10,4.1,10,4.5,10,,2012-10-01
130335A,Dee River at Wura,00:00:00 01/11/2012,28.0,10,0.616,10,0.604,10,0.639,10,0.02,30,0.011,30,0.048,30,1.695,30,0.95,30,4.147,30,50.86,30,1764.0,20,1459.0,20,2027.0,20,25.5,10,22.7,10,28.7,10,6.9,10,6.6,10,7.1,10,,2012-11-01
130355A,Dee River at Kenbula,1/11/2012 0:00,19.0,83,0.549,10,0.508,10,0.62,10,0.034,10,0.006,10,0.149,10,2.962,10,0.518,10,12.874,10,88.86,10,9694.0,10,8741.0,10,10511.0,10,27.1,10,21.6,10,34.2,10,4.1,10,3.7,10,4.2,10,,2012-11-01
130335A,Dee River at Wura,00:00:00 01/12/2012,27.0,10,0.6,10,0.597,10,0.607,10,0.008,30,0.006,30,0.013,30,0.731,30,0.518,30,1.08,30,22.67,30,1585.0,20,1492.0,20,1654.0,20,27.2,10,24.9,10,30.6,10,7.0,10,6.9,10,7.1,10,,2012-12-01
130355A,Dee River at Kenbula,1/12/2012 0:00,14.0,83,0.539,10,0.49,10,0.59,10,0.026,10,0.002,10,0.088,10,2.288,10,0.13,10,7.56,10,70.92,10,10814.0,10,10230.0,10,11216.0,10,28.4,10,21.9,10,36.4,10,3.9,10,3.8,10,4.0,10,,2012-12-01
130335A,Dee River at Wura,00:00:00 01/01/2013,473.0,10,1.329,10,0.602,10,11.909,10,84.092,30,0.01,30,3091.229,30,7265.588,30,0.864,30,267082.187,30,225233.23,30,,170,,170,,170,27.8,10,23.7,10,31.2,10,,160,,160,,160,,2013-01-01
130355A,Dee River at Kenbula,1/01/2013 0:00,,255,0.763,10,0.492,10,4.13,10,18.558,30,0.002,30,838.745,30,1603.372,30,0.173,30,72467.568,30,49704.54,30,,160,,160,,160,,160,,160,,160,3.9,10,3.0,10,6.9,10,,2013-01-01
130335A,Dee River at Wura,00:00:00 01/02/2013,96.0,10,1.285,10,0.994,10,3.362,10,7.167,30,0.667,30,107.2,30,619.228,30,57.629,30,9262.037,30,17338.37,30,,170,,170,,170,27.1,10,23.4,10,30.6,10,4.7,150,4.1,150,9.1,150,,2013-02-01
130355A,Dee River at Kenbula,1/02/2013 0:00,,255,0.706,10,0.62,10,1.144,10,0.715,20,0.149,20,8.701,20,61.801,20,12.874,20,751.766,20,1730.43,20,5435.0,10,739.0,10,6455.0,10,27.1,10,23.3,10,32.2,10,3.3,10,3.1,10,4.4,10,,2013-02-01
130335A,Dee River at Wura,00:00:00 01/03/2013,128.0,10,1.561,10,1.035,10,6.734,10,20.62,30,0.882,30,893.758,30,1781.544,30,76.205,30,77220.692,30,55227.87,30,911.0,10,175.0,10,1584.0,10,25.6,10,23.5,10,29.2,10,,160,,160,,160,,2013-03-01
130355A,Dee River at Kenbula,1/03/2013 0:00,,255,0.787,10,0.615,10,2.607,10,3.656,30,0.138,30,234.881,30,315.849,30,11.88,30,20293.675,30,9791.32,30,2382.0,10,170.0,10,7168.0,10,25.8,10,21.7,10,32.4,10,3.9,10,3.3,10,6.6,10,,2013-03-01
130335A,Dee River at Wura,00:00:00 01/04/2013,67.0,10,1.052,10,0.966,10,1.504,10,1.053,30,0.541,30,7.148,30,90.974,30,46.699,30,617.587,30,2729.23,30,,160,,160,,160,,160,,160,,160,,160,,160,,160,,2013-04-01
130355A,Dee River at Kenbula,1/04/2013 0:00,57.0,83,0.633,10,0.598,10,0.753,10,0.192,10,0.103,10,0.722,10,16.584,10,8.899,10,62.381,10,497.53,10,3884.0,10,2434.0,10,7628.0,10,24.0,10,19.5,10,29.6,10,3.7,10,3.3,10,4.2,10,,2013-04-01
130335A,Dee River at Wura,00:00:00 01/05/2013,55.0,10,1.018,10,0.922,10,1.377,10,0.945,30,0.373,30,4.676,30,81.689,30,32.184,30,403.963,30,2532.37,30,,160,,160,,160,,160,,160,,160,,160,,160,,160,,2013-05-01
130355A,Dee River at Kenbula,1/05/2013 0:00,74.0,83,0.647,10,0.585,10,0.92,10,0.29,20,0.079,20,2.278,20,25.07,20,6.782,20,196.776,20,777.17,20,3518.0,10,991.0,10,7628.0,10,20.3,10,14.6,10,26.3,10,4.5,10,3.7,10,5.7,10,,2013-05-01
130335A,Dee River at Wura,00:00:00 01/06/2013,2.0,10,0.927,10,0.882,10,0.988,10,0.397,30,0.251,30,0.639,30,34.338,30,21.686,30,55.166,30,1030.13,30,,160,,160,,160,,160,,160,,160,,160,,160,,160,,2013-06-01
130355A,Dee River at Kenbula,1/06/2013 0:00,4.0,83,0.602,10,0.574,10,0.647,10,0.114,10,0.062,10,0.224,10,9.815,10,5.314,10,19.31,10,294.44,10,4470.0,10,2315.0,10,9593.0,10,17.4,10,12.2,10,24.4,10,4.7,10,4.1,10,5.2,10,,2013-06-01
130335A,Dee River at Wura,00:00:00 01/07/2013,3.0,10,0.875,10,0.868,10,0.884,10,0.232,30,0.216,30,0.257,30,20.035,30,18.619,30,22.162,30,621.07,30,,160,,160,,160,,160,,160,,160,,160,,160,,160,,2013-07-01
130355A,Dee River at Kenbula,1/07/2013 0:00,5.0,83,0.562,10,0.545,10,0.574,10,0.047,10,0.029,10,0.062,10,4.101,10,2.462,10,5.314,10,127.12,10,6721.0,10,5264.0,10,7920.0,10,18.6,10,12.0,10,24.5,10,4.5,10,4.0,10,4.8,10,,2013-07-01
130335A,Dee River at Wura,00:00:00 01/08/2013,0.0,10,0.831,10,0.801,10,0.872,10,0.14,30,0.086,30,0.225,30,12.099,30,7.387,30,19.44,30,375.08,30,,160,,160,,160,,160,,160,,160,,160,,160,,160,,2013-08-01
130355A,Dee River at Kenbula,1/08/2013 0:00,0.0,83,0.539,10,0.52,10,0.582,10,0.026,10,0.012,10,0.074,10,2.271,10,0.994,10,6.394,10,70.42,10,7293.0,10,5680.0,10,8155.0,10,18.9,10,11.8,10,26.9,10,4.5,10,4.0,10,4.8,10,,2013-08-01
130335A,Dee River at Wura,00:00:00 01/09/2013,1.0,10,0.796,10,0.783,10,0.82,10,0.079,30,0.061,30,0.116,30,6.795,30,5.27,30,10.022,30,203.84,30,,160,,160,,160,,160,,160,,160,,160,,160,,160,,2013-09-01
130355A,Dee River at Kenbula,1/09/2013 0:00,0.0,83,0.553,10,0.519,10,0.575,10,0.038,10,0.011,10,0.063,10,3.323,10,0.95,10,5.443,10,99.68,10,7860.0,10,4650.0,10,9473.0,10,23.4,10,16.4,10,30.1,10,4.2,10,3.9,10,4.5,10,,2013-09-01
130335A,Dee River at Wura,00:00:00 01/10/2013,5.0,10,0.774,10,0.76,10,0.798,10,0.051,30,0.037,30,0.081,30,4.366,30,3.154,30,6.998,30,135.35,30,2145.0,10,2019.0,10,2318.0,10,25.1,10,22.3,10,28.1,10,7.2,150,6.9,150,7.4,150,,2013-10-01
130355A,Dee River at Kenbula,1/10/2013 0:00,3.0,83,0.552,10,0.504,10,0.573,10,0.037,10,0.005,10,0.061,10,3.202,10,0.432,10,5.227,10,99.27,10,10066.0,10,9459.0,10,10882.0,10,25.7,10,19.1,10,31.6,10,4.0,10,3.7,10,4.2,10,,2013-10-01
130335A,Dee River at Wura,00:00:00 01/11/2013,109.0,10,0.805,10,0.756,10,1.317,10,0.149,30,0.033,30,3.726,30,12.847,30,2.851,30,321.883,30,385.42,30,2812.0,10,1993.0,10,5492.0,10,26.7,10,23.8,10,29.8,10,,160,,160,,160,,2013-11-01
130355A,Dee River at Kenbula,1/11/2013 0:00,111.0,83,0.552,10,0.507,10,0.884,10,0.055,20,0.006,20,1.815,20,4.77,20,0.475,20,156.816,20,143.09,20,8163.0,10,3752.0,10,11416.0,10,26.9,10,18.8,10,33.3,10,3.7,10,2.8,10,3.9,10,,2013-11-01
130335A,Dee River at Wura,00:00:00 01/12/2013,4.0,10,0.746,10,0.74,10,0.76,10,0.025,30,0.022,30,0.037,30,2.188,30,1.858,30,3.154,30,67.84,30,2431.0,10,2241.0,10,3137.0,10,28.1,10,25.1,10,33.3,10,7.1,10,6.4,10,7.3,10,,2013-12-01
130355A,Dee River at Kenbula,1/12/2013 0:00,8.0,83,0.551,10,0.514,10,0.585,10,0.036,10,0.009,10,0.079,10,3.105,10,0.734,10,6.782,10,96.25,10,9490.0,10,6196.0,10,11693.0,10,28.9,10,24.4,10,36.8,10,3.8,10,3.6,10,4.2,10,,2013-12-01
130335A,Dee River at Wura,00:00:00 01/01/2014,68.0,10,0.744,10,0.739,10,0.775,10,0.024,30,0.021,30,0.052,30,2.045,30,1.771,30,4.45,30,63.39,30,2226.0,10,2092.0,10,2300.0,10,28.6,10,24.9,10,33.3,10,7.3,10,7.0,10,7.4,10,,2014-01-01
130355A,Dee River at Kenbula,1/01/2014 0:00,123.0,83,0.545,10,0.497,10,0.76,10,0.039,10,0.003,10,0.77,10,3.338,10,0.259,10,66.528,10,103.47,10,10591.0,10,6877.0,10,12077.0,10,29.0,10,23.0,10,37.8,10,3.8,10,3.6,10,4.2,10,,2014-01-01
130335A,Dee River at Wura,00:00:00 01/02/2014,17.0,10,0.899,10,0.76,10,1.843,10,0.731,30,0.037,30,16.966,30,63.117,30,3.154,30,1465.819,30,1767.29,30,2429.0,10,842.0,10,7254.0,10,27.5,10,23.5,10,30.8,10,6.5,10,4.7,10,7.8,10,,2014-02-01
130355A,Dee River at Kenbula,1/02/2014 0:00,51.0,83,0.623,10,0.543,10,1.202,10,0.368,20,0.027,20,11.599,20,31.827,20,2.29,20,1002.154,20,891.16,20,3252.0,10,631.0,10,7529.0,10,28.0,10,22.8,10,33.6,10,6.1,20,4.0,20,8.2,20,,2014-02-01
130335A,Dee River at Wura,00:00:00 01/03/2014,141.0,10,1.007,10,0.77,10,4.363,10,6.599,30,0.046,30,244.514,30,570.111,30,3.974,30,21125.967,30,17673.43,30,1988.0,10,317.0,10,2506.0,10,26.5,10,23.5,10,30.1,10,7.1,10,5.8,10,7.3,10,,2014-03-01
130355A,Dee River at Kenbula,1/03/2014 0:00,156.0,83,0.61,10,0.502,10,1.799,10,1.287,20,0.005,20,73.698,20,111.169,20,0.389,20,6367.507,20,3446.24,20,7499.0,10,251.0,10,9941.0,10,26.7,10,21.3,10,34.7,10,4.3,20,3.5,20,7.3,20,,2014-03-01
130335A,Dee River at Wura,00:00:00 01/04/2014,31.0,10,0.973,10,0.868,10,1.297,10,0.552,30,0.138,30,3.128,30,47.68,30,11.88,30,270.216,30,1430.39,30,1426.0,10,870.0,10,1683.0,10,25.6,10,23.0,10,29.3,10,,160,,160,,160,,2014-04-01
130355A,Dee River at Kenbula,1/04/2014 0:00,39.0,83,0.609,10,0.55,10,0.797,10,0.158,10,0.034,10,1.003,10,13.64,10,2.894,10,86.659,10,409.19,10,2942.0,10,727.0,10,5691.0,10,25.5,10,21.0,10,31.4,10,5.4,20,4.0,20,6.9,20,,2014-04-01
130335A,Dee River at Wura,00:00:00 01/05/2014,9.0,10,0.854,10,0.824,10,0.93,10,0.116,30,0.07,30,0.283,30,10.05,30,6.048,30,24.408,30,311.54,30,1684.0,10,1416.0,10,1918.0,10,21.9,10,19.5,10,25.4,10,,160,,160,,160,,2014-05-01
130355A,Dee River at Kenbula,1/05/2014 0:00,17.0,83,0.568,10,0.537,10,0.625,10,0.055,10,0.022,10,0.161,10,4.753,10,1.858,10,13.91,10,147.34,10,6776.0,10,4427.0,10,8671.0,10,21.1,10,15.1,10,27.7,10,4.0,20,3.8,20,4.3,20,,2014-05-01
130335A,Dee River at Wura,00:00:00 01/06/2014,11.0,10,0.805,10,0.788,10,0.834,10,0.05,30,0.034,30,0.084,30,4.352,30,2.894,30,7.214,30,130.56,30,1770.0,10,1646.0,10,1951.0,10,19.7,10,16.5,10,22.6,10,,160,,160,,160,,2014-06-01
130355A,Dee River at Kenbula,1/06/2014 0:00,7.0,83,0.526,10,0.512,10,0.572,10,0.016,10,0.008,10,0.059,10,1.395,10,0.648,10,5.098,10,41.86,10,7668.0,10,6635.0,10,8563.0,10,18.7,10,11.9,10,25.2,10,4.1,20,3.8,20,4.3,20,,2014-06-01
130335A,Dee River at Wura,00:00:00 01/07/2014,0.0,10,0.785,10,0.779,10,0.792,10,0.031,30,0.027,30,0.037,30,2.707,30,2.333,30,3.197,30,83.91,30,1595.0,10,1533.0,10,1679.0,10,16.7,10,14.0,10,19.5,10,,160,,160,,160,,2014-07-01
130355A,Dee River at Kenbula,1/07/2014 0:00,1.0,83,0.513,10,0.509,10,0.518,10,0.008,10,0.007,10,0.011,10,0.682,10,0.562,10,0.907,10,21.14,10,6267.0,10,6077.0,10,6665.0,10,15.2,10,8.9,10,22.3,10,4.1,20,3.8,20,4.5,20,,2014-07-01
130335A,Dee River at Wura,00:00:00 01/08/2014,36.0,10,0.779,10,0.773,10,0.798,10,0.027,30,0.024,30,0.042,30,2.37,30,2.03,30,3.629,30,73.46,30,1548.0,150,1491.0,150,1592.0,150,19.1,150,17.4,150,20.9,150,,160,,160,,160,,2014-08-01
130355A,Dee River at Kenbula,1/08/2014 0:00,28.0,83,0.513,10,0.503,10,0.551,10,0.009,10,0.005,10,0.035,10,0.741,10,0.389,10,2.981,10,22.98,10,5892.0,10,5570.0,10,6171.0,10,18.8,10,13.0,10,24.0,10,3.9,10,3.6,10,4.4,10,,2014-08-01
130335A,Dee River at Wura,00:00:00 01/09/2014,50.0,10,0.777,10,0.768,10,0.808,10,0.026,30,0.021,30,0.052,30,2.282,30,1.771,30,4.45,30,68.47,30,1590.0,150,1525.0,150,2646.0,150,20.9,150,17.4,150,24.3,150,7.3,10,7.2,10,7.4,10,,2014-09-01
130355A,Dee River at Kenbula,1/09/2014 0:00,84.0,83,0.522,10,0.495,10,0.743,10,0.025,10,0.003,10,0.657,10,2.197,10,0.216,10,56.765,10,65.92,10,5198.0,10,3068.0,10,6306.0,10,21.3,10,12.8,10,29.0,10,3.9,10,3.5,10,4.5,10,,2014-09-01
130335A,Dee River at Wura,00:00:00 01/10/2014,3.0,10,0.78,10,0.769,10,0.791,10,0.028,30,0.021,30,0.036,30,2.394,30,1.814,30,3.11,30,74.21,30,1717.0,150,1580.0,150,2059.0,150,24.8,150,21.7,150,29.5,150,7.2,10,7.0,10,7.3,10,,2014-10-01
130355A,Dee River at Kenbula,1/10/2014 0:00,1.0,83,0.507,10,0.485,10,0.525,10,0.006,10,0.001,10,0.014,10,0.543,10,0.086,10,1.21,10,16.84,10,4541.0,10,3396.0,10,5468.0,10,25.9,10,18.8,10,34.6,10,3.6,10,3.2,10,4.1,10,,2014-10-01
130335A,Dee River at Wura,00:00:00 01/11/2014,71.0,10,0.783,10,0.771,10,0.869,10,0.024,30,0.014,30,0.138,30,2.055,30,1.166,30,11.88,30,61.65,30,,160,,160,,160,,160,,160,,160,7.1,10,7.0,10,7.2,10,,2014-11-01
130355A,Dee River at Kenbula,1/11/2014 0:00,32.0,83,0.507,10,0.472,10,0.614,10,0.011,10,0.0,10,0.135,10,0.914,10,0.0,10,11.664,10,27.42,10,5818.0,10,5206.0,10,6525.0,10,29.3,10,22.9,10,36.3,10,3.6,10,3.0,10,4.1,10,,2014-11-01
130335A,Dee River at Wura,00:00:00 01/12/2014,201.0,10,0.91,10,0.781,10,2.692,10,1.16,30,0.014,30,57.298,30,100.266,30,1.166,30,4950.504,30,3108.23,30,1812.0,10,665.0,10,3393.0,10,28.3,10,23.2,10,32.0,10,6.5,10,5.2,10,7.1,10,,2014-12-01
130355A,Dee River at Kenbula,1/12/2014 0:00,157.0,83,0.578,10,0.516,10,0.828,10,0.102,10,0.01,10,1.243,10,8.847,10,0.821,10,107.352,10,274.25,10,6224.0,10,2595.0,10,9874.0,10,29.5,10,23.1,10,34.9,10,4.3,10,3.8,10,4.8,10,,2014-12-01
130335A,Dee River at Wura,00:00:00 01/01/2015,117.0,10,0.942,10,0.838,10,2.621,10,1.168,30,0.047,30,53.139,30,100.894,30,4.061,30,4591.166,30,3127.72,30,1838.0,10,331.0,10,2332.0,10,28.6,10,26.0,10,31.7,10,6.5,10,5.8,10,6.8,10,,2015-01-01
130355A,Dee River at Kenbula,1/01/2015 0:00,169.0,83,0.579,10,0.504,10,1.031,10,0.171,20,0.005,20,4.631,20,14.758,20,0.432,20,400.075,20,457.51,20,7268.0,10,749.0,10,10409.0,10,29.8,10,24.8,10,36.0,10,4.8,10,4.1,10,6.7,10,,2015-01-01
130335A,Dee River at Wura,00:00:00 01/02/2015,266.0,10,1.526,10,0.919,10,12.015,10,35.752,30,0.156,30,3151.397,30,3088.931,30,13.435,30,272280.703,30,86490.08,30,837.0,10,116.0,10,1677.0,10,27.9,10,24.3,10,32.5,10,6.3,150,5.6,150,6.7,150,,2015-02-01
130355A,Dee River at Kenbula,1/02/2015 0:00,270.0,83,0.727,10,0.542,10,4.156,10,5.927,30,0.026,30,852.698,30,512.055,30,2.203,30,73673.108,30,14337.53,30,,200,,200,,200,,200,,200,,200,,255,,255,,255,,2015-02-01
130335A,Dee River at Wura,00:00:00 01/03/2015,39.0,10,1.07,10,0.983,10,1.361,10,0.656,30,0.139,30,3.803,30,56.689,30,11.966,30,328.579,30,1757.37,30,1373.0,10,899.0,10,1679.0,10,28.7,10,26.6,10,32.2,10,6.3,150,5.6,150,6.6,150,,2015-03-01
130355A,Dee River at Kenbula,1/03/2015 0:00,14.0,83,0.613,10,0.554,10,0.925,10,0.165,20,0.038,20,2.348,20,14.273,20,3.283,20,202.824,20,442.47,20,4280.0,10,1041.0,10,7155.0,10,29.1,10,25.5,10,33.3,10,,255,,255,,255,,2015-03-01
130335A,Dee River at Wura,00:00:00 01/04/2015,52.0,10,0.961,10,0.921,10,1.047,10,0.096,30,0.034,30,0.375,30,8.27,30,2.938,30,32.4,30,248.11,30,1722.0,10,1462.0,10,1850.0,10,24.7,10,21.1,10,28.4,10,6.5,150,6.5,150,6.6,150,,2015-04-01
130355A,Dee River at Kenbula,1/04/2015 0:00,51.0,83,0.56,10,0.525,10,0.701,10,0.05,10,0.014,10,0.429,10,4.346,10,1.21,10,37.022,10,130.39,10,8453.0,10,5927.0,10,9149.0,10,24.2,10,17.2,10,30.9,10,,255,,255,,255,,2015-04-01
130335A,Dee River at Wura,00:00:00 01/05/2015,1.0,10,0.946,10,0.929,10,1.011,10,0.068,30,0.043,30,0.225,30,5.893,30,3.715,30,19.397,30,182.69,30,2173.0,10,1565.0,10,2505.0,10,20.9,10,18.0,10,23.6,10,6.7,150,6.6,150,6.8,150,,2015-05-01
130355A,Dee River at Kenbula,1/05/2015 0:00,20.0,83,0.573,10,0.531,10,0.636,10,0.062,10,0.018,10,0.191,10,5.37,10,1.512,10,16.459,10,166.48,10,8269.0,10,5318.0,10,9505.0,10,20.2,10,13.8,10,26.7,10,,255,,255,,255,,2015-05-01
130335A,Dee River at Wura,00:00:00 01/06/2015,26.0,10,0.93,10,0.921,10,0.94,10,0.044,20,0.034,20,0.057,20,3.8,20,2.938,20,4.925,20,113.99,20,2347.0,10,2244.0,10,2476.0,10,19.3,10,17.4,10,21.5,10,6.8,150,6.6,150,6.9,150,,2015-06-01
130355A,Dee River at Kenbula,1/06/2015 0:00,30.0,83,0.54,10,0.523,10,0.573,10,0.026,10,0.013,10,0.061,10,2.279,10,1.123,10,5.227,10,68.37,10,8039.0,10,5000.0,10,9646.0,10,18.4,10,12.5,10,24.1,10,,255,,255,,255,,2015-06-01
130335A,Dee River at Wura,00:00:00 01/07/2015,6.0,10,0.929,10,0.919,10,0.94,10,0.043,20,0.032,20,0.057,20,3.756,20,2.765,20,4.925,20,116.45,20,2450.0,10,2201.0,10,2796.0,10,18.0,10,14.7,10,20.8,10,6.9,150,6.8,150,6.9,150,,2015-07-01
130355A,Dee River at Kenbula,1/07/2015 0:00,4.0,83,0.569,10,0.529,10,0.578,10,0.055,10,0.016,10,0.068,10,4.791,10,1.382,10,5.832,10,148.53,10,9965.0,10,6266.0,10,10934.0,10,17.4,10,10.9,10,24.9,10,,255,,255,,255,,2015-07-01
130335A,Dee River at Wura,00:00:00 01/08/2015,32.0,10,0.92,10,0.91,10,0.937,10,0.034,20,0.024,20,0.053,20,2.901,20,2.074,20,4.579,20,89.93,20,2623.0,10,2501.0,10,2776.0,10,19.0,10,15.8,10,23.4,10,7.0,150,6.9,150,7.1,150,,2015-08-01
130355A,Dee River at Kenbula,1/08/2015 0:00,37.0,83,0.548,20,0.508,20,0.6,20,0.036,20,0.006,20,0.107,20,3.117,20,0.518,20,9.202,20,96.63,20,10665.0,10,8239.0,10,11254.0,10,18.9,10,12.5,10,27.9,10,,255,,255,,255,,2015-08-01
130335A,Dee River at Wura,00:00:00 01/09/2015,1.0,10,0.911,10,0.9,10,0.93,10,0.025,20,0.016,20,0.044,20,2.2,20,1.382,20,3.802,20,66.0,20,2709.0,10,2539.0,10,2892.0,10,21.5,10,19.2,10,23.7,10,7.1,10,6.9,10,7.2,10,,2015-09-01
130355A,Dee River at Kenbula,1/09/2015 0:00,0.0,83,0.543,20,0.496,20,0.568,20,0.031,20,0.003,20,0.054,20,2.711,20,0.216,20,4.622,20,81.34,20,10412.0,10,9126.0,10,11117.0,10,22.0,10,17.1,10,27.3,10,,255,,255,,255,,2015-09-01
130335A,Dee River at Wura,00:00:00 01/10/2015,8.0,10,0.893,10,0.884,10,0.905,10,0.012,30,0.007,30,0.02,30,1.045,30,0.605,30,1.728,30,32.4,30,2492.0,10,2386.0,10,2609.0,10,24.4,10,21.7,10,28.5,10,7.2,10,7.0,10,7.4,10,,2015-10-01
130355A,Dee River at Kenbula,1/10/2015 0:00,16.0,83,0.547,10,0.505,10,0.559,10,0.033,10,0.005,10,0.043,10,2.815,10,0.432,10,3.715,10,87.28,10,10937.0,10,9975.0,10,11641.0,10,25.1,10,20.3,10,31.9,10,,255,,255,,255,,2015-10-01
130335A,Dee River at Wura,00:00:00 01/11/2015,127.0,10,0.944,10,0.883,10,1.67,10,0.21,30,0.007,30,11.423,30,18.146,30,0.562,30,986.904,30,544.37,30,3340.0,10,2139.0,10,6037.0,10,27.0,10,23.5,10,31.4,10,6.0,10,4.4,10,7.3,10,,2015-11-01
130355A,Dee River at Kenbula,1/11/2015 0:00,108.0,83,0.553,10,0.496,10,0.751,10,0.047,10,0.003,10,0.709,10,4.099,10,0.216,10,61.214,10,122.97,10,9502.0,10,6025.0,10,11650.0,10,28.2,10,22.4,10,36.1,10,,255,,255,,255,,2015-11-01
130335A,Dee River at Wura,00:00:00 01/12/2015,26.0,10,0.903,10,0.898,10,0.916,10,0.019,20,0.015,20,0.03,20,1.607,20,1.296,20,2.549,20,49.8,20,3409.0,10,3167.0,10,3832.0,10,28.6,10,26.8,10,31.2,10,6.8,10,6.1,10,7.1,10,,2015-12-01
130355A,Dee River at Kenbula,1/12/2015 0:00,19.0,83,0.525,10,0.486,10,0.563,10,0.018,10,0.001,10,0.048,10,1.564,10,0.086,10,4.104,10,48.48,10,9525.0,10,7669.0,10,10598.0,10,29.1,10,24.3,10,34.9,10,,255,,255,,255,,2015-12-01
130335A,Dee River at Wura,00:00:00 01/01/2016,39.0,10,0.894,10,0.884,10,0.91,10,0.013,30,0.007,30,0.024,30,1.081,30,0.605,30,2.074,30,33.5,30,3157.0,10,3112.0,10,3205.0,10,29.1,10,27.3,10,31.8,10,7.0,10,6.8,10,7.1,10,,2016-01-01
130355A,Dee River at Kenbula,1/01/2016 0:00,32.0,83,0.517,10,0.472,10,0.565,10,0.016,10,0.0,10,0.05,10,1.367,10,0.0,10,4.32,10,42.38,10,11198.0,10,9822.0,10,12449.0,10,29.6,10,25.1,10,36.3,10,,255,,255,,255,,2016-01-01
130335A,Dee River at Wura,00:00:00 01/02/2016,101.0,10,0.999,10,0.898,10,2.423,10,0.712,30,0.011,30,42.927,30,61.525,30,0.907,30,3708.893,30,1784.21,30,2697.0,10,1036.0,10,5098.0,10,29.1,10,26.7,10,32.7,10,6.3,10,4.4,10,7.1,10,,2016-02-01
130355A,Dee River at Kenbula,1/02/2016 0:00,108.0,83,0.558,10,0.519,10,0.717,10,0.049,10,0.011,10,0.508,10,4.214,10,0.95,10,43.848,10,122.19,10,8265.0,10,4447.0,10,12026.0,10,30.6,10,25.2,10,37.4,10,3.5,10,3.3,10,3.6,10,,2016-02-01
130335A,Dee River at Wura,00:00:00 01/03/2016,96.0,10,0.938,10,0.921,10,1.044,10,0.023,30,0.007,30,0.261,30,1.999,30,0.562,30,22.507,30,61.98,30,2975.0,10,2776.0,10,3139.0,10,27.7,10,26.1,10,30.3,10,,160,,160,,160,,2016-03-01
130355A,Dee River at Kenbula,1/03/2016 0:00,74.0,83,0.53,10,0.502,10,0.645,10,0.021,10,0.005,10,0.218,10,1.814,10,0.389,10,18.792,10,56.24,10,9499.0,10,8275.0,10,10519.0,10,28.9,10,24.7,10,34.5,10,3.4,10,3.2,10,3.6,10,,2016-03-01
130335A,Dee River at Wura,00:00:00 01/04/2016,1.0,10,0.927,10,0.917,10,0.938,10,0.014,30,0.008,30,0.022,30,1.212,30,0.691,30,1.901,30,36.37,30,3107.0,10,2949.0,10,3160.0,10,25.3,10,23.6,10,27.7,10,,160,,160,,160,,2016-04-01
130355A,Dee River at Kenbula,1/04/2016 0:00,0.0,83,0.501,10,0.49,10,0.53,10,0.004,10,0.002,10,0.017,10,0.353,10,0.13,10,1.426,10,10.59,10,9440.0,10,8485.0,10,9960.0,10,25.6,10,21.5,10,31.7,10,3.4,10,3.3,10,3.4,10,,2016-04-01
130335A,Dee River at Wura,00:00:00 01/05/2016,1.0,10,0.908,10,0.898,10,0.917,10,0.004,30,0.002,30,0.008,30,0.368,30,0.13,30,0.691,30,11.41,30,3154.0,10,3075.0,10,3203.0,10,22.5,10,19.5,10,25.3,10,,160,,160,,160,,2016-05-01
130355A,Dee River at Kenbula,1/05/2016 0:00,5.0,83,0.486,10,0.471,10,0.512,10,0.001,10,0.0,10,0.008,10,0.103,10,0.0,10,0.648,10,3.18,10,10134.0,10,9689.0,10,10602.0,10,22.6,10,15.0,10,30.4,10,3.3,10,3.2,10,3.4,10,,2016-05-01
130335A,Dee River at Wura,00:00:00 01/06/2016,71.0,10,0.908,10,0.899,10,0.936,10,0.005,30,0.002,30,0.021,30,0.413,30,0.13,30,1.771,30,12.38,30,,160,,160,,160,19.3,10,16.2,10,21.2,10,,160,,160,,160,,2016-06-01
130355A,Dee River at Kenbula,1/06/2016 0:00,74.0,83,0.525,10,0.478,10,0.607,10,0.018,10,0.0,10,0.12,10,1.518,10,0.0,10,10.368,10,45.53,10,9397.0,10,7964.0,10,10589.0,10,19.5,10,12.0,10,23.8,10,3.3,10,3.2,10,3.3,10,,2016-06-01
130335A,Dee River at Wura,00:00:00 01/07/2016,91.0,10,1.121,10,0.9,10,2.446,10,2.969,30,0.002,30,44.131,30,256.524,30,0.173,30,3812.918,30,7952.24,30,,160,,160,,160,18.3,10,16.3,10,22.5,10,6.6,10,4.2,10,7.1,10,,2016-07-01
130355A,Dee River at Kenbula,1/07/2016 0:00,115.0,83,0.613,10,0.515,10,0.95,10,0.259,20,0.009,20,2.736,20,22.396,20,0.778,20,236.39,20,694.28,20,6625.0,10,1027.0,10,11270.0,10,17.8,10,13.4,10,23.3,10,4.2,10,3.3,10,6.6,10,,2016-07-01
130335A,Dee River at Wura,00:00:00 01/08/2016,7.0,10,1.017,10,0.991,10,1.047,10,0.048,30,0.017,30,0.1,30,4.109,30,1.426,30,8.64,30,127.38,30,2116.0,10,2018.0,10,2208.0,10,19.1,10,17.5,10,21.1,10,6.8,10,6.4,10,7.0,10,,2016-08-01
130355A,Dee River at Kenbula,1/08/2016 0:00,13.0,83,0.538,10,0.516,10,0.577,10,0.026,10,0.01,10,0.066,10,2.256,10,0.821,10,5.702,10,69.94,10,8226.0,10,5805.0,10,9399.0,10,19.2,10,13.4,10,23.8,10,4.2,10,4.0,10,4.4,10,,2016-08-01
130335A,Dee River at Wura,00:00:00 01/09/2016,31.0,10,0.998,10,0.991,10,1.015,10,0.023,30,0.017,30,0.042,30,1.952,30,1.426,30,3.629,30,58.55,30,2064.0,10,1928.0,10,2180.0,10,22.2,10,18.9,10,24.1,10,7.0,10,6.7,10,7.2,10,,2016-09-01
130355A,Dee River at Kenbula,1/09/2016 0:00,34.0,83,0.513,10,0.494,10,0.542,10,0.009,10,0.002,10,0.026,10,0.735,10,0.173,10,2.203,10,22.05,10,7102.0,10,6550.0,10,7667.0,10,23.0,10,17.5,10,28.8,10,3.8,10,3.6,10,4.1,10,,2016-09-01
130335A,Dee River at Wura,00:00:00 01/10/2016,5.0,10,0.992,10,0.973,10,1.009,10,0.018,30,0.007,30,0.034,30,1.546,30,0.605,30,2.938,30,47.91,30,1988.0,150,1922.0,150,2042.0,150,23.9,150,21.8,150,26.3,150,7.1,20,6.9,20,7.3,20,,2016-10-01
130355A,Dee River at Kenbula,1/10/2016 0:00,6.0,83,0.487,10,0.471,10,0.518,10,0.001,10,0.0,10,0.011,10,0.118,10,0.0,10,0.907,10,3.66,10,7157.0,10,6526.0,10,8000.0,10,25.0,10,18.1,10,32.7,10,3.6,10,3.5,10,3.7,10,,2016-10-01
130335A,Dee River at Wura,00:00:00 01/11/2016,73.0,10,0.978,10,0.965,10,1.038,10,0.01,30,0.005,30,0.081,30,0.854,30,0.432,30,6.955,30,25.62,30,1978.0,150,1816.0,150,2057.0,150,26.8,150,25.1,150,29.1,150,7.1,20,6.7,20,7.3,20,,2016-11-01
130355A,Dee River at Kenbula,1/11/2016 0:00,45.0,83,0.43,10,0.32,10,0.616,10,0.004,10,0.0,10,0.14,10,0.335,10,0.0,10,12.053,10,10.04,10,8603.0,10,7795.0,10,9618.0,10,27.8,10,21.4,10,35.4,10,3.5,10,3.3,10,3.6,10,,2016-11-01
130335A,Dee River at Wura,00:00:00 01/12/2016,57.0,10,0.973,10,0.957,10,1.018,10,0.008,30,0.003,30,0.047,30,0.671,30,0.259,30,4.018,30,20.79,30,1945.0,150,1831.0,150,2006.0,150,28.5,150,26.6,150,30.8,150,6.9,20,6.6,20,7.0,20,,2016-12-01
130355A,Dee River at Kenbula,1/12/2016 0:00,43.0,83,0.496,10,0.471,10,0.616,10,0.005,10,0.0,10,0.14,10,0.461,10,0.0,10,12.053,10,14.3,10,7505.0,10,6084.0,10,8366.0,10,29.6,10,24.2,10,36.0,10,3.3,10,3.2,10,3.4,10,,2016-12-01
130335A,Dee River at Wura,00:00:00 01/01/2017,55.0,10,0.961,10,0.932,10,0.992,10,0.005,30,0.0,30,0.017,30,0.396,30,0.0,30,1.469,30,12.27,30,,250,,250,,250,,250,,250,,250,6.8,20,6.5,20,7.0,20,,2017-01-01
130355A,Dee River at Kenbula,1/01/2017 0:00,67.0,83,0.499,10,0.466,10,0.563,10,0.005,10,0.0,10,0.048,10,0.463,10,0.0,10,4.104,10,14.37,10,5802.0,10,5461.0,10,6518.0,10,30.3,10,24.9,10,37.1,10,3.3,10,3.2,10,3.4,10,,2017-01-01
130335A,Dee River at Wura,00:00:00 01/02/2017,23.0,10,0.903,10,0.87,10,0.955,10,0.0,30,0.0,30,0.003,30,0.006,30,0.0,30,0.216,30,0.15,30,,250,,250,,250,,250,,250,,250,7.1,20,6.7,20,7.4,20,,2017-02-01
130355A,Dee River at Kenbula,1/02/2017 0:00,20.0,83,0.388,10,0.288,10,0.474,10,0.0,10,0.0,10,0.0,10,0.0,10,0.0,10,0.0,10,0.0,10,6955.0,10,6019.0,10,7832.0,10,30.0,10,24.4,10,37.0,10,3.2,10,3.1,10,3.6,10,,2017-02-01
130335A,Dee River at Wura,00:00:00 01/03/2017,335.0,10,1.252,10,0.847,10,8.404,10,24.878,30,0.0,30,1482.441,30,2149.475,30,0.0,30,128082.903,30,66633.72,30,2049.0,10,65.0,10,4310.0,10,27.9,10,23.4,10,30.2,10,6.6,20,3.9,20,8.0,20,,2017-03-01
130355A,Dee River at Kenbula,1/03/2017 0:00,330.0,83,0.564,10,0.237,10,2.61,10,3.587,30,0.0,30,235.667,30,309.942,30,0.0,30,20361.629,30,9608.2,30,5286.0,10,27.0,10,8261.0,10,28.1,10,22.4,10,36.1,10,,160,,160,,160,,2017-03-01
130335A,Dee River at Wura,00:00:00 01/04/2017,0.0,10,1.33,10,1.163,10,2.524,10,3.343,30,0.073,30,48.96,30,288.851,30,6.307,30,4230.144,30,8665.52,30,1020.0,10,347.0,10,1343.0,10,24.2,10,20.9,10,27.0,10,6.8,20,6.0,20,7.4,20,,2017-04-01
130355A,Dee River at Kenbula,1/04/2017 0:00,0.0,83,0.6,10,0.526,10,0.978,10,0.235,20,0.015,20,3.309,20,20.287,20,1.253,20,285.898,20,608.62,20,1894.0,10,557.0,10,2936.0,10,23.9,10,16.6,10,27.9,10,,160,,160,,160,,2017-04-01
130335A,Dee River at Wura,00:00:00 01/05/2017,89.0,10,1.193,10,1.155,10,1.349,10,0.221,30,0.057,30,1.58,30,19.111,30,4.925,30,136.469,30,592.44,30,1607.0,10,1013.0,10,1887.0,10,21.9,10,19.8,10,23.2,10,7.0,20,6.3,20,7.2,20,,2017-05-01
130355A,Dee River at Kenbula,1/05/2017 0:00,76.0,83,0.545,10,0.521,10,0.689,10,0.037,10,0.012,10,0.375,10,3.225,10,1.037,10,32.4,10,99.96,10,3031.0,10,2668.0,10,3503.0,10,21.8,10,18.6,10,25.9,10,,160,,160,,160,,2017-05-01
130335A,Dee River at Wura,00:00:00 01/06/2017,2.0,10,1.143,10,1.131,10,1.166,10,0.039,30,0.024,30,0.08,30,3.367,30,2.03,30,6.869,30,101.01,30,1676.0,10,1562.0,10,1765.0,10,18.3,10,16.3,10,20.8,10,7.1,20,6.9,20,7.3,20,,2017-06-01
130355A,Dee River at Kenbula,1/06/2017 0:00,0.0,83,0.523,10,0.518,10,0.529,10,0.013,10,0.011,10,0.016,10,1.115,10,0.907,10,1.382,10,33.44,10,3396.0,10,3161.0,10,3628.0,10,17.8,10,13.2,10,21.5,10,,160,,160,,160,,2017-06-01
130335A,Dee River at Wura,00:00:00 01/07/2017,0.0,10,1.125,10,1.122,10,1.131,10,0.019,30,0.017,30,0.024,30,1.652,30,1.426,30,2.03,30,51.2,30,1721.0,10,1606.0,10,1766.0,10,18.2,10,15.8,10,20.2,10,7.3,150,7.0,150,7.6,150,,2017-07-01
130355A,Dee River at Kenbula,1/07/2017 0:00,0.0,83,0.515,10,0.511,10,0.519,10,0.009,10,0.007,10,0.011,10,0.784,10,0.605,10,0.95,10,24.32,10,3983.0,10,3604.0,10,4390.0,10,18.4,10,11.8,10,23.5,10,,160,,160,,160,,2017-07-01
130335A,Dee River at Wura,00:00:00 01/08/2017,45.0,10,1.122,10,1.116,10,1.174,10,0.017,30,0.014,30,0.1,30,1.505,30,1.166,30,8.597,30,46.67,30,1734.0,10,1679.0,10,1777.0,10,18.6,10,16.4,10,20.6,10,7.4,150,7.2,150,7.7,150,,2017-08-01
130355A,Dee River at Kenbula,1/08/2017 0:00,12.0,83,0.51,10,0.498,10,0.547,10,0.008,10,0.003,10,0.031,10,0.653,10,0.259,10,2.635,10,20.25,10,4694.0,10,4294.0,10,5074.0,10,19.3,10,12.7,10,25.3,10,,160,,160,,160,,2017-08-01
130335A,Dee River at Wura,00:00:00 01/09/2017,0.0,10,1.108,10,1.098,10,1.116,10,0.009,30,0.006,30,0.014,30,0.808,30,0.475,30,1.166,30,24.25,30,1762.0,10,1737.0,10,1810.0,10,21.3,10,18.5,10,25.5,10,7.5,150,7.3,150,7.6,150,,2017-09-01
130355A,Dee River at Kenbula,1/09/2017 0:00,0.0,83,0.546,10,0.511,10,0.55,10,0.03,10,0.007,10,0.034,10,2.566,10,0.605,10,2.894,10,76.99,10,6985.0,10,4625.0,10,8973.0,10,22.6,10,16.2,10,30.5,10,,160,,160,,160,,2017-09-01
130335A,Dee River at Wura,00:00:00 01/10/2017,163.0,10,1.342,10,1.091,10,3.479,10,6.211,30,0.004,30,121.245,30,536.668,30,0.302,30,10475.568,30,16636.72,30,1318.0,10,192.0,10,2072.0,10,25.2,10,21.6,10,28.1,10,,250,,250,,250,,2017-10-01
130355A,Dee River at Kenbula,1/10/2017 0:00,208.0,83,0.578,10,0.515,10,0.782,10,0.103,10,0.009,10,0.904,10,8.915,10,0.778,10,78.062,10,276.38,10,6324.0,10,2152.0,10,8995.0,10,26.1,10,22.2,10,32.2,10,,160,,160,,160,,2017-10-01
130335A,Dee River at Wura,00:00:00 01/11/2017,20.0,10,1.221,10,1.194,10,1.393,10,0.337,30,0.165,30,2.339,30,29.108,30,14.256,30,202.09,30,873.25,30,1233.0,10,1087.0,10,1621.0,10,25.4,10,23.4,10,28.3,10,,250,,250,,250,,2017-11-01
130355A,Dee River at Kenbula,1/11/2017 0:00,22.0,83,0.559,10,0.533,10,0.614,10,0.045,10,0.019,10,0.135,10,3.857,10,1.598,10,11.664,10,115.71,10,3768.0,10,2859.0,10,4965.0,10,26.2,10,21.5,10,32.0,10,,160,,160,,160,,2017-11-01
130335A,Dee River at Wura,00:00:00 01/12/2017,61.0,10,1.275,10,1.128,10,2.457,10,1.941,30,0.021,30,45.292,30,167.742,30,1.814,30,3913.186,30,5200.01,30,1235.0,10,609.0,10,1675.0,10,27.6,10,24.6,10,29.4,10,,250,,250,,250,,2017-12-01
130355A,Dee River at Kenbula,1/12/2017 0:00,58.0,83,0.546,10,0.502,10,0.629,10,0.037,10,0.005,10,0.172,10,3.198,10,0.389,10,14.818,10,99.13,10,5228.0,10,4440.0,10,6203.0,10,29.3,10,25.3,10,35.0,10,,160,,160,,160,,2017-12-01
130335A,Dee River at Wura,00:00:00 01/01/2018,43.0,10,1.168,30,1.124,30,1.25,30,0.104,30,0.018,30,0.5,30,8.962,30,1.555,30,43.2,30,277.83,30,1501.0,10,1113.0,10,1651.0,10,28.6,10,27.5,10,29.9,10,7.1,150,6.9,150,7.2,150,,2018-01-01
130355A,Dee River at Kenbula,1/01/2018 0:00,37.0,83,0.524,10,0.485,10,0.665,10,0.022,10,0.001,10,0.282,10,1.888,10,0.086,10,24.365,10,58.51,10,5559.0,10,4573.0,10,6932.0,10,30.0,10,25.8,10,35.4,10,,160,,160,,160,,2018-01-01
130335A,Dee River at Wura,00:00:00 01/02/2018,100.0,10,1.149,30,1.131,30,1.165,30,0.048,30,0.024,30,0.078,30,4.144,30,2.03,30,6.696,30,116.02,30,1619.0,10,1566.0,10,1657.0,10,28.3,10,25.2,10,31.0,10,7.1,150,7.0,150,7.2,150,,2018-02-01
130355A,Dee River at Kenbula,1/02/2018 0:00,122.0,83,0.531,10,0.489,10,0.688,10,0.027,10,0.002,10,0.371,10,2.366,10,0.13,10,32.011,10,66.26,10,6924.0,10,5245.0,10,7531.0,10,29.1,10,21.5,10,36.8,10,,160,,160,,160,,2018-02-01
130335A,Dee River at Wura,00:00:00 01/03/2018,3.0,10,1.132,30,1.118,30,1.155,30,0.026,30,0.015,30,0.057,30,2.246,30,1.253,30,4.925,30,69.63,30,1649.0,10,1615.0,10,1679.0,10,27.2,10,25.6,10,29.2,10,7.1,150,7.0,150,7.2,150,,2018-03-01
130355A,Dee River at Kenbula,1/03/2018 0:00,10.0,83,0.508,10,0.495,10,0.545,10,0.007,10,0.003,10,0.029,10,0.585,10,0.216,10,2.462,10,18.14,10,5819.0,10,4722.0,10,6495.0,10,27.8,10,23.3,10,35.1,10,,160,,160,,160,,2018-03-01
130335A,Dee River at Wura,00:00:00 01/04/2018,4.0,10,1.107,30,1.098,30,1.118,30,0.009,30,0.006,30,0.015,30,0.797,30,0.475,30,1.253,30,23.92,30,1652.0,10,1635.0,10,1671.0,10,25.0,10,22.7,10,26.7,10,7.1,150,7.1,150,7.3,150,,2018-04-01
130355A,Dee River at Kenbula,1/04/2018 0:00,5.0,83,0.491,10,0.483,10,0.506,10,0.002,10,0.0,10,0.006,10,0.149,10,0.0,10,0.475,10,4.48,10,6165.0,10,5880.0,10,6576.0,10,24.9,10,19.3,10,31.0,10,,160,,160,,160,,2018-04-01
130335A,Dee River at Wura,00:00:00 01/05/2018,7.0,10,1.092,30,1.083,30,1.099,30,0.004,30,0.002,30,0.006,30,0.349,30,0.173,30,0.518,30,10.82,30,1618.0,10,1577.0,10,1656.0,10,20.7,10,17.8,10,23.3,10,7.1,150,7.0,150,7.2,150,,2018-05-01
130355A,Dee River at Kenbula,1/05/2018 0:00,17.0,83,0.491,10,0.482,10,0.527,10,0.002,10,0.0,10,0.015,10,0.158,10,0.0,10,1.296,10,4.9,10,6673.0,10,6400.0,10,6895.0,10,20.0,10,13.7,10,25.9,10,,160,,160,,160,,2018-05-01
130335A,Dee River at Wura,00:00:00 01/06/2018,6.0,10,1.074,30,1.066,30,1.083,30,0.001,30,0.0,30,0.002,30,0.052,30,0.0,30,0.173,30,1.57,30,1550.0,10,1524.0,10,1582.0,10,17.4,10,15.7,10,19.0,10,7.1,150,7.0,150,7.2,150,,2018-06-01
130355A,Dee River at Kenbula,1/06/2018 0:00,6.0,83,0.484,10,0.475,10,0.496,10,0.001,10,0.0,10,0.003,10,0.053,10,0.0,10,0.216,10,1.58,10,7007.0,10,6774.0,10,7248.0,10,16.4,10,10.7,10,20.9,10,,160,,160,,160,,2018-06-01
130335A,Dee River at Wura,00:00:00 01/07/2018,32.0,10,1.08,30,1.069,30,1.099,30,0.002,30,0.0,30,0.006,30,0.149,30,0.0,30,0.518,30,4.62,30,1444.0,10,1400.0,10,1535.0,10,17.5,10,15.3,10,20.0,10,7.2,150,7.0,150,7.3,150,,2018-07-01
130355A,Dee River at Kenbula,1/07/2018 0:00,48.0,83,0.513,10,0.49,10,0.633,10,0.011,10,0.002,10,0.182,10,0.914,10,0.13,10,15.725,10,28.34,10,6194.0,10,5610.0,10,7053.0,10,18.1,20,11.1,20,24.2,20,,160,,160,,160,,2018-07-01
130335A,Dee River at Wura,00:00:00 01/08/2018,4.0,10,1.046,10,1.021,10,1.069,10,0.0,30,0.0,30,0.0,30,0.0,30,0.0,30,0.0,30,0.0,30,1379.0,10,1355.0,10,1409.0,10,17.6,10,15.9,10,19.3,10,7.3,10,7.1,10,7.4,10,,2018-08-01
130355A,Dee River at Kenbula,1/08/2018 0:00,1.0,83,0.497,10,0.484,10,0.509,10,0.003,10,0.0,10,0.007,10,0.271,10,0.0,10,0.562,10,8.39,10,5490.0,10,5218.0,10,5756.0,10,18.1,20,11.6,20,24.7,20,,255,,255,,255,,2018-08-01
130335A,Dee River at Wura,00:00:00 01/09/2018,3.0,10,0.977,10,0.916,10,1.021,10,0.0,10,0.0,10,0.0,10,0.0,10,0.0,10,0.0,10,0.0,10,1385.0,10,1365.0,10,1411.0,10,21.8,10,18.8,10,25.0,10,7.3,10,7.2,10,7.4,10,,2018-09-01
130355A,Dee River at Kenbula,1/09/2018 0:00,1.0,83,0.458,10,0.382,10,0.488,10,0.0,10,0.0,10,0.002,10,0.012,10,0.0,10,0.13,10,0.35,10,6329.0,10,5636.0,10,6942.0,10,23.1,20,16.5,20,29.8,20,,255,,255,,255,,2018-09-01
130335A,Dee River at Wura,00:00:00 01/10/2018,88.0,10,0.963,10,0.892,10,1.014,10,0.0,10,0.0,10,0.0,10,0.0,10,0.0,10,0.0,10,0.0,10,1430.0,10,1353.0,10,1493.0,10,25.5,10,22.8,10,29.4,10,7.3,10,7.1,10,7.5,10,,2018-10-01
130355A,Dee River at Kenbula,1/10/2018 0:00,67.0,83,0.467,10,0.346,10,0.527,10,0.002,10,0.0,10,0.015,10,0.18,10,0.0,10,1.296,10,5.58,10,7097.0,10,6763.0,10,7591.0,10,27.4,20,19.7,20,34.9,20,,255,,255,,255,,2018-10-01
130335A,Dee River at Wura,00:00:00 01/11/2018,19.0,10,0.827,10,0.744,10,0.918,10,0.0,10,0.0,10,0.0,10,0.0,10,0.0,10,0.0,10,0.0,10,1500.0,10,1463.0,10,1542.0,10,27.1,10,24.8,10,29.7,10,7.3,10,7.1,10,7.6,10,,2018-11-01
130355A,Dee River at Kenbula,1/11/2018 0:00,16.0,83,0.395,10,0.28,10,0.505,10,0.0,10,0.0,10,0.005,10,0.024,10,0.0,10,0.432,10,0.71,10,8335.0,10,7444.0,10,9156.0,10,28.8,20,21.9,20,36.2,20,,255,,255,,255,,2018-11-01
130335A,Dee River at Wura,00:00:00 01/12/2018,44.0,10,0.672,10,0.599,10,0.744,10,0.0,10,0.0,10,0.0,10,0.0,10,0.0,10,0.0,10,0.0,10,1450.0,150,1395.0,150,1527.0,150,28.3,10,25.6,10,32.9,10,7.3,150,7.1,150,7.7,150,,2018-12-01
130355A,Dee River at Kenbula,1/12/2018 0:00,62.0,83,0.359,10,0.192,10,0.543,10,0.001,10,0.0,10,0.027,10,0.12,10,0.0,10,2.29,10,3.72,10,,250,,250,,250,,250,,250,,250,,255,,255,,255,,2018-12-01
130335A,Dee River at Wura,00:00:00 01/01/2019,31.0,10,0.533,10,0.448,10,0.599,10,0.0,10,0.0,10,0.0,10,0.0,10,0.0,10,0.0,10,0.0,10,1449.0,150,1385.0,150,1512.0,150,28.8,10,26.2,10,32.8,10,7.3,150,7.1,150,7.5,150,,2019-01-01
130355A,Dee River at Kenbula,1/01/2019 0:00,44.0,83,0.463,10,0.386,10,0.568,10,0.002,10,0.0,10,0.054,10,0.169,10,0.0,10,4.622,10,5.23,10,,250,,250,,250,,250,,250,,250,,255,,255,,255,,2019-01-01
130335A,Dee River at Wura,00:00:00 01/02/2019,8.0,10,0.395,15,0.378,15,0.448,15,0.0,15,0.0,15,0.0,15,0.0,15,0.0,15,0.0,15,0.0,15,,160,,160,,160,,160,,160,,160,,200,,200,,200,,2019-02-01
130355A,Dee River at Kenbula,1/02/2019 0:00,8.0,83,0.28,10,0.162,10,0.386,10,0.0,10,0.0,10,0.0,10,0.0,10,0.0,10,0.0,10,0.0,10,10798.0,10,10009.0,10,12349.0,10,28.5,10,21.5,10,35.8,10,,255,,255,,255,,2019-02-01
130335A,Dee River at Wura,00:00:00 01/03/2019,84.0,10,0.378,15,0.378,15,0.378,15,0.0,15,0.0,15,0.0,15,0.0,15,0.0,15,0.0,15,0.0,15,,200,,200,,200,,200,,200,,200,,200,,200,,200,,2019-03-01
130355A,Dee River at Kenbula,1/03/2019 0:00,138.0,83,0.331,15,0.14,15,0.634,15,0.012,15,0.0,15,0.185,15,1.033,15,0.0,15,15.984,15,32.01,15,9945.0,10,5664.0,10,12703.0,10,28.9,10,21.8,10,36.4,10,,255,,255,,255,,2019-03-01
130335A,Dee River at Wura,00:00:00 01/04/2019,10.0,10,0.378,15,0.378,15,0.378,15,0.0,15,0.0,15,0.0,15,0.0,15,0.0,15,0.0,15,0.0,15,,200,,200,,200,,200,,200,,200,,200,,200,,200,,2019-04-01
130355A,Dee River at Kenbula,1/04/2019 0:00,19.0,83,0.495,10,0.481,10,0.534,10,0.003,10,0.0,10,0.02,10,0.246,10,0.0,10,1.685,10,7.39,10,6326.0,10,4820.0,10,9174.0,10,26.4,10,22.5,10,31.7,10,,255,,255,,255,,2019-04-01
130335A,Dee River at Wura,00:00:00 01/05/2019,0.0,10,0.378,15,0.378,15,0.378,15,0.0,15,0.0,15,0.0,15,0.0,15,0.0,15,0.0,15,0.0,15,,200,,200,,200,,200,,200,,200,,200,,200,,200,,2019-05-01
130355A,Dee River at Kenbula,1/05/2019 0:00,2.0,83,0.49,10,0.47,10,0.529,10,0.004,10,0.0,10,0.016,10,0.313,10,0.0,10,1.382,10,9.69,10,7548.0,10,6146.0,10,9022.0,10,22.4,10,17.6,10,27.9,10,,255,,255,,255,,2019-05-01
130335A,Dee River at Wura,00:00:00 01/06/2019,9.0,10,0.378,15,0.378,15,0.378,15,0.0,15,0.0,15,0.0,15,0.0,15,0.0,15,0.0,15,0.0,15,,200,,200,,200,,200,,200,,200,,200,,200,,200,,2019-06-01
130355A,Dee River at Kenbula,1/06/2019 0:00,10.0,83,0.479,10,0.46,10,0.527,10,0.001,10,0.0,10,0.015,10,0.09,10,0.0,10,1.296,10,2.69,10,8122.0,10,7629.0,10,8404.0,10,17.9,10,11.3,10,23.4,10,,255,,255,,255,,2019-06-01
130335A,Dee River at Wura,00:00:00 01/07/2019,13.0,10,0.378,15,0.378,15,0.378,15,0.0,15,0.0,15,0.0,15,0.0,15,0.0,15,0.0,15,0.0,15,,200,,200,,200,,200,,200,,200,,200,,200,,200,,2019-07-01
130355A,Dee River at Kenbula,1/07/2019 0:00,15.0,83,0.512,10,0.472,10,0.536,10,0.01,10,0.0,10,0.021,10,0.897,10,0.0,10,1.814,10,27.8,10,10331.0,10,8213.0,10,11919.0,10,17.7,10,12.4,10,23.4,10,,255,,255,,255,,2019-07-01
130335A,Dee River at Wura,00:00:00 01/08/2019,9.0,10,0.378,15,0.378,15,0.378,15,0.0,15,0.0,15,0.0,15,0.0,15,0.0,15,0.0,15,0.0,15,,200,,200,,200,,200,,200,,200,,200,,200,,200,,2019-08-01
130355A,Dee River at Kenbula,1/08/2019 0:00,1.0,83,0.414,10,0.324,10,0.474,10,0.0,10,0.0,10,0.0,10,0.0,10,0.0,10,0.0,10,0.0,10,12318.0,10,11834.0,10,12888.0,10,17.6,10,10.4,10,24.5,10,,255,,255,,255,,2019-08-01
130335A,Dee River at Wura,00:00:00 01/09/2019,0.0,10,0.378,15,0.378,15,0.378,15,0.0,15,0.0,15,0.0,15,0.0,15,0.0,15,0.0,15,0.0,15,,200,,200,,200,,200,,200,,200,,200,,200,,200,,2019-09-01
130355A,Dee River at Kenbula,1/09/2019 0:00,4.0,83,0.479,10,0.321,10,0.534,10,0.004,10,0.0,10,0.02,10,0.353,10,0.0,10,1.685,10,10.59,10,13496.0,10,12668.0,10,14218.0,10,21.3,10,12.4,10,29.3,10,,255,,255,,255,,2019-09-01
130335A,Dee River at Wura,00:00:00 01/10/2019,47.0,10,0.381,15,0.378,15,0.479,15,0.0,15,0.0,15,0.0,15,0.0,15,0.0,15,0.0,15,0.0,15,,200,,200,,200,,200,,200,,200,,200,,200,,200,,2019-10-01
130355A,Dee River at Kenbula,1/10/2019 0:00,97.0,83,0.481,10,0.356,10,0.836,10,0.03,10,0.0,10,1.315,10,2.619,10,0.0,10,113.573,10,81.18,10,9566.0,10,3433.0,10,14812.0,10,25.5,10,17.4,10,33.4,10,,255,,255,,255,,2019-10-01
130335A,Dee River at Wura,00:00:00 01/11/2019,8.0,10,0.383,15,0.378,15,0.477,15,0.0,15,0.0,15,0.0,15,0.0,15,0.0,15,0.0,15,0.0,15,,200,,200,,200,,200,,200,,200,,200,,200,,200,,2019-11-01
130355A,Dee River at Kenbula,1/11/2019 0:00,12.0,83,0.471,20,0.394,20,0.535,20,0.003,20,0.0,20,0.02,20,0.253,20,0.0,20,1.728,20,7.58,20,9993.0,10,8563.0,10,11991.0,10,27.9,10,19.7,10,33.8,10,,255,,255,,255,,2019-11-01
130335A,Dee River at Wura,00:00:00 01/12/2019,20.0,10,0.378,15,0.378,15,0.378,15,0.0,15,0.0,15,0.0,15,0.0,15,0.0,15,0.0,15,0.0,15,,200,,200,,200,,200,,200,,200,,200,,200,,200,,2019-12-01
130355A,Dee River at Kenbula,1/12/2019 0:00,25.0,83,0.45,20,0.288,20,0.592,20,0.021,20,0.0,20,0.091,20,1.834,20,0.0,20,7.862,20,56.84,20,12398.0,10,11718.0,10,13501.0,10,29.4,10,23.6,10,33.9,10,,255,,255,,255,,2019-12-01
130335A,Dee River at Wura,00:00:00 01/01/2020,50.0,10,0.378,15,0.378,15,0.378,15,0.0,15,0.0,15,0.0,15,0.0,15,0.0,15,0.0,15,0.0,15,,200,,200,,200,,200,,200,,200,,200,,200,,200,,2020-01-01
130355A,Dee River at Kenbula,1/01/2020 0:00,45.0,83,0.514,20,0.426,20,0.572,20,0.014,20,0.0,20,0.059,20,1.252,20,0.0,20,5.098,20,38.8,20,12992.0,10,12233.0,10,13558.0,10,29.8,10,25.7,10,33.0,10,,255,,255,,255,,2020-01-01
130335A,Dee River at Wura,00:00:00 01/02/2020,142.0,10,0.719,15,0.378,15,1.849,15,0.116,30,0.0,30,17.579,30,9.984,30,0.0,30,1518.782,30,289.53,30,,200,,200,,200,,200,,200,,200,,200,,200,,200,,2020-02-01
130355A,Dee River at Kenbula,1/02/2020 0:00,157.0,83,0.566,20,0.451,20,0.938,20,0.111,20,0.0,20,2.536,20,9.616,20,0.0,20,219.11,20,278.87,20,8267.0,10,2156.0,10,13801.0,10,30.5,10,26.3,10,34.9,10,,255,,255,,255,,2020-02-01
130335A,Dee River at Wura,00:00:00 01/03/2020,30.0,10,1.193,10,0.823,10,4.405,10,4.602,30,0.0,30,259.417,30,397.603,30,0.0,30,22413.629,30,12325.7,30,1585.0,10,62.0,10,2446.0,10,26.9,10,24.4,10,30.6,10,,160,,160,,160,,2020-03-01
130355A,Dee River at Kenbula,1/03/2020 0:00,129.0,83,0.579,20,0.521,20,0.986,20,0.117,20,0.012,20,3.488,20,10.094,20,1.037,20,301.363,20,312.91,20,3125.0,10,1472.0,10,4814.0,10,27.6,10,24.4,10,31.6,10,,255,,255,,255,,2020-03-01
130335A,Dee River at Wura,00:00:00 01/04/2020,22.0,10,1.022,10,0.989,10,1.054,10,0.0,30,0.0,30,0.0,30,0.0,30,0.0,30,0.0,30,0.0,30,1883.0,10,1657.0,10,2177.0,10,24.5,10,22.9,10,26.3,10,5.9,10,5.6,10,6.1,10,,2020-04-01
130355A,Dee River at Kenbula,1/04/2020 0:00,8.0,83,0.5,20,0.484,20,0.521,20,0.004,20,0.0,20,0.012,20,0.368,20,0.0,20,1.037,20,11.03,20,4044.0,10,3177.0,10,4772.0,10,24.9,10,21.7,10,28.2,10,,255,,255,,255,,2020-04-01
130335A,Dee River at Wura,00:00:00 01/05/2020,18.0,10,1.016,10,0.989,10,1.064,10,0.0,30,0.0,30,0.0,30,0.0,30,0.0,30,0.0,30,0.0,30,1543.0,10,1316.0,10,1795.0,10,20.1,10,16.8,10,23.7,10,6.2,10,6.0,10,6.4,10,,2020-05-01
130355A,Dee River at Kenbula,1/05/2020 0:00,24.0,83,0.489,20,0.448,20,0.557,20,0.005,20,0.0,20,0.041,20,0.391,20,0.0,20,3.542,20,12.13,20,5382.0,10,4746.0,10,6125.0,10,18.8,10,13.4,10,24.6,10,,255,,255,,255,,2020-05-01
130335A,Dee River at Wura,00:00:00 01/06/2020,5.0,10,1.041,10,1.021,10,1.057,10,0.0,30,0.0,30,0.0,30,0.0,30,0.0,30,0.0,30,0.0,30,1281.0,10,1217.0,10,1359.0,10,18.1,10,15.2,10,20.5,10,6.4,10,6.4,10,6.5,10,,2020-06-01
130355A,Dee River at Kenbula,1/06/2020 0:00,8.0,83,0.493,10,0.476,10,0.52,10,0.003,10,0.0,10,0.012,10,0.217,10,0.0,10,0.994,10,6.5,10,4947.0,10,4793.0,10,5163.0,10,17.3,10,11.8,10,21.8,10,,255,,255,,255,,2020-06-01
130335A,Dee River at Wura,00:00:00 01/07/2020,18.0,10,1.007,10,0.982,10,1.042,10,0.0,10,0.0,10,0.0,10,0.0,10,0.0,10,0.0,10,0.0,10,1203.0,10,1121.0,10,1271.0,10,16.9,10,15.2,10,18.5,10,6.6,10,6.5,10,6.6,10,,2020-07-01
130355A,Dee River at Kenbula,1/07/2020 0:00,20.0,83,0.489,10,0.471,10,0.526,10,0.002,10,0.0,10,0.015,10,0.205,10,0.0,10,1.253,10,6.37,10,5579.0,10,5107.0,10,5873.0,10,15.5,10,11.1,10,19.1,10,,255,,255,,255,,2020-07-01
130335A,Dee River at Wura,00:00:00 01/08/2020,12.0,10,0.974,10,0.945,10,1.009,10,0.0,10,0.0,10,0.0,10,0.0,10,0.0,10,0.0,10,0.0,10,1125.0,10,1092.0,10,1152.0,10,18.0,10,16.4,10,19.4,10,6.6,10,6.6,10,6.6,10,,2020-08-01
130355A,Dee River at Kenbula,1/08/2020 0:00,19.0,83,0.507,10,0.48,10,0.559,10,0.007,10,0.0,10,0.043,10,0.61,10,0.0,10,3.715,10,18.91,10,6008.0,10,5648.0,10,6640.0,10,17.2,10,13.6,10,20.5,10,,255,,255,,255,,2020-08-01
130335A,Dee River at Wura,00:00:00 01/09/2020,11.0,10,0.927,10,0.88,10,0.947,10,0.0,10,0.0,10,0.0,10,0.0,10,0.0,10,0.0,10,0.0,10,1106.0,10,1090.0,10,1128.0,10,21.6,10,17.9,10,24.8,10,6.6,10,6.6,10,6.6,10,,2020-09-01
130355A,Dee River at Kenbula,1/09/2020 0:00,9.0,83,0.527,10,0.483,10,0.54,10,0.016,10,0.0,10,0.024,10,1.405,10,0.0,10,2.074,10,42.15,10,9554.0,10,6589.0,10,12485.0,10,22.1,10,16.4,10,27.5,10,,255,,255,,255,,2020-09-01
130335A,Dee River at Wura,00:00:00 01/10/2020,30.0,10,0.804,10,0.754,10,0.88,10,0.0,10,0.0,10,0.0,10,0.0,10,0.0,10,0.0,10,0.0,10,1141.0,40,1098.0,40,1172.0,40,24.9,40,21.7,40,27.3,40,6.8,150,6.6,150,7.6,150,,2020-10-01
130355A,Dee River at Kenbula,1/10/2020 0:00,61.0,83,0.482,10,0.382,10,0.595,10,0.008,10,0.0,10,0.097,10,0.651,10,0.0,10,8.381,10,20.17,10,13274.0,10,12439.0,10,14233.0,10,24.5,10,20.4,10,29.3,10,,255,,255,,255,,2020-10-01
130335A,Dee River at Wura,00:00:00 01/11/2020,0.0,10,0.652,10,0.544,10,0.754,10,0.0,10,0.0,10,0.0,10,0.0,10,0.0,10,0.0,10,0.0,10,1127.0,40,1094.0,40,1154.0,40,27.7,40,24.8,40,31.8,40,7.0,150,6.7,150,7.6,150,,2020-11-01
130355A,Dee River at Kenbula,1/11/2020 0:00,0.0,10,0.462,10,0.342,10,0.532,10,0.003,10,0.0,10,0.018,10,0.277,10,0.0,10,1.555,10,8.31,10,12104.0,10,9502.0,10,13369.0,10,26.6,10,23.9,10,29.1,10,2.7,10,2.5,10,3.0,10,,2020-11-01
130335A,Dee River at Wura,00:00:00 01/12/2020,63.0,10,0.455,15,0.386,15,0.544,15,0.0,15,0.0,15,0.0,15,0.0,15,0.0,15,0.0,15,0.0,15,1085.0,40,1004.0,40,1150.0,40,29.2,40,26.1,40,33.3,40,6.8,150,6.6,150,7.0,150,,2020-12-01
130355A,Dee River at Kenbula,1/12/2020 0:00,91.0,10,0.409,10,0.218,10,0.619,10,0.011,10,0.0,10,0.147,10,0.97,10,0.0,10,12.658,10,30.07,10,13492.0,10,12225.0,10,15030.0,10,27.5,10,22.9,10,30.0,10,2.8,10,2.6,10,3.0,10,,2020-12-01
130335A,Dee River at Wura,00:00:00 01/01/2021,20.0,10,0.389,15,0.386,15,0.415,15,0.0,15,0.0,15,0.0,15,0.0,15,0.0,15,0.0,15,0.0,15,,160,,160,,160,,160,,160,,160,,200,,200,,200,,2021-01-01
130355A,Dee River at Kenbula,1/01/2021 0:00,15.0,10,0.5,10,0.457,10,0.537,10,0.006,10,0.0,10,0.022,10,0.486,10,0.0,10,1.858,10,15.07,10,12280.0,10,10182.0,10,13504.0,10,27.6,10,25.0,10,29.4,10,3.0,10,2.9,10,3.2,10,,2021-01-01
130335A,Dee River at Wura,00:00:00 01/02/2021,8.0,10,0.386,15,0.386,15,0.386,15,0.0,15,0.0,15,0.0,15,0.0,15,0.0,15,0.0,15,0.0,15,,200,,200,,200,,200,,200,,200,,200,,200,,200,,2021-02-01
130355A,Dee River at Kenbula,1/02/2021 0:00,38.0,10,0.393,20,0.301,20,0.497,20,0.0,20,0.0,20,0.003,20,0.018,20,0.0,20,0.259,20,0.5,20,14100.0,10,12943.0,10,14902.0,10,27.5,10,24.6,10,30.0,10,2.9,10,2.6,10,3.7,10,,2021-02-01
130335A,Dee River at Wura,00:00:00 01/03/2021,116.0,10,0.386,15,0.386,15,0.386,15,0.0,15,0.0,15,0.0,15,0.0,15,0.0,15,0.0,15,0.0,15,,200,,200,,200,,200,,200,,200,,200,,200,,200,,2021-03-01
130355A,Dee River at Kenbula,1/03/2021 0:00,66.0,10,0.47,20,0.418,20,0.513,20,0.001,20,0.0,20,0.008,20,0.072,20,0.0,20,0.691,20,2.23,20,13405.0,10,12538.0,10,13953.0,10,28.1,10,23.7,10,30.0,10,3.1,10,2.8,10,3.8,10,,2021-03-01
130335A,Dee River at Wura,00:00:00 01/04/2021,15.0,10,0.386,15,0.386,15,0.386,15,0.0,15,0.0,15,0.0,15,0.0,15,0.0,15,0.0,15,0.0,15,,200,,200,,200,,200,,200,,200,,200,,200,,200,,2021-04-01
130355A,Dee River at Kenbula,1/04/2021 0:00,28.0,10,0.422,20,0.369,20,0.47,20,0.0,20,0.0,20,0.0,20,0.0,20,0.0,20,0.0,20,0.0,20,14054.0,10,12827.0,10,14777.0,10,22.9,10,19.4,10,26.1,10,3.2,10,2.9,10,3.7,10,,2021-04-01
130335A,Dee River at Wura,00:00:00 01/05/2021,1.0,10,0.386,15,0.386,15,0.386,15,0.0,15,0.0,15,0.0,15,0.0,15,0.0,15,0.0,15,0.0,15,,200,,200,,200,,200,,200,,200,,200,,200,,200,,2021-05-01
130355A,Dee River at Kenbula,1/05/2021 0:00,0.0,10,0.272,20,0.179,20,0.375,20,0.0,20,0.0,20,0.0,20,0.0,20,0.0,20,0.0,20,0.0,20,15410.0,10,14271.0,10,16241.0,10,17.8,10,12.7,10,22.2,10,3.1,10,2.6,10,4.4,10,,2021-05-01
130335A,Dee River at Wura,00:00:00 01/06/2021,38.0,10,0.233,15,0.172,15,0.386,15,0.0,15,0.0,15,0.0,15,0.0,15,0.0,15,0.0,15,0.0,15,,200,,200,,200,,200,,200,,200,,200,,200,,200,,2021-06-01
130355A,Dee River at Kenbula,1/06/2021 0:00,39.0,10,0.188,20,0.136,20,0.234,20,0.0,20,0.0,20,0.0,20,0.0,20,0.0,20,0.0,20,0.0,20,14695.0,10,11573.0,10,16818.0,10,16.2,30,9.5,30,20.2,30,,160,,160,,160,,2021-06-01
130335A,Dee River at Wura,00:00:00 01/07/2021,40.0,10,0.172,15,0.172,15,0.172,15,0.0,15,0.0,15,0.0,15,0.0,15,0.0,15,0.0,15,0.0,15,,200,,200,,200,,200,,200,,200,,200,,200,,200,,2021-07-01
130355A,Dee River at Kenbula,1/07/2021 0:00,39.0,10,0.457,20,0.234,20,0.499,20,0.001,20,0.0,20,0.004,20,0.053,20,0.0,20,0.302,20,1.64,20,12255.0,150,11021.0,150,13895.0,150,18.4,30,12.6,30,21.4,30,,250,,250,,250,,2021-07-01
130335A,Dee River at Wura,00:00:00 01/08/2021,13.0,10,0.172,15,0.172,15,0.172,15,0.0,15,0.0,15,0.0,15,0.0,15,0.0,15,0.0,15,0.0,15,,200,,200,,200,,200,,200,,200,,200,,200,,200,,2021-08-01
130355A,Dee River at Kenbula,1/08/2021 0:00,18.0,10,0.413,20,0.337,20,0.465,20,0.0,20,0.0,20,0.0,20,0.0,20,0.0,20,0.0,20,0.0,20,12705.0,150,11448.0,150,14794.0,150,18.9,10,13.0,10,24.0,10,3.3,150,3.2,150,3.3,150,,2021-08-01
130335A,Dee River at Wura,00:00:00 01/09/2021,3.0,10,0.172,15,0.172,15,0.172,15,0.0,15,0.0,15,0.0,15,0.0,15,0.0,15,0.0,15,0.0,15,,200,,200,,200,,200,,200,,200,,200,,200,,200,,2021-09-01
130355A,Dee River at Kenbula,1/09/2021 0:00,5.0,10,0.272,20,0.187,20,0.351,20,0.0,20,0.0,20,0.0,20,0.0,20,0.0,20,0.0,20,0.0,20,16622.0,150,14045.0,150,19318.0,150,20.2,10,13.1,10,26.2,10,3.2,150,3.1,150,3.4,150,,2021-09-01
130335A,Dee River at Wura,00:00:00 01/10/2021,110.0,10,0.316,15,0.172,15,1.442,15,0.032,30,0.0,30,3.427,30,2.767,30,0.0,30,296.093,30,85.79,30,,200,,200,,200,,200,,200,,200,,200,,200,,200,,2021-10-01
130355A,Dee River at Kenbula,1/10/2021 0:00,111.0,10,0.308,20,0.15,20,0.935,20,0.03,20,0.0,20,2.492,20,2.561,20,0.0,20,215.266,20,79.4,20,,200,,200,,200,,200,,200,,200,,200,,200,,200,,2021-10-01
130335A,Dee River at Wura,00:00:00 01/11/2021,177.0,10,0.916,10,0.641,10,1.603,10,0.249,30,0.0,30,9.171,30,21.485,30,0.0,30,792.331,30,644.56,30,994.0,150,442.0,150,1418.0,150,26.2,10,22.8,10,28.8,10,4.9,150,4.1,150,6.6,150,,2021-11-01
130355A,Dee River at Kenbula,1/11/2021 0:00,232.0,10,0.553,10,0.509,10,0.978,10,0.089,20,0.007,20,3.309,20,7.705,20,0.562,20,285.898,20,231.15,20,5460.0,150,2539.0,150,7215.0,150,27.0,10,23.1,10,29.8,10,3.1,150,2.7,150,3.6,150,,2021-11-01
130335A,Dee River at Wura,00:00:00 01/12/2021,99.0,10,1.313,10,1.05,10,3.411,10,4.317,30,0.0,30,113.402,30,373.029,30,0.0,30,9797.933,30,11563.89,30,710.0,20,205.0,20,1582.0,20,28.1,10,23.8,10,32.2,10,6.1,20,4.4,20,7.0,20,,2021-12-01
130355A,Dee River at Kenbula,1/12/2021 0:00,124.0,10,0.601,10,0.52,10,0.967,10,0.202,20,0.012,20,3.075,20,17.446,20,0.994,20,265.637,20,540.82,20,2625.0,150,1427.0,150,4765.0,150,28.5,10,24.2,10,34.1,10,3.3,150,2.9,150,4.1,150,,2021-12-01
130335A,Dee River at Wura,00:00:00 01/01/2022,10.0,10,1.063,10,1.009,10,1.133,10,0.002,30,0.0,30,0.026,30,0.142,30,0.0,30,2.246,30,4.4,30,948.0,20,826.0,20,1083.0,20,27.7,10,26.0,10,29.1,10,6.1,20,5.6,20,6.6,20,,2022-01-01
130355A,Dee River at Kenbula,1/01/2022 0:00,5.0,10,0.478,10,0.417,10,0.52,10,0.003,10,0.0,10,0.012,10,0.271,10,0.0,10,0.994,10,8.41,10,4773.0,150,4223.0,150,5383.0,150,28.6,10,25.7,10,31.1,10,3.1,150,2.9,150,3.3,150,,2022-01-01
130335A,Dee River at Wura,00:00:00 01/02/2022,14.0,10,0.986,10,0.945,10,1.029,10,0.0,10,0.0,10,0.0,10,0.0,10,0.0,10,0.0,10,0.0,10,1019.0,20,944.0,20,1073.0,20,27.7,10,25.9,10,29.2,10,6.6,20,6.2,20,7.1,20,,2022-02-01
130355A,Dee River at Kenbula,1/02/2022 0:00,54.0,10,0.463,10,0.404,10,0.641,10,0.005,10,0.0,10,0.205,10,0.464,10,0.0,10,17.712,10,13.0,10,,160,,160,,160,27.7,10,26.0,10,29.8,10,3.1,30,2.8,30,3.2,30,,2022-02-01
130335A,Dee River at Wura,00:00:00 01/03/2022,155.0,10,1.185,10,0.934,10,5.222,10,3.729,30,0.0,30,436.007,30,322.215,30,0.0,30,37670.962,30,9988.66,30,815.0,10,62.0,10,1010.0,10,26.7,10,23.0,10,30.1,10,6.4,10,5.3,10,8.2,10,,2022-03-01
130355A,Dee River at Kenbula,1/03/2022 0:00,206.0,10,0.508,10,0.352,10,1.245,10,0.125,20,0.0,20,14.167,20,10.84,20,0.0,20,1224.029,20,336.03,20,,160,,160,,160,26.3,10,21.9,10,31.0,10,3.0,30,2.7,30,3.1,30,,2022-03-01
130335A,Dee River at Wura,00:00:00 01/04/2022,14.0,10,1.129,10,1.117,10,1.147,10,0.0,10,0.0,10,0.0,10,0.0,10,0.0,10,0.0,10,0.0,10,826.0,10,800.0,10,842.0,10,23.9,10,22.3,10,25.5,10,6.7,10,6.6,10,6.7,10,,2022-04-01
130355A,Dee River at Kenbula,1/04/2022 0:00,26.0,10,0.479,10,0.463,10,0.509,10,0.001,10,0.0,10,0.007,10,0.055,10,0.0,10,0.562,10,1.64,10,4484.0,10,3813.0,10,4964.0,10,22.8,10,20.4,10,24.5,10,2.9,10,2.8,10,3.0,10,,2022-04-01
130335A,Dee River at Wura,00:00:00 01/05/2022,132.0,10,1.268,10,1.137,10,3.111,10,2.534,30,0.0,30,85.979,30,218.9,30,0.0,30,7428.542,30,6785.89,30,702.0,10,237.0,10,807.0,10,22.0,10,19.5,10,23.1,10,6.9,10,6.7,10,7.9,10,,2022-05-01
130355A,Dee River at Kenbula,1/05/2022 0:00,162.0,10,0.55,10,0.476,10,0.831,10,0.094,10,0.0,10,1.269,10,8.097,10,0.0,10,109.642,10,251.02,10,5309.0,10,1836.0,10,8224.0,10,21.8,10,18.0,10,24.1,10,2.8,10,2.4,10,3.4,10,,2022-05-01
130335A,Dee River at Wura,00:00:00 01/06/2022,5.0,10,1.196,10,1.18,10,1.225,10,0.026,30,0.009,30,0.079,30,2.254,30,0.778,30,6.826,30,67.63,30,653.0,10,600.0,10,680.0,10,17.5,10,15.6,10,20.7,10,7.1,10,6.9,10,7.2,10,,2022-06-01
130355A,Dee River at Kenbula,1/06/2022 0:00,3.0,10,0.514,10,0.507,10,0.533,10,0.009,10,0.006,10,0.019,10,0.76,10,0.475,10,1.598,10,22.81,10,7487.0,10,6207.0,10,8241.0,10,17.6,10,15.2,10,21.1,10,2.7,10,2.4,10,2.8,10,,2022-06-01
130335A,Dee River at Wura,00:00:00 01/07/2022,110.0,10,1.317,10,1.183,10,1.836,10,1.58,30,0.011,30,17.239,30,136.493,30,0.95,30,1489.45,30,4231.27,30,681.0,10,508.0,10,1121.0,10,16.0,10,13.2,10,18.4,10,6.9,150,6.6,150,7.1,150,,2022-07-01
130355A,Dee River at Kenbula,1/07/2022 0:00,120.0,10,0.585,10,0.507,10,0.76,10,0.112,10,0.006,10,0.77,10,9.705,10,0.475,10,66.528,10,300.86,10,2466.0,10,1171.0,10,7621.0,10,14.8,10,9.8,10,20.6,10,3.6,20,2.7,20,4.1,20,,2022-07-01
130335A,Dee River at Wura,00:00:00 01/08/2022,27.0,10,1.221,10,1.199,10,1.306,10,0.076,30,0.027,30,0.602,30,6.56,30,2.333,30,52.013,30,203.36,30,696.0,10,558.0,10,740.0,10,17.3,10,16.0,10,19.1,10,6.6,150,6.6,150,6.9,150,,2022-08-01
130355A,Dee River at Kenbula,1/08/2022 0:00,16.0,10,0.531,10,0.517,10,0.555,10,0.018,10,0.01,10,0.039,10,1.556,10,0.864,10,3.37,10,48.24,10,2832.0,10,2223.0,10,3402.0,10,15.0,10,9.4,10,19.0,10,3.3,20,3.1,20,3.5,20,,2022-08-01
130335A,Dee River at Wura,00:00:00 01/09/2022,60.0,10,1.19,10,1.173,10,1.226,10,0.019,30,0.006,30,0.082,30,1.651,30,0.475,30,7.042,30,49.54,30,763.0,10,698.0,10,825.0,10,19.9,10,18.4,10,21.5,10,6.9,10,6.8,10,7.0,10,,2022-09-01
130355A,Dee River at Kenbula,1/09/2022 0:00,35.0,10,0.513,10,0.496,10,0.542,10,0.009,10,0.003,10,0.026,10,0.736,10,0.216,10,2.203,10,22.09,10,5131.0,10,3349.0,10,6101.0,10,19.2,10,14.5,10,21.2,10,3.2,20,2.9,20,3.4,20,,2022-09-01
130335A,Dee River at Wura,00:00:00 01/10/2022,80.0,10,1.256,10,1.167,10,1.832,10,0.939,30,0.004,30,17.094,30,81.163,30,0.302,30,1476.878,30,2516.06,30,671.0,10,326.0,10,877.0,10,23.2,10,20.3,10,28.1,10,7.0,10,6.8,10,8.3,10,,2022-10-01
130355A,Dee River at Kenbula,1/10/2022 0:00,100.0,10,0.524,10,0.491,10,0.639,10,0.02,10,0.002,10,0.199,10,1.686,10,0.13,10,17.194,10,52.27,10,5315.0,10,3298.0,10,6622.0,10,22.5,10,18.6,10,29.7,10,3.1,20,2.8,20,3.4,20,,2022-10-01
130335A,Dee River at Wura,00:00:00 01/11/2022,94.0,10,1.236,10,1.174,10,2.282,10,0.837,30,0.006,30,36.477,30,72.302,30,0.518,30,3151.613,30,2169.06,30,590.0,10,361.0,10,2120.0,10,24.4,10,22.5,10,27.0,10,6.9,10,4.3,10,7.3,10,,2022-11-01
130355A,Dee River at Kenbula,1/11/2022 0:00,222.0,10,0.522,10,0.478,10,1.163,10,0.161,20,0.0,20,9.583,20,13.879,20,0.0,20,827.971,20,416.36,20,4192.0,10,1804.0,10,4965.0,10,22.9,10,18.3,10,27.2,10,3.2,20,3.0,20,3.6,20,,2022-11-01
130335A,Dee River at Wura,00:00:00 01/12/2022,56.0,10,1.384,10,1.215,10,2.844,10,3.836,30,0.055,30,68.383,30,331.443,30,4.709,30,5908.248,30,10274.74,30,646.0,10,360.0,10,845.0,10,25.2,10,21.5,10,28.0,10,6.9,10,5.4,10,7.0,10,,2022-12-01
130355A,Dee River at Kenbula,1/12/2022 0:00,27.0,10,0.572,20,0.513,20,0.861,20,0.131,20,0.008,20,1.557,20,11.348,20,0.691,20,134.525,20,351.78,20,2563.0,150,1548.0,150,3425.0,150,24.8,10,20.8,10,29.3,10,3.3,30,2.7,30,3.9,30,,2022-12-01
130335A,Dee River at Wura,00:00:00 01/01/2023,84.0,10,1.229,10,1.201,10,1.284,10,0.109,30,0.03,30,0.397,30,9.394,30,2.592,30,34.301,30,291.23,30,707.0,10,640.0,10,774.0,10,25.5,10,23.6,10,27.2,10,7.0,10,6.9,10,7.1,10,,2023-01-01
130355A,Dee River at Kenbula,1/01/2023 0:00,96.0,10,0.537,20,0.508,20,0.588,20,0.026,20,0.006,20,0.084,20,2.274,20,0.518,20,7.258,20,70.48,20,3837.0,10,3281.0,10,4437.0,10,24.9,10,21.9,10,26.2,10,3.0,30,2.6,30,3.7,30,,2023-01-01
130335A,Dee River at Wura,00:00:00 01/02/2023,30.0,10,1.234,10,1.204,10,1.473,10,0.207,30,0.034,30,4.089,30,17.902,30,2.938,30,353.29,30,501.25,30,1064.0,10,771.0,10,1722.0,10,26.9,10,25.4,10,29.3,10,6.8,10,5.9,10,7.0,10,,2023-02-01
130355A,Dee River at Kenbula,1/02/2023 0:00,16.0,10,0.514,20,0.493,20,0.566,20,0.011,20,0.002,20,0.051,20,0.944,20,0.173,20,4.406,20,26.43,20,4753.0,10,4343.0,10,5081.0,10,26.0,10,24.1,10,27.8,10,3.2,30,2.7,30,4.3,30,,2023-02-01
130335A,Dee River at Wura,00:00:00 01/03/2023,43.0,10,1.277,10,1.179,10,2.847,10,1.567,30,0.009,30,68.572,30,135.382,30,0.734,30,5924.621,30,4196.84,30,654.0,10,162.0,10,978.0,10,26.4,10,25.2,10,29.3,10,6.9,10,6.8,10,7.5,10,,2023-03-01
130355A,Dee River at Kenbula,1/03/2023 0:00,93.0,10,0.558,20,0.491,20,0.785,20,0.075,20,0.002,20,0.923,20,6.502,20,0.13,20,79.747,20,201.57,20,4266.0,10,2419.0,10,5097.0,10,25.6,10,23.1,10,31.9,10,,160,,160,,160,,2023-03-01
130335A,Dee River at Wura,00:00:00 01/04/2023,29.0,10,1.183,10,1.171,10,1.208,10,0.012,30,0.005,30,0.041,30,1.073,30,0.389,30,3.542,30,32.18,30,706.0,10,629.0,10,755.0,10,23.1,10,21.6,10,26.1,10,6.9,10,6.8,10,7.0,10,,2023-04-01
130355A,Dee River at Kenbula,1/04/2023 0:00,56.0,10,0.55,20,0.528,20,0.676,20,0.043,20,0.016,20,0.323,20,3.673,20,1.339,20,27.864,20,110.19,20,4177.0,10,3039.0,10,5415.0,10,21.2,10,17.7,10,25.7,10,3.1,20,3.0,20,3.6,20,,2023-04-01
130335A,Dee River at Wura,00:00:00 01/05/2023,18.0,10,1.181,10,1.171,10,1.206,10,0.011,30,0.005,30,0.038,30,0.929,30,0.389,30,3.24,30,28.8,30,704.0,10,664.0,10,727.0,10,18.4,10,14.7,10,22.2,10,7.0,10,6.9,10,7.0,10,,2023-05-01
130355A,Dee River at Kenbula,1/05/2023 0:00,24.0,10,0.525,20,0.511,20,0.553,20,0.015,20,0.007,20,0.037,20,1.257,20,0.605,20,3.197,20,38.97,20,6787.0,10,5415.0,10,7209.0,10,18.1,10,14.6,10,21.4,10,3.1,20,2.9,20,3.4,20,,2023-05-01
130335A,Dee River at Wura,00:00:00 01/06/2023,0.0,10,1.178,10,1.172,10,1.186,10,0.008,30,0.005,30,0.014,30,0.701,30,0.432,30,1.166,30,21.02,30,699.0,10,677.0,10,715.0,10,16.7,10,14.9,10,17.6,10,7.0,10,6.9,10,7.1,10,,2023-06-01
130355A,Dee River at Kenbula,1/06/2023 0:00,7.0,10,0.507,20,0.495,20,0.519,20,0.006,20,0.003,20,0.011,20,0.526,20,0.216,20,0.95,20,15.77,20,6510.0,40,6160.0,40,6909.0,40,16.5,10,14.7,10,17.5,10,3.2,20,3.0,20,3.3,20,,2023-06-01
130335A,Dee River at Wura,00:00:00 01/07/2023,55.0,10,1.178,10,1.164,10,1.225,10,0.011,30,0.003,30,0.079,30,0.912,30,0.216,30,6.826,30,28.26,30,691.0,10,673.0,10,715.0,10,16.6,10,15.4,10,18.0,10,6.9,10,6.8,10,7.1,10,,2023-07-01
130355A,Dee River at Kenbula,1/07/2023 0:00,74.0,10,0.537,20,0.494,20,0.676,20,0.029,20,0.002,20,0.323,20,2.544,20,0.173,20,27.864,20,78.87,20,4928.0,40,3456.0,40,6299.0,40,16.2,10,14.5,10,21.0,10,3.5,20,2.7,20,3.9,20,,2023-07-01
130335A,Dee River at Wura,00:00:00 01/08/2023,17.0,10,1.155,10,1.141,10,1.168,10,0.001,30,0.0,30,0.004,30,0.09,30,0.0,30,0.302,30,2.8,30,691.0,20,657.0,20,725.0,20,17.5,10,16.5,10,18.7,10,7.0,10,6.9,10,7.1,10,,2023-08-01
130355A,Dee River at Kenbula,1/08/2023 0:00,34.0,10,0.508,20,0.489,20,0.603,20,0.008,20,0.002,20,0.112,20,0.688,20,0.13,20,9.677,20,21.33,20,,160,,160,,160,15.7,10,14.0,10,19.0,10,3.6,20,3.2,20,3.9,20,,2023-08-01
130335A,Dee River at Wura,00:00:00 01/09/2023,0.0,10,1.09,10,1.024,10,1.157,10,0.0,30,0.0,30,0.001,30,0.002,30,0.0,30,0.086,30,0.05,30,695.0,20,678.0,20,716.0,20,20.5,10,18.4,10,22.4,10,7.1,10,7.0,10,7.2,10,,2023-09-01
130355A,Dee River at Kenbula,1/09/2023 0:00,0.0,10,0.48,20,0.425,20,0.559,20,0.003,20,0.0,20,0.043,20,0.245,20,0.0,20,3.715,20,7.34,20,,160,,160,,160,17.9,40,15.3,40,19.8,40,3.4,30,3.2,30,3.7,30,,2023-09-01
130335A,Dee River at Wura,00:00:00 01/10/2023,0.0,10,0.943,10,0.849,10,1.026,10,0.0,10,0.0,10,0.0,10,0.0,10,0.0,10,0.0,10,0.0,10,702.0,20,677.0,20,723.0,20,23.7,10,21.8,10,26.1,10,7.1,10,7.0,10,7.2,10,,2023-10-01
130355A,Dee River at Kenbula,1/10/2023 0:00,2.0,10,0.331,20,0.215,20,0.425,20,0.0,20,0.0,20,0.0,20,0.0,20,0.0,20,0.0,20,0.0,20,6503.0,40,5911.0,40,7375.0,40,20.1,40,15.9,40,24.2,40,3.5,30,3.2,30,3.8,30,,2023-10-01
130335A,Dee River at Wura,00:00:00 01/11/2023,85.0,10,0.808,10,0.766,10,0.85,10,0.0,10,0.0,10,0.0,10,0.0,10,0.0,10,0.0,10,0.0,10,730.0,20,703.0,20,767.0,20,25.2,10,23.7,10,27.4,10,7.2,10,7.0,10,7.3,10,,2023-11-01
130355A,Dee River at Kenbula,1/11/2023 0:00,74.0,10,0.185,20,0.145,20,0.396,20,0.0,20,0.0,20,0.0,20,0.0,20,0.0,20,0.0,20,0.0,20,8282.0,40,2049.0,40,11624.0,40,23.2,40,19.2,40,27.5,40,3.4,30,2.8,30,3.9,30,,2023-11-01
130335A,Dee River at Wura,00:00:00 01/12/2023,188.0,10,0.903,10,0.747,10,2.551,10,0.956,30,0.0,30,50.836,30,82.634,30,0.0,30,4392.23,30,2561.66,30,808.0,20,720.0,20,1167.0,20,27.9,10,25.3,10,31.7,10,6.8,10,4.2,10,7.3,10,,2023-12-01
130355A,Dee River at Kenbula,1/12/2023 0:00,268.0,10,0.551,20,0.396,20,1.071,20,0.15,20,0.0,20,5.859,20,12.985,20,0.0,20,506.218,20,402.53,20,,250,,250,,250,,250,,250,,250,3.2,30,2.7,30,3.7,30,,2023-12-01
130335A,Dee River at Wura,00:00:00 01/01/2024,70.0,10,1.388,10,1.144,10,3.18,10,5.851,30,0.016,30,90.722,30,505.53,30,1.339,30,7838.381,30,15671.43,30,648.0,20,196.0,20,1160.0,20,28.6,10,24.5,10,32.1,10,6.7,10,4.6,10,7.4,10,,2024-01-01
130355A,Dee River at Kenbula,1/01/2024 0:00,86.0,10,0.62,20,0.493,20,1.111,20,0.357,20,0.002,20,7.314,20,30.842,20,0.173,20,631.886,20,956.1,20,1505.0,150,545.0,150,2468.0,150,30.3,10,24.5,10,36.2,10,3.9,20,3.5,20,5.0,20,,2024-01-01
130335A,Dee River at Wura,00:00:00 01/02/2024,19.0,10,1.246,10,1.175,10,1.746,10,1.008,30,0.071,30,14.01,30,87.108,30,6.091,30,1210.464,30,2526.14,30,702.0,10,354.0,10,756.0,10,27.7,10,26.1,10,31.9,10,6.7,10,6.5,10,7.1,10,,2024-02-01
130355A,Dee River at Kenbula,1/02/2024 0:00,38.0,10,0.543,20,0.49,20,0.76,20,0.059,20,0.002,20,0.77,20,5.08,20,0.13,20,66.528,20,147.32,20,1415.0,150,743.0,150,2131.0,150,29.3,10,25.5,10,35.9,10,4.4,150,3.6,150,5.8,150,,2024-02-01
130335A,Dee River at Wura,00:00:00 01/03/2024,17.0,10,1.173,10,1.16,10,1.185,10,0.065,30,0.037,30,0.102,30,5.628,30,3.197,30,8.77,30,174.45,30,762.0,10,734.0,10,774.0,10,26.1,10,24.9,10,27.5,10,6.7,10,6.7,10,6.8,10,,2024-03-01
130355A,Dee River at Kenbula,1/03/2024 0:00,21.0,10,0.493,10,0.475,10,0.527,10,0.003,10,0.0,10,0.015,10,0.247,10,0.0,10,1.296,10,7.64,10,2730.0,10,2070.0,10,3473.0,10,27.1,10,23.1,10,33.3,10,3.8,150,3.6,150,4.0,150,,2024-03-01
130335A,Dee River at Wura,00:00:00 01/04/2024,78.0,10,1.318,10,1.164,10,2.443,10,2.97,30,0.045,30,44.588,30,256.569,30,3.845,30,3852.403,30,7697.08,30,412.0,10,183.0,10,763.0,10,23.6,10,21.7,10,25.9,10,6.9,10,6.6,10,7.4,10,,2024-04-01
130355A,Dee River at Kenbula,1/04/2024 0:00,105.0,10,0.549,10,0.499,10,0.629,10,0.04,10,0.004,10,0.172,10,3.473,10,0.302,10,14.818,10,104.19,10,3175.0,10,2662.0,10,3753.0,10,,160,,160,,160,4.0,150,3.7,150,4.3,150,,2024-04-01
130335A,Dee River at Wura,00:00:00 01/05/2024,5.0,10,1.134,10,1.116,10,1.179,10,0.036,30,0.011,30,0.143,30,3.079,30,0.907,30,12.355,30,95.44,30,511.0,10,390.0,10,576.0,10,20.4,10,17.9,10,22.6,10,6.9,10,6.8,10,7.0,10,,2024-05-01
130355A,Dee River at Kenbula,1/05/2024 0:00,6.0,10,0.518,10,0.506,10,0.545,10,0.011,10,0.006,10,0.029,10,0.955,10,0.475,10,2.462,10,29.6,10,3299.0,10,2564.0,10,4001.0,10,20.4,10,13.3,10,26.4,10,,160,,160,,160,,2024-05-01
130335A,Dee River at Wura,00:00:00 01/06/2024,36.0,10,1.115,10,1.104,10,1.131,10,0.01,30,0.004,30,0.026,30,0.862,30,0.302,30,2.203,30,25.85,30,566.0,10,541.0,10,590.0,10,15.9,10,13.4,10,20.0,10,7.1,10,6.9,10,7.4,10,,2024-06-01
130355A,Dee River at Kenbula,1/06/2024 0:00,41.0,10,0.506,10,0.49,10,0.588,10,0.008,10,0.002,10,0.084,10,0.698,10,0.13,10,7.258,10,20.94,10,,160,,160,,160,14.8,10,8.5,10,22.7,10,,160,,160,,160,,2024-06-01
130335A,Dee River at Wura,00:00:00 01/07/2024,14.0,10,1.107,10,1.099,10,1.121,10,0.005,30,0.002,30,0.015,30,0.466,30,0.173,30,1.253,30,14.46,30,575.0,10,540.0,10,603.0,10,16.1,10,13.4,10,18.1,10,7.1,40,6.9,40,7.2,40,,2024-07-01
130355A,Dee River at Kenbula,1/07/2024 0:00,10.0,10,0.51,10,0.499,10,0.534,10,0.007,10,0.004,10,0.02,10,0.632,10,0.302,10,1.685,10,19.59,10,3925.0,10,3323.0,10,4436.0,10,15.5,10,8.4,10,22.2,10,3.3,20,2.9,20,3.6,20,,2024-07-01
130335A,Dee River at Wura,00:00:00 01/08/2024,101.0,10,1.367,10,1.099,10,4.299,10,8.431,30,0.002,30,240.725,30,728.428,30,0.173,30,20798.597,30,22581.26,30,504.0,10,86.0,10,1093.0,10,18.3,10,13.8,10,21.6,10,6.9,40,4.4,40,7.9,40,,2024-08-01
130355A,Dee River at Kenbula,1/08/2024 0:00,159.0,10,0.633,10,0.501,10,1.754,10,1.478,20,0.004,20,67.247,20,127.675,20,0.346,20,5810.141,20,3957.93,20,2205.0,10,161.0,10,4480.0,10,19.0,10,9.5,10,28.4,10,4.6,20,3.3,20,6.2,20,,2024-08-01
130335A,Dee River at Wura,00:00:00 01/09/2024,1.0,10,1.138,10,1.112,10,1.166,10,0.043,30,0.008,30,0.099,30,3.696,30,0.691,30,8.51,30,110.88,30,544.0,10,515.0,10,590.0,10,20.6,10,19.7,10,21.5,10,6.7,40,6.6,40,6.8,40,,2024-09-01
130355A,Dee River at Kenbula,1/09/2024 0:00,0.0,10,0.526,10,0.5,10,0.556,10,0.016,10,0.004,10,0.04,10,1.408,10,0.302,10,3.456,10,42.23,10,2183.0,10,1441.0,10,2818.0,10,22.6,10,16.4,10,30.1,10,4.3,20,3.9,20,4.9,20,,2024-09-01
130335A,Dee River at Wura,00:00:00 01/10/2024,40.0,10,1.113,10,1.098,10,1.131,10,0.009,30,0.002,30,0.026,30,0.797,30,0.173,30,2.203,30,24.72,30,631.0,10,589.0,10,662.0,10,23.0,10,21.0,10,24.8,10,6.6,40,6.5,40,6.7,40,,2024-10-01
130355A,Dee River at Kenbula,1/10/2024 0:00,45.0,10,0.507,10,0.493,10,0.544,10,0.006,10,0.002,10,0.028,10,0.56,10,0.173,10,2.376,10,17.36,10,3347.0,10,2710.0,10,3861.0,10,25.6,10,18.8,10,34.2,10,3.8,20,3.5,20,4.9,20,,2024-10-01
130335A,Dee River at Wura,00:00:00 01/11/2024,22.0,10,1.081,20,1.062,20,1.104,20,0.0,30,0.0,30,0.004,30,0.024,30,0.0,30,0.302,30,0.72,30,671.0,10,648.0,10,693.0,10,25.7,10,24.3,10,26.8,10,,160,,160,,160,,2024-11-01
130355A,Dee River at Kenbula,1/11/2024 0:00,17.0,10,0.467,10,0.436,10,0.495,10,0.0,10,0.0,10,0.003,10,0.015,10,0.0,10,0.216,10,0.44,10,4296.0,10,3799.0,10,4750.0,10,28.3,10,23.4,10,36.1,10,3.4,20,3.3,20,3.8,20,,2024-11-01
130335A,Dee River at Wura,00:00:00 01/12/2024,107.0,10,1.056,20,1.008,20,1.087,20,0.0,30,0.0,30,0.0,30,0.0,30,0.0,30,0.0,30,0.0,30,703.0,10,680.0,10,724.0,10,27.4,10,26.0,10,28.4,10,6.9,10,6.8,10,7.1,10,,2024-12-01
130355A,Dee River at Kenbula,1/12/2024 0:00,67.0,10,0.468,20,0.414,20,0.541,20,0.002,20,0.0,20,0.025,20,0.176,20,0.0,20,2.16,20,5.47,20,5040.0,10,4270.0,10,5590.0,10,29.1,10,23.4,10,37.4,10,3.3,20,3.0,20,3.6,20,,2024-12-01
130335A,Dee River at Wura,00:00:00 01/01/2025,143.0,10,1.21,20,1.053,20,1.635,20,0.78,30,0.0,30,9.101,30,67.39,30,0.0,30,786.326,30,2089.09,30,1072.0,10,691.0,10,1384.0,10,27.6,10,24.9,10,30.2,10,6.3,10,5.0,10,7.0,10,,2025-01-01
130355A,Dee River at Kenbula,1/01/2025 0:00,219.0,10,0.571,20,0.463,20,1.143,20,0.152,20,0.0,20,8.657,20,13.107,20,0.0,20,747.922,20,406.32,20,2864.0,10,1147.0,10,5480.0,10,28.9,10,22.2,10,38.9,10,3.2,20,3.0,20,3.7,20,,2025-01-01
130335A,Dee River at Wura,00:00:00 01/02/2025,73.0,10,1.205,20,1.102,20,1.359,20,0.523,30,0.003,30,2.14,30,45.198,30,0.259,30,184.896,30,1265.54,30,1444.0,10,1023.0,10,1690.0,10,26.9,10,25.8,10,28.9,10,5.9,10,4.6,10,6.7,10,,2025-02-01
130355A,Dee River at Kenbula,1/02/2025 0:00,114.0,10,0.584,20,0.514,20,0.775,20,0.11,20,0.009,20,0.86,20,9.543,20,0.734,20,74.261,20,267.19,20,2185.0,10,1283.0,10,3390.0,10,27.6,10,22.0,10,36.5,10,3.3,20,3.0,20,3.5,20,,2025-02-01
130335A,Dee River at Wura,00:00:00 01/03/2025,201.0,10,1.16,20,1.095,20,4.083,20,1.639,30,0.002,30,205.857,30,141.647,30,0.13,30,17786.002,30,4391.07,30,1342.0,10,235.0,10,1645.0,10,26.1,10,25.0,10,27.8,10,6.5,10,5.0,10,6.6,10,,2025-03-01
130355A,Dee River at Kenbula,1/03/2025 0:00,189.0,10,0.533,20,0.492,20,1.092,20,0.109,20,0.002,20,6.593,20,9.417,20,0.173,20,569.635,20,291.94,20,3202.0,10,1399.0,10,4315.0,10,26.7,10,21.8,10,33.8,10,3.1,20,2.9,20,3.5,20,,2025-03-01
130335A,Dee River at Wura,00:00:00 01/04/2025,107.0,10,1.568,20,1.196,20,3.795,20,11.911,30,0.024,30,162.569,30,1029.081,30,2.03,30,14045.918,30,30872.43,30,758.0,10,247.0,10,935.0,10,23.9,10,21.1,10,27.3,10,6.1,10,4.7,10,6.8,10,,2025-04-01
130355A,Dee River at Kenbula,1/04/2025 0:00,66.0,10,0.671,20,0.547,20,1.317,20,0.924,20,0.031,20,19.376,20,79.874,20,2.635,20,1674.086,20,2396.21,20,1996.0,10,464.0,10,2811.0,10,23.2,10,15.4,10,28.9,10,3.3,20,3.0,20,4.1,20,,2025-04-01
130335A,Dee River at Wura,00:00:00 01/05/2025,49.0,10,1.183,20,1.161,20,1.208,20,0.014,30,0.002,30,0.041,30,1.182,30,0.173,30,3.542,30,36.64,30,896.0,10,881.0,10,918.0,10,20.6,10,18.9,10,21.9,10,6.9,10,6.7,10,7.0,10,,2025-05-01
130355A,Dee River at Kenbula,1/05/2025 0:00,45.0,10,0.541,20,0.525,20,0.585,20,0.026,20,0.014,20,0.079,20,2.234,20,1.21,20,6.782,20,69.25,20,3572.0,20,2774.0,20,4436.0,20,19.7,10,13.2,10,25.9,10,3.2,40,3.0,40,3.4,40,,2025-05-01
130335A,Dee River at Wura,00:00:00 01/06/2025,18.0,10,1.172,10,1.16,10,1.204,10,0.01,30,0.005,30,0.036,30,0.872,30,0.432,30,3.11,30,26.15,30,920.0,10,888.0,10,948.0,10,16.9,10,13.9,10,19.9,10,6.9,10,6.8,10,7.1,10,,2025-06-01
130355A,Dee River at Kenbula,1/06/2025 0:00,17.0,10,0.536,10,0.519,10,0.555,10,0.022,10,0.011,10,0.039,10,1.888,10,0.95,10,3.37,10,56.63,10,4433.0,20,3586.0,20,7027.0,20,15.6,10,6.7,10,23.0,10,,160,,160,,160,,2025-06-01
130335A,Dee River at Wura,00:00:00 01/07/2025,29.0,10,1.161,10,1.154,10,1.177,10,0.01,30,0.006,30,0.023,30,0.827,30,0.475,30,1.987,30,25.65,30,864.0,10,840.0,10,901.0,10,15.9,10,14.4,10,17.3,10,7.0,10,6.9,10,7.3,10,,2025-07-01
130355A,Dee River at Kenbula,1/07/2025 0:00,27.0,10,0.54,10,0.516,10,0.584,10,0.026,10,0.01,10,0.077,10,2.258,10,0.821,10,6.653,10,69.99,10,5371.0,20,4302.0,20,7820.0,20,15.8,10,7.7,10,24.3,10,,160,,160,,160,,2025-07-01
130335A,Dee River at Wura,00:00:00 01/08/2025,20.0,10,1.156,10,1.143,10,1.177,10,0.011,30,0.007,30,0.027,30,0.927,30,0.562,30,2.29,30,28.73,30,846.0,10,829.0,10,863.0,10,16.8,10,15.1,10,18.2,10,7.1,10,7.0,10,7.4,10,,2025-08-01
130355A,Dee River at Kenbula,1/08/2025 0:00,26.0,10,0.539,10,0.499,10,0.615,10,0.033,10,0.004,10,0.138,10,2.827,10,0.302,10,11.88,10,87.62,10,7391.0,10,5204.0,10,9643.0,10,17.8,10,9.8,10,27.0,10,3.4,10,3.2,10,3.5,10,,2025-08-01
130335A,Dee River at Wura,00:00:00 01/09/2025,10.0,10,1.132,10,1.109,10,1.152,10,0.004,30,0.0,30,0.011,30,0.368,30,0.0,30,0.907,30,11.04,30,869.0,10,846.0,10,889.0,10,19.6,10,17.3,10,22.0,10,7.0,10,6.9,10,7.2,10,,2025-09-01
130355A,Dee River at Kenbula,1/09/2025 0:00,34.0,10,0.548,10,0.512,10,0.64,10,0.035,10,0.008,10,0.202,10,2.986,10,0.648,10,17.453,10,89.57,10,9095.0,10,7200.0,10,11128.0,10,21.7,10,14.2,10,31.7,10,3.4,10,3.3,10,3.6,10,,2025-09-01
130335A,Dee River at Wura,00:00:00 01/10/2025,39.0,10,1.086,10,1.036,10,1.115,10,0.0,30,0.0,30,0.001,30,0.0,30,0.0,30,0.086,30,0.01,30,922.0,10,885.0,10,956.0,10,23.9,10,21.2,10,26.7,10,6.9,10,6.8,10,7.1,10,,2025-10-01
130355A,Dee River at Kenbula,1/10/2025 0:00,53.0,10,0.537,10,0.499,10,0.718,10,0.029,10,0.004,10,0.513,10,2.485,10,0.302,10,44.323,10,77.04,10,8215.0,10,5692.0,10,8811.0,10,25.9,10,16.8,10,33.1,10,3.4,10,3.1,10,3.5,10,,2025-10-01
130335A,Dee River at Wura,00:00:00 01/11/2025,77.0,10,1.051,10,1.001,10,1.129,10,0.0,30,0.0,30,0.004,30,0.009,30,0.0,30,0.302,30,0.28,30,965.0,10,946.0,10,996.0,10,26.5,10,24.8,10,29.0,10,6.8,10,6.7,10,7.1,10,,2025-11-01
130355A,Dee River at Kenbula,1/11/2025 0:00,56.0,10,0.538,10,0.484,10,0.691,10,0.034,10,0.0,10,0.384,10,2.941,10,0.0,10,33.134,10,88.24,10,7050.0,10,4813.0,10,7829.0,10,26.9,10,21.9,10,32.4,10,3.3,10,3.3,10,3.5,10,,2025-11-01
130335A,Dee River at Wura,00:00:00 01/12/2025,104.0,10,1.0,10,0.862,10,1.713,10,0.365,30,0.0,30,11.727,30,31.567,30,0.0,30,1013.213,30,978.57,30,1070.0,10,793.0,10,1592.0,10,27.1,10,25.5,10,28.9,10,6.8,10,5.7,10,7.1,10,,2025-12-01
130355A,Dee River at Kenbula,1/12/2025 0:00,111.0,10,0.51,10,0.41,10,0.975,10,0.064,20,0.0,20,3.244,20,5.547,20,0.0,20,280.238,20,171.95,20,7800.0,10,3859.0,10,12978.0,10,26.1,10,20.3,10,30.6,10,3.1,10,2.9,10,3.3,10,,2025-12-01
130335A,Dee River at Wura,00:00:00 01/01/2026,89.0,10,1.487,10,1.12,10,3.788,10,11.089,30,0.002,30,161.056,30,958.13,30,0.13,30,13915.195,30,29702.03,30,1002.0,10,167.0,10,1529.0,10,27.1,10,24.8,10,31.4,10,6.3,10,4.1,10,7.2,10,,2026-01-01
130355A,Dee River at Kenbula,1/01/2026 0:00,137.0,10,0.697,10,0.494,10,1.585,10,2.532,20,0.002,20,45.261,20,218.804,20,0.173,20,3910.55,20,6782.92,20,3446.0,10,522.0,10,7313.0,10,26.8,10,21.9,10,33.1,10,3.8,10,3.1,10,6.2,10,,2026-01-01
130335A,Dee River at Wura,00:00:00 01/02/2026,35.0,10,1.165,10,1.155,10,1.189,10,0.026,30,0.016,30,0.061,30,2.213,30,1.382,30,5.27,30,61.97,30,974.0,10,925.0,10,1060.0,10,26.6,10,25.4,10,27.5,10,6.6,10,6.4,10,6.8,10,,2026-02-01
130355A,Dee River at Kenbula,1/02/2026 0:00,42.0,10,0.61,10,0.553,10,0.652,10,0.134,10,0.037,10,0.239,10,11.581,10,3.197,10,20.65,10,324.28,10,6106.0,10,2914.0,10,6923.0,10,27.1,10,23.8,10,31.1,10,3.6,10,3.4,10,3.8,10,,2026-02-01
130335A,Dee River at Wura,00:00:00 01/03/2026,100.0,10,1.475,10,1.149,10,6.071,10,10.436,30,0.012,30,673.359,30,901.65,30,0.994,30,58178.175,30,27951.15,30,875.0,10,180.0,10,1388.0,10,25.7,10,23.2,10,28.5,10,6.6,10,4.7,10,7.2,10,,2026-03-01
130355A,Dee River at Kenbula,1/03/2026 0:00,129.0,10,0.723,20,0.526,20,2.212,20,2.471,30,0.015,30,144.564,30,213.529,30,1.253,30,12490.33,30,6619.39,30,2946.0,20,208.0,20,6901.0,20,25.7,10,20.3,10,30.4,10,4.3,10,3.4,10,6.9,10,,2026-03-01
130335A,Dee River at Wura,00:00:00 01/04/2026,0.0,10,1.199,10,1.159,10,1.263,10,0.024,30,0.0,30,0.146,30,2.042,30,0.0,30,12.614,30,61.27,30,927.0,10,892.0,10,1067.0,10,22.9,10,20.7,10,24.2,10,7.0,10,6.9,10,7.3,10,,2026-04-01
130355A,Dee River at Kenbula,1/04/2026 0:00,0.0,10,0.59,20,0.558,20,0.635,20,0.091,20,0.042,20,0.188,20,7.82,20,3.629,20,16.2,20,234.6,20,5368.0,20,2550.0,20,6929.0,20,22.5,10,17.8,10,26.3,10,3.6,10,3.4,10,4.1,10,,2026-04-01
130335A,Dee River at Wura,00:00:00 01/05/2026,16.0,10,1.152,10,1.141,10,1.17,10,0.0,30,0.0,30,0.0,30,0.0,30,0.0,30,0.0,30,0.0,30,887.0,10,849.0,10,917.0,10,19.9,10,17.8,10,21.9,10,7.1,10,7.0,10,7.3,10,,2026-05-01
130355A,Dee River at Kenbula,1/05/2026 0:00,19.0,10,0.592,20,0.542,20,0.658,20,0.095,20,0.026,20,0.259,20,8.205,20,2.203,20,22.334,20,254.35,20,8285.0,20,6929.0,20,9964.0,20,19.4,10,14.2,10,23.0,10,3.4,10,3.3,10,3.5,10,,2026-05-01
130335A,Dee River at Wura,00:00:00 01/06/2026,2.0,10,1.158,10,1.15,10,1.164,10,0.0,30,0.0,30,0.0,30,0.0,30,0.0,30,0.0,30,0.0,30,831.0,10,815.0,10,855.0,10,17.5,10,15.5,10,18.8,10,7.2,10,7.0,10,7.5,10,,2026-06-01
130355A,Dee River at Kenbula,1/06/2026 0:00,3.0,10,0.556,20,0.498,20,0.634,20,0.047,20,0.003,20,0.185,20,4.045,20,0.259,20,15.984,20,121.36,20,9241.0,20,8624.0,20,10972.0,20,17.9,10,13.8,10,20.7,10,3.7,10,3.1,10,4.1,10,,2026-06-01
130335A,Dee River at Wura,00:00:00 01/07/2026,0.0,10,1.143,10,1.133,10,1.156,10,0.0,30,0.0,30,0.0,30,0.0,30,0.0,30,0.0,30,0.0,30,801.0,10,775.0,10,825.0,10,16.8,10,15.1,10,18.4,10,7.2,10,7.1,10,7.5,10,,2026-07-01
130355A,Dee River at Kenbula,1/07/2026 0:00,0.0,10,0.483,10,0.456,10,0.572,10,0.005,10,0.0,10,0.059,10,0.468,10,0.0,10,5.098,10,14.52,10,9376.0,10,8750.0,10,9915.0,10,16.7,10,11.7,10,21.6,10,3.6,10,3.5,10,3.8,10,,2026-07-01
130335A,Dee River at Wura,00:00:00 01/08/2026,0.0,10,1.126,10,1.11,10,1.137,10,0.0,30,0.0,30,0.0,30,0.0,30,0.0,30,0.0,30,0.0,30,799.0,10,780.0,10,820.0,10,17.3,10,15.5,10,19.2,10,7.2,10,7.1,10,7.5,10,,2026-08-01
130355A,Dee River at Kenbula,1/08/2026 0:00,0.0,130,0.488,130,0.452,130,0.575,130,0.007,130,0.0,130,0.063,130,0.605,130,0.0,130,5.443,130,18.75,130,9613.0,130,8867.0,130,10337.0,130,18.2,130,12.7,130,24.2,130,3.6,130,3.5,130,3.8,130,,2026-08-01
130335A,Dee River at Wura,00:00:00 01/09/2026,,255,,255,,255,,255,,255,,255,,255,,255,,255,,255,,255,,255,,255,,255,,255,,255,,255,,255,,255,,255,,2026-09-01
130355A,Dee River at Kenbula,1/09/2026 0:00,,255,,255,,255,,255,,255,,255,,255,,255,,255,,255,,255,,255,,255,,255,,255,,255,,255,,255,,255,,255,,2026-09-01
