Station_Code,Station_Name,Quarter_Label,Period_Start,Period_End,Rainfall (mm)_Total,Rainfall (mm)_Total_Quality,Level (Metres)_Mean,Level (Metres)_Mean_Quality,Level (Metres)_Min,Level (Metres)_Min_Quality,Level (Metres)_Max,Level (Metres)_Max_Quality,Discharge (Cumecs)_Mean,Discharge (Cumecs)_Mean_Quality,Discharge (Cumecs)_Min,Discharge (Cumecs)_Min_Quality,Discharge (Cumecs)_Max,Discharge (Cumecs)_Max_Quality,Discharge (ML/day)_Mean,Discharge (ML/day)_Mean_Quality,Discharge (ML/day)_Min,Discharge (ML/day)_Min_Quality,Discharge (ML/day)_Max,Discharge (ML/day)_Max_Quality,Volume ML_Total,Volume ML_Total_Quality,E Conduct. (us/cm)_Mean,E Conduct. (us/cm)_Mean_Quality,E Conduct. (us/cm)_Min,E Conduct. (us/cm)_Min_Quality,E Conduct. (us/cm)_Max,E Conduct. (us/cm)_Max_Quality,Water Temp (Deg. C)_Mean,Water Temp (Deg. C)_Mean_Quality,Water Temp (Deg. C)_Min,Water Temp (Deg. C)_Min_Quality,Water Temp (Deg. C)_Max,Water Temp (Deg. C)_Max_Quality,pH (pH units)_Mean,pH (pH units)_Mean_Quality,pH (pH units)_Min,pH (pH units)_Min_Quality,pH (pH units)_Max,pH (pH units)_Max_Quality
130335A,Dee River at Wura,1992-Q1,1992-01-01,1992-03-31,,255.0,0.2966666666666667,9.0,0.13633333333333333,9.0,1.8920000000000001,9.0,2.8623333333333334,9.0,0.073,9.0,94.432,9.0,247.31566666666666,9.0,6.292999999999999,9.0,8158.881333333334,9.0,7521.916666666667,9.0,,255.0,,255.0,,255.0,,255.0,,255.0,,255.0,,255.0,,255.0,,255.0
130335A,Dee River at Wura,1992-Q2,1992-04-01,1992-06-30,,255.0,0.18200000000000002,9.0,0.134,9.0,0.3303333333333333,9.0,0.14833333333333334,9.0,0.005666666666666667,9.0,1.3876666666666664,9.0,12.812,9.0,0.461,9.0,119.86566666666666,9.0,395.6933333333333,9.0,,255.0,,255.0,,255.0,,255.0,,255.0,,255.0,,255.0,,255.0,,255.0
130335A,Dee River at Wura,1992-Q3,1992-07-01,1992-09-30,,255.0,0.16833333333333333,9.0,0.15566666666666665,9.0,0.17900000000000002,9.0,0.027,9.0,0.017,9.0,0.03866666666666666,9.0,2.3303333333333334,9.0,1.4403333333333332,9.0,3.326333333333334,9.0,71.26666666666667,9.0,,255.0,,255.0,,255.0,,255.0,,255.0,,255.0,,255.0,,255.0,,255.0
130335A,Dee River at Wura,1992-Q4,1992-10-01,1992-12-31,,255.0,0.17500000000000002,9.0,0.16566666666666666,9.0,0.19799999999999998,9.0,0.026333333333333334,9.0,0.015333333333333332,9.0,0.06233333333333333,9.0,2.269,9.0,1.296,9.0,5.371333333333332,9.0,69.37,9.0,,255.0,,255.0,,255.0,,255.0,,255.0,,255.0,,255.0,,255.0,,255.0
130335A,Dee River at Wura,1993-Q1,1993-01-01,1993-03-31,,255.0,0.13066666666666668,9.0,0.08566666666666667,9.0,0.18800000000000003,9.0,0.011000000000000001,9.0,0.006999999999999999,9.0,0.023999999999999997,9.0,0.9446666666666667,9.0,0.6046666666666667,9.0,2.0446666666666666,9.0,28.256666666666664,9.0,,255.0,,255.0,,255.0,,255.0,,255.0,,255.0,,255.0,,255.0,,255.0
130335A,Dee River at Wura,1993-Q2,1993-04-01,1993-06-30,,255.0,,180.0,,180.0,,180.0,0.0,19.0,0.0,19.0,0.0,19.0,0.0,19.0,0.0,19.0,0.0,19.0,0.0,19.0,,255.0,,255.0,,255.0,,255.0,,255.0,,255.0,,255.0,,255.0,,255.0
130335A,Dee River at Wura,1993-Q3,1993-07-01,1993-09-30,,255.0,0.186,66.0,0.1725,66.0,0.20600000000000002,66.0,0.3006666666666667,12.333333333333334,0.03,12.333333333333334,16.848333333333333,12.333333333333334,25.968999999999998,12.333333333333334,2.577666666666667,12.333333333333334,1455.6669999999997,12.333333333333334,802.48,12.333333333333334,,255.0,,255.0,,255.0,,255.0,,255.0,,255.0,,255.0,,255.0,,255.0
130335A,Dee River at Wura,1993-Q4,1993-10-01,1993-12-31,,255.0,0.247,9.0,0.21166666666666667,9.0,0.6890000000000001,9.0,0.367,9.0,0.056,9.0,13.576666666666666,9.0,31.712000000000003,9.0,4.824,9.0,1172.995,9.0,956.57,9.0,,255.0,,255.0,,255.0,,255.0,,255.0,,255.0,,255.0,,255.0,,255.0
130335A,Dee River at Wura,1994-Q1,1994-01-01,1994-03-31,,255.0,0.2806666666666667,9.0,0.24833333333333332,9.0,0.6846666666666666,9.0,0.17066666666666666,9.0,0.017333333333333333,9.0,12.296666666666667,9.0,14.756333333333336,9.0,1.4686666666666666,9.0,1062.4173333333333,9.0,454.37999999999994,9.0,,255.0,,255.0,,255.0,,255.0,,255.0,,255.0,,255.0,,255.0,,255.0
130335A,Dee River at Wura,1994-Q2,1994-04-01,1994-06-30,,255.0,0.283,9.0,0.27266666666666667,9.0,0.296,9.0,0.007,9.0,0.004333333333333334,9.0,0.011999999999999999,9.0,0.6013333333333333,9.0,0.3433333333333333,9.0,1.0223333333333333,9.0,18.236666666666668,9.0,,255.0,,255.0,,255.0,,255.0,,255.0,,255.0,,255.0,,255.0,,255.0
130335A,Dee River at Wura,1994-Q3,1994-07-01,1994-09-30,,255.0,0.2803333333333333,9.0,0.264,9.0,0.295,9.0,0.006333333333333333,9.0,0.0033333333333333335,9.0,0.011666666666666667,9.0,0.5366666666666667,9.0,0.25899999999999995,9.0,1.008,9.0,16.54,9.0,,255.0,,255.0,,255.0,,255.0,,255.0,,255.0,,255.0,,255.0,,255.0
130335A,Dee River at Wura,1994-Q4,1994-10-01,1994-12-31,,255.0,0.166,123.0,0.045,123.0,0.255,123.0,0.005,15.666666666666666,0.0,15.666666666666666,0.6719999999999998,15.666666666666666,0.4286666666666666,15.666666666666666,0.0,15.666666666666666,58.032000000000004,15.666666666666666,13.286666666666667,15.666666666666666,,255.0,,255.0,,255.0,,255.0,,255.0,,255.0,,255.0,,255.0,,255.0
130335A,Dee River at Wura,1995-Q1,1995-01-01,1995-03-31,,255.0,0.184,123.0,0.059,123.0,1.57,123.0,0.09100000000000001,15.666666666666666,0.0,15.666666666666666,13.906666666666666,15.666666666666666,7.875,15.666666666666666,0.0,15.666666666666666,1201.5216666666668,15.666666666666666,244.12333333333333,15.666666666666666,,255.0,,255.0,,255.0,,255.0,,255.0,,255.0,,255.0,,255.0,,255.0
130335A,Dee River at Wura,1995-Q2,1995-04-01,1995-06-30,,255.0,,180.0,,180.0,,180.0,0.0,19.0,0.0,19.0,0.0,19.0,0.0,19.0,0.0,19.0,0.0,19.0,0.0,19.0,,255.0,,255.0,,255.0,,255.0,,255.0,,255.0,,255.0,,255.0,,255.0
130335A,Dee River at Wura,1995-Q3,1995-07-01,1995-09-30,32.0,10.0,,180.0,,180.0,,180.0,0.0,19.0,0.0,19.0,0.0,19.0,0.0,19.0,0.0,19.0,0.0,19.0,0.0,19.0,0.0,130.0,0.0,130.0,0.0,130.0,13.299999999999999,130.0,-0.16666666666666666,130.0,25.233333333333334,130.0,,200.0,,200.0,,200.0
130335A,Dee River at Wura,1995-Q4,1995-10-01,1995-12-31,85.0,10.0,,180.0,,180.0,,180.0,0.0,19.0,0.0,19.0,0.17666666666666667,19.0,0.008,19.0,0.0,19.0,15.264000000000001,19.0,0.23666666666666666,19.0,0.3333333333333333,130.0,0.0,130.0,33.333333333333336,130.0,21.133333333333333,130.0,8.233333333333333,130.0,42.43333333333334,130.0,,200.0,,200.0,,200.0
130335A,Dee River at Wura,1996-Q1,1996-01-01,1996-03-31,95.0,10.0,0.2535,66.0,0.2385,66.0,0.29100000000000004,66.0,6.2843333333333335,12.333333333333334,0.011000000000000001,12.333333333333334,508.46066666666667,12.333333333333334,542.9896666666667,12.333333333333334,0.9359999999999999,12.333333333333334,43931.002,12.333333333333334,16830.579999999998,12.333333333333334,923.3333333333334,130.0,635.3333333333334,130.0,1165.6666666666667,130.0,27.633333333333336,130.0,22.96666666666667,130.0,34.6,130.0,,200.0,,200.0,,200.0
130335A,Dee River at Wura,1996-Q2,1996-04-01,1996-06-30,39.0,10.0,0.306,9.0,0.251,9.0,0.9996666666666666,9.0,1.0303333333333333,9.0,0.03966666666666666,9.0,28.854666666666663,9.0,89.03533333333333,9.0,3.3840000000000003,9.0,2493.0143333333335,9.0,2757.11,9.0,796.6666666666666,130.0,625.6666666666666,130.0,1121.0,130.0,22.900000000000002,130.0,18.966666666666665,130.0,26.5,130.0,,200.0,,200.0,,200.0
130335A,Dee River at Wura,1996-Q3,1996-07-01,1996-09-30,31.333333333333332,10.0,0.248,9.0,0.24166666666666667,9.0,0.26899999999999996,9.0,0.036,9.0,0.028666666666666663,9.0,0.09600000000000002,9.0,3.0963333333333334,9.0,2.448,9.0,8.294666666666666,9.0,94.82333333333334,9.0,749.0,130.0,716.0,130.0,769.6666666666666,130.0,20.099999999999998,130.0,15.833333333333334,130.0,23.7,130.0,,200.0,,200.0,,200.0
130335A,Dee River at Wura,1996-Q4,1996-10-01,1996-12-31,95.33333333333333,10.0,0.2996666666666667,9.0,0.249,9.0,0.9183333333333333,9.0,0.5046666666666667,9.0,0.03833333333333333,9.0,18.388666666666666,9.0,43.597,9.0,3.268666666666667,9.0,1588.7520000000002,9.0,1349.91,9.0,809.3333333333334,130.0,437.6666666666667,130.0,999.6666666666666,130.0,27.066666666666666,130.0,22.900000000000002,130.0,32.300000000000004,130.0,,200.0,,200.0,,200.0
130335A,Dee River at Wura,1997-Q1,1997-01-01,1997-03-31,95.0,10.0,0.38199999999999995,9.0,0.323,9.0,0.8506666666666667,9.0,1.592666666666667,9.0,0.458,9.0,19.432333333333332,9.0,137.59633333333332,9.0,39.54233333333334,9.0,1678.9533333333336,9.0,4217.736666666667,9.0,722.3333333333334,130.0,595.3333333333334,130.0,831.6666666666666,130.0,27.566666666666666,130.0,24.366666666666664,130.0,31.400000000000002,130.0,,200.0,,200.0,,200.0
130335A,Dee River at Wura,1997-Q2,1997-04-01,1997-06-30,18.0,10.0,0.39566666666666667,9.0,0.37566666666666665,9.0,0.4663333333333333,9.0,0.13933333333333334,9.0,0.038,9.0,0.7280000000000001,9.0,12.004666666666665,9.0,3.2543333333333333,9.0,62.88466666666667,9.0,361.5433333333333,9.0,723.3333333333334,130.0,657.3333333333334,130.0,743.3333333333334,130.0,21.766666666666666,130.0,18.566666666666666,130.0,24.833333333333332,130.0,,200.0,,200.0,,200.0
130335A,Dee River at Wura,1997-Q3,1997-07-01,1997-09-30,28.0,10.0,0.37333333333333335,9.0,0.3633333333333333,9.0,0.39766666666666667,9.0,0.03566666666666667,9.0,0.024000000000000004,9.0,0.09066666666666667,9.0,3.0683333333333334,9.0,2.0306666666666664,9.0,7.819,9.0,94.24666666666667,9.0,665.3333333333334,130.0,638.3333333333334,130.0,679.3333333333334,130.0,20.066666666666666,130.0,17.066666666666666,130.0,23.166666666666668,130.0,,200.0,,200.0,,200.0
130335A,Dee River at Wura,1997-Q4,1997-10-01,1997-12-31,91.66666666666667,10.0,0.39033333333333337,9.0,0.3546666666666667,9.0,0.9463333333333334,9.0,0.25866666666666666,9.0,0.016,9.0,21.418666666666667,9.0,22.358,9.0,1.3533333333333335,9.0,1850.558,9.0,691.8766666666667,9.0,653.0,130.0,458.6666666666667,130.0,697.3333333333334,130.0,28.0,130.0,24.26666666666667,130.0,31.5,130.0,,200.0,,200.0,,200.0
130335A,Dee River at Wura,1998-Q1,1998-01-01,1998-03-31,15.666666666666666,10.0,0.40633333333333327,9.0,0.39266666666666666,9.0,0.4223333333333333,9.0,0.028333333333333335,9.0,0.018666666666666665,9.0,0.048666666666666664,9.0,2.465666666666667,9.0,1.5986666666666667,9.0,4.190333333333333,9.0,73.81666666666666,9.0,686.6666666666666,130.0,660.0,130.0,723.0,130.0,29.333333333333332,130.0,26.96666666666667,130.0,31.733333333333334,130.0,,200.0,,200.0,,200.0
130335A,Dee River at Wura,1998-Q2,1998-04-01,1998-06-30,49.0,10.0,0.381,9.0,0.36533333333333334,9.0,0.4246666666666667,9.0,0.025666666666666667,9.0,0.014,9.0,0.07833333333333332,9.0,2.215333333333333,9.0,1.181,9.0,6.753666666666667,9.0,67.57,9.0,649.6666666666666,130.0,589.0,130.0,676.3333333333334,130.0,21.066666666666666,130.0,16.766666666666666,130.0,24.900000000000002,130.0,,200.0,,200.0,,200.0
130335A,Dee River at Wura,1998-Q3,1998-07-01,1998-09-30,50.666666666666664,10.0,0.30466666666666664,9.0,0.2813333333333333,9.0,0.3373333333333333,9.0,0.007333333333333333,9.0,0.004333333333333334,9.0,0.013999999999999999,9.0,0.6473333333333333,9.0,0.37466666666666665,9.0,1.2096666666666667,9.0,19.94,9.0,712.6666666666666,130.0,678.6666666666666,130.0,725.3333333333334,130.0,19.466666666666665,130.0,15.800000000000002,130.0,22.233333333333334,130.0,,200.0,,200.0,,200.0
130335A,Dee River at Wura,1998-Q4,1998-10-01,1998-12-31,69.33333333333333,10.0,0.37733333333333335,9.0,0.314,9.0,0.7026666666666667,9.0,0.13433333333333333,9.0,0.015,9.0,3.7740000000000005,9.0,11.607333333333335,9.0,1.2816666666666665,9.0,326.04466666666667,9.0,353.90333333333336,9.0,859.6666666666666,130.0,677.3333333333334,130.0,1330.0,130.0,25.8,130.0,22.666666666666668,130.0,29.5,130.0,,200.0,,200.0,,200.0
130335A,Dee River at Wura,1999-Q1,1999-01-01,1999-03-31,97.66666666666667,10.0,0.6253333333333333,9.0,0.41100000000000003,9.0,1.8709999999999998,9.0,3.7273333333333336,9.0,0.048999999999999995,9.0,77.496,9.0,322.07166666666666,9.0,4.219,9.0,6695.654333333333,9.0,9434.246666666666,9.0,595.3333333333334,130.0,362.3333333333333,130.0,845.6666666666666,130.0,26.733333333333334,130.0,24.3,130.0,29.633333333333336,130.0,,200.0,,200.0,,200.0
130335A,Dee River at Wura,1999-Q2,1999-04-01,1999-06-30,14.333333333333334,10.0,0.4103333333333334,9.0,0.39633333333333337,9.0,0.4343333333333333,9.0,0.028333333333333332,9.0,0.021,9.0,0.04900000000000001,9.0,2.4636666666666667,9.0,1.771,9.0,4.219,9.0,74.60666666666667,9.0,688.0,130.0,633.0,130.0,727.6666666666666,130.0,20.366666666666664,130.0,16.166666666666668,130.0,23.03333333333333,130.0,,200.0,,200.0,,200.0
130335A,Dee River at Wura,1999-Q3,1999-07-01,1999-09-30,25.333333333333332,10.0,0.4073333333333333,9.0,0.38233333333333336,9.0,0.7386666666666666,9.0,0.08166666666666667,9.0,0.015333333333333332,9.0,5.228000000000001,9.0,7.038666666666667,9.0,1.296,9.0,451.6989999999999,9.0,217.45333333333338,9.0,647.3333333333334,130.0,606.3333333333334,130.0,776.3333333333334,130.0,18.599999999999998,130.0,15.633333333333333,130.0,20.966666666666665,130.0,,200.0,,200.0,,200.0
130335A,Dee River at Wura,1999-Q4,1999-10-01,1999-12-31,55.333333333333336,10.0,0.38266666666666665,9.0,0.3486666666666667,9.0,0.5526666666666666,9.0,0.032999999999999995,9.0,0.008,9.0,1.1603333333333332,9.0,2.8703333333333334,9.0,0.6766666666666666,9.0,100.224,9.0,86.72000000000001,9.0,802.3333333333334,130.0,689.0,130.0,867.0,130.0,24.366666666666664,130.0,22.400000000000002,130.0,27.333333333333332,130.0,,200.0,,200.0,,200.0
130335A,Dee River at Wura,2000-Q1,2000-01-01,2000-03-31,48.666666666666664,10.0,0.2986666666666667,9.0,0.26266666666666666,9.0,0.33666666666666667,9.0,0.0026666666666666666,9.0,0.0006666666666666666,9.0,0.006666666666666667,9.0,0.22599999999999998,9.0,0.057666666666666665,9.0,0.547,9.0,6.8933333333333335,9.0,847.6666666666666,130.0,804.3333333333334,130.0,885.0,130.0,25.733333333333334,130.0,23.400000000000002,130.0,27.833333333333332,130.0,,200.0,,200.0,,200.0
130335A,Dee River at Wura,2000-Q2,2000-04-01,2000-06-30,46.0,10.0,0.077,9.0,0.015333333333333332,9.0,0.1376666666666667,9.0,0.0,9.0,0.0,9.0,0.0,9.0,0.0,9.0,0.0,9.0,0.0,9.0,0.0,9.0,921.0,176.66666666666666,862.0,176.66666666666666,999.0,176.66666666666666,22.4,176.66666666666666,19.4,176.66666666666666,26.0,176.66666666666666,,200.0,,200.0,,200.0
130335A,Dee River at Wura,2000-Q3,2000-07-01,2000-09-30,7.333333333333333,10.0,,180.0,,180.0,,180.0,0.0,19.0,0.0,19.0,0.0,19.0,0.0,19.0,0.0,19.0,0.0,19.0,0.0,19.0,,180.0,,180.0,,180.0,,180.0,,180.0,,180.0,,200.0,,200.0,,200.0
130335A,Dee River at Wura,2000-Q4,2000-10-01,2000-12-31,131.66666666666666,10.0,0.554,123.0,0.43,123.0,1.65,123.0,7.337,29.0,0.021666666666666667,29.0,100.221,29.0,633.9223333333333,29.0,1.8576666666666668,29.0,8659.08,29.0,19045.436666666665,29.0,808.0,163.33333333333334,499.0,163.33333333333334,1684.0,163.33333333333334,25.6,163.33333333333334,23.3,163.33333333333334,28.5,163.33333333333334,,200.0,,200.0,,200.0
130335A,Dee River at Wura,2001-Q1,2001-01-01,2001-03-31,114.66666666666667,10.0,0.5930000000000001,9.0,0.39433333333333337,9.0,2.055,9.0,2.9753333333333334,9.0,0.029666666666666664,9.0,121.89466666666665,9.0,257.07266666666663,9.0,2.5366666666666666,9.0,10531.670333333333,9.0,7225.389999999999,9.0,972.6666666666666,130.0,535.0,130.0,1366.0,130.0,27.866666666666664,130.0,24.23333333333333,130.0,31.333333333333332,130.0,,200.0,,200.0,,200.0
130335A,Dee River at Wura,2001-Q2,2001-04-01,2001-06-30,9.0,10.0,0.47000000000000003,9.0,0.4486666666666667,9.0,0.5033333333333333,9.0,0.044333333333333336,9.0,0.03133333333333333,9.0,0.072,9.0,3.8203333333333327,9.0,2.712666666666667,9.0,6.226333333333334,9.0,115.61333333333334,9.0,912.6666666666666,130.0,858.6666666666666,130.0,1037.3333333333333,130.0,21.833333333333332,130.0,19.033333333333335,130.0,25.0,130.0,,200.0,,200.0,,200.0
130335A,Dee River at Wura,2001-Q3,2001-07-01,2001-09-30,12.0,10.0,0.414,9.0,0.40700000000000003,9.0,0.4226666666666667,9.0,0.01833333333333333,9.0,0.017333333333333336,9.0,0.021333333333333333,9.0,1.6166666666666665,9.0,1.471,9.0,1.8413333333333333,9.0,49.67666666666667,9.0,752.6666666666666,130.0,733.6666666666666,130.0,775.3333333333334,130.0,19.3,130.0,16.5,130.0,22.166666666666668,130.0,,200.0,,200.0,,200.0
130335A,Dee River at Wura,2001-Q4,2001-10-01,2001-12-31,62.0,136.66666666666666,0.39366666666666666,25.666666666666668,0.36400000000000005,25.666666666666668,1.037,25.666666666666668,0.124,25.666666666666668,0.009,25.666666666666668,25.631666666666664,25.666666666666668,10.728,25.666666666666668,0.7353333333333333,25.666666666666668,2214.576,25.666666666666668,332.27,25.666666666666668,690.0,176.66666666666666,651.0,176.66666666666666,717.0,176.66666666666666,24.2,176.66666666666666,21.4,176.66666666666666,26.8,176.66666666666666,,200.0,,200.0,,200.0
130335A,Dee River at Wura,2002-Q1,2002-01-01,2002-03-31,23.5,73.33333333333333,0.39666666666666667,9.0,0.36866666666666664,9.0,0.7879999999999999,9.0,0.08800000000000001,9.0,0.018666666666666668,9.0,7.877333333333333,9.0,7.609999999999999,9.0,1.5856666666666666,9.0,680.5873333333334,9.0,233.84333333333333,9.0,856.5,153.33333333333334,839.0,153.33333333333334,915.5,153.33333333333334,26.85,153.33333333333334,24.25,153.33333333333334,29.25,153.33333333333334,,200.0,,200.0,,200.0
130335A,Dee River at Wura,2002-Q2,2002-04-01,2002-06-30,69.0,73.33333333333333,0.39233333333333337,9.0,0.324,9.0,0.7793333333333333,9.0,0.2373333333333333,9.0,0.006333333333333333,9.0,9.422,9.0,20.488666666666667,9.0,0.5653333333333334,9.0,814.074,9.0,614.8633333333333,9.0,877.5,153.33333333333334,542.5,153.33333333333334,997.5,153.33333333333334,18.15,153.33333333333334,13.95,153.33333333333334,22.45,153.33333333333334,,200.0,,200.0,,200.0
130335A,Dee River at Wura,2002-Q3,2002-07-01,2002-09-30,13.0,10.0,0.3233333333333333,9.0,0.29433333333333334,9.0,0.3423333333333334,9.0,0.007333333333333333,9.0,0.004666666666666666,9.0,0.011000000000000001,9.0,0.6473333333333333,9.0,0.4003333333333334,9.0,0.9446666666666667,9.0,20.003333333333334,9.0,1069.0,130.0,1035.0,130.0,1101.0,130.0,17.2,130.0,14.333333333333334,130.0,19.866666666666667,130.0,,200.0,,200.0,,200.0
130335A,Dee River at Wura,2002-Q4,2002-10-01,2002-12-31,33.666666666666664,10.0,0.124,123.0,0.012,123.0,0.229,123.0,0.0,15.666666666666666,0.0,15.666666666666666,0.0,15.666666666666666,0.0,15.666666666666666,0.0,15.666666666666666,0.0,15.666666666666666,0.0,15.666666666666666,,200.0,,200.0,,200.0,,200.0,,200.0,,200.0,,200.0,,200.0,,200.0
130335A,Dee River at Wura,2003-Q1,2003-01-01,2003-03-31,141.66666666666666,10.0,0.632,123.0,0.417,123.0,2.274,123.0,11.652,15.666666666666666,0.019333333333333334,15.666666666666666,720.5056666666668,15.666666666666666,1006.7183333333334,15.666666666666666,1.6826666666666668,15.666666666666666,62251.704333333335,15.666666666666666,28350.193333333333,15.666666666666666,574.5,153.33333333333334,186.5,153.33333333333334,909.0,153.33333333333334,24.799999999999997,153.33333333333334,12.3,153.33333333333334,29.65,153.33333333333334,,200.0,,200.0,,200.0
130335A,Dee River at Wura,2003-Q2,2003-04-01,2003-06-30,19.666666666666668,10.0,0.40700000000000003,9.0,0.4003333333333334,9.0,0.427,9.0,0.043333333333333335,9.0,0.039,9.0,0.063,9.0,3.7466666666666666,9.0,3.3409999999999997,9.0,5.3999999999999995,9.0,113.62666666666667,9.0,856.6666666666666,130.0,815.0,130.0,877.6666666666666,130.0,22.866666666666664,130.0,19.633333333333336,130.0,26.099999999999998,130.0,,200.0,,200.0,,200.0
130335A,Dee River at Wura,2003-Q3,2003-07-01,2003-09-30,21.333333333333332,10.0,0.4056666666666667,9.0,0.40199999999999997,9.0,0.4256666666666667,9.0,0.02666666666666667,9.0,0.02266666666666667,9.0,0.039,9.0,2.2853333333333334,9.0,1.9649999999999999,9.0,3.3663333333333334,9.0,70.32000000000001,9.0,822.6666666666666,130.0,804.6666666666666,130.0,830.3333333333334,130.0,20.466666666666665,130.0,17.333333333333332,130.0,22.833333333333332,130.0,,200.0,,200.0,,200.0
130335A,Dee River at Wura,2003-Q4,2003-10-01,2003-12-31,77.33333333333333,10.0,0.4673333333333334,9.0,0.408,9.0,0.9276666666666666,9.0,0.138,9.0,0.019,9.0,4.443,9.0,11.912666666666667,9.0,1.6273333333333333,9.0,383.86066666666665,9.0,368.51,9.0,909.0,130.0,711.6666666666666,130.0,1120.0,130.0,25.8,130.0,23.46666666666667,130.0,29.53333333333333,130.0,7.2,176.66666666666666,6.5,176.66666666666666,7.7,176.66666666666666
130335A,Dee River at Wura,2004-Q1,2004-01-01,2004-03-31,50.0,10.0,0.68,9.0,0.5016666666666666,9.0,1.6986666666666668,9.0,1.4270000000000003,9.0,0.06733333333333334,9.0,34.78666666666667,9.0,123.28633333333335,9.0,5.789000000000001,9.0,3005.568333333333,9.0,3780.8233333333337,9.0,611.0,130.0,365.6666666666667,130.0,1021.3333333333334,130.0,27.8,130.0,25.733333333333334,130.0,30.099999999999998,130.0,,200.0,,200.0,,200.0
130335A,Dee River at Wura,2004-Q2,2004-04-01,2004-06-30,5.0,10.0,0.47933333333333333,9.0,0.46900000000000003,9.0,0.48866666666666664,9.0,0.051666666666666666,9.0,0.04566666666666667,9.0,0.05833333333333333,9.0,4.467,9.0,3.9313333333333333,9.0,5.0040000000000004,9.0,135.51,9.0,695.6666666666666,130.0,676.0,130.0,714.3333333333334,130.0,20.599999999999998,130.0,18.5,130.0,22.7,130.0,,200.0,,200.0,,200.0
130335A,Dee River at Wura,2004-Q3,2004-07-01,2004-09-30,7.0,10.0,0.4166666666666667,9.0,0.40399999999999997,9.0,0.43333333333333335,9.0,0.022000000000000002,9.0,0.018333333333333333,9.0,0.027999999999999997,9.0,1.9043333333333334,9.0,1.555,9.0,2.404666666666667,9.0,58.56666666666666,9.0,653.6666666666666,130.0,639.3333333333334,130.0,686.6666666666666,130.0,17.466666666666665,130.0,15.200000000000001,130.0,20.233333333333334,130.0,,200.0,,200.0,,200.0
130335A,Dee River at Wura,2004-Q4,2004-10-01,2004-12-31,95.0,10.0,0.44,9.0,0.36199999999999993,9.0,1.703,9.0,0.7813333333333333,9.0,0.008333333333333333,9.0,114.69966666666666,9.0,67.503,9.0,0.6913333333333332,9.0,9910.022666666666,9.0,2092.2833333333333,9.0,696.3333333333334,130.0,450.6666666666667,130.0,830.6666666666666,130.0,24.433333333333334,130.0,21.566666666666666,130.0,27.23333333333333,130.0,7.0,130.0,6.433333333333334,130.0,7.233333333333333,130.0
130335A,Dee River at Wura,2005-Q1,2005-01-01,2005-03-31,78.66666666666667,10.0,0.6436666666666667,9.0,0.5153333333333333,9.0,1.6663333333333334,9.0,2.33,9.0,0.16466666666666666,9.0,73.68233333333333,9.0,201.31833333333336,9.0,14.227333333333334,9.0,6366.139,9.0,6198.0,9.0,827.0,130.0,462.6666666666667,130.0,1024.3333333333333,130.0,27.233333333333334,130.0,24.7,130.0,30.266666666666666,130.0,6.766666666666667,130.0,5.333333333333333,130.0,7.266666666666667,130.0
130335A,Dee River at Wura,2005-Q2,2005-04-01,2005-06-30,35.0,10.0,0.5346666666666667,9.0,0.529,9.0,0.5663333333333332,9.0,0.19600000000000004,9.0,0.18500000000000003,9.0,0.26766666666666666,9.0,16.927666666666667,9.0,15.969333333333333,9.0,23.098,9.0,513.5833333333334,9.0,689.0,130.0,645.0,130.0,708.3333333333334,130.0,21.266666666666666,130.0,18.599999999999998,130.0,23.366666666666664,130.0,7.333333333333333,130.0,7.0,130.0,7.566666666666666,130.0
130335A,Dee River at Wura,2005-Q3,2005-07-01,2005-09-30,19.0,10.0,0.49433333333333335,9.0,0.47700000000000004,9.0,0.5193333333333333,9.0,0.12933333333333333,9.0,0.10533333333333333,9.0,0.17266666666666666,9.0,11.182666666666668,9.0,9.072,9.0,14.889666666666665,9.0,344.11999999999995,9.0,679.6666666666666,130.0,640.0,130.0,695.3333333333334,130.0,17.9,144.0,15.7,144.0,20.5,144.0,7.099999999999999,130.0,6.966666666666666,130.0,7.233333333333333,130.0
130335A,Dee River at Wura,2005-Q4,2005-10-01,2005-12-31,50.666666666666664,10.0,0.4123333333333334,9.0,0.37833333333333335,9.0,0.44399999999999995,9.0,0.045000000000000005,9.0,0.029666666666666664,9.0,0.06833333333333334,9.0,3.871,9.0,2.5300000000000002,9.0,5.904,9.0,118.65666666666668,9.0,708.0,130.0,692.6666666666666,130.0,735.6666666666666,130.0,,151.0,,151.0,,151.0,7.066666666666666,50.0,6.866666666666667,50.0,7.266666666666667,50.0
130335A,Dee River at Wura,2006-Q1,2006-01-01,2006-03-31,33.0,10.0,0.15033333333333335,10.0,0.08433333333333333,10.0,0.213,10.0,0.0003333333333333333,10.0,0.0,10.0,0.0013333333333333333,10.0,0.027333333333333334,10.0,0.0,10.0,0.10066666666666667,10.0,0.85,10.0,746.0,160.0,711.0,160.0,780.0,160.0,28.4,167.0,25.5,167.0,32.2,167.0,7.2,120.0,6.949999999999999,120.0,7.6,120.0
130335A,Dee River at Wura,2006-Q2,2006-04-01,2006-06-30,42.666666666666664,10.0,-0.09600000000000002,13.333333333333334,-0.131,13.333333333333334,-0.052333333333333336,13.333333333333334,0.0,13.333333333333334,0.0,13.333333333333334,0.0,13.333333333333334,0.0,13.333333333333334,0.0,13.333333333333334,0.0,13.333333333333334,0.0,13.333333333333334,,200.0,,200.0,,200.0,,200.0,,200.0,,200.0,,200.0,,200.0,,200.0
130335A,Dee River at Wura,2006-Q3,2006-07-01,2006-09-30,17.666666666666668,10.0,-0.026333333333333337,11.666666666666666,-0.07533333333333334,11.666666666666666,0.03133333333333333,11.666666666666666,0.0,11.666666666666666,0.0,11.666666666666666,0.0,11.666666666666666,0.0,11.666666666666666,0.0,11.666666666666666,0.0,11.666666666666666,0.0,11.666666666666666,,200.0,,200.0,,200.0,,200.0,,200.0,,200.0,,200.0,,200.0,,200.0
130335A,Dee River at Wura,2006-Q4,2006-10-01,2006-12-31,29.0,10.0,-0.133,15.0,-0.133,15.0,-0.133,15.0,0.0,15.0,0.0,15.0,0.0,15.0,0.0,15.0,0.0,15.0,0.0,15.0,0.0,15.0,,200.0,,200.0,,200.0,,200.0,,200.0,,200.0,,200.0,,200.0,,200.0
130335A,Dee River at Wura,2007-Q1,2007-01-01,2007-03-31,33.0,10.0,-0.133,15.0,-0.133,15.0,-0.133,15.0,0.0,15.0,0.0,15.0,0.0,15.0,0.0,15.0,0.0,15.0,0.0,15.0,0.0,15.0,,200.0,,200.0,,200.0,,200.0,,200.0,,200.0,,200.0,,200.0,,200.0
130335A,Dee River at Wura,2007-Q2,2007-04-01,2007-06-30,58.666666666666664,10.0,-0.133,15.0,-0.133,15.0,-0.133,15.0,0.0,15.0,0.0,15.0,0.0,15.0,0.0,15.0,0.0,15.0,0.0,15.0,0.0,15.0,,200.0,,200.0,,200.0,,200.0,,200.0,,200.0,,200.0,,200.0,,200.0
130335A,Dee River at Wura,2007-Q3,2007-07-01,2007-09-30,12.333333333333334,10.0,-0.133,15.0,-0.133,15.0,-0.133,15.0,0.0,15.0,0.0,15.0,0.0,15.0,0.0,15.0,0.0,15.0,0.0,15.0,0.0,15.0,,200.0,,200.0,,200.0,,200.0,,200.0,,200.0,,200.0,,200.0,,200.0
130335A,Dee River at Wura,2007-Q4,2007-10-01,2007-12-31,44.0,10.0,-0.133,15.0,-0.133,15.0,-0.133,15.0,0.0,15.0,0.0,15.0,0.0,15.0,0.0,15.0,0.0,15.0,0.0,15.0,0.0,15.0,,200.0,,200.0,,200.0,,200.0,,200.0,,200.0,,200.0,,200.0,,200.0
130335A,Dee River at Wura,2008-Q1,2008-01-01,2008-03-31,133.0,10.0,0.6233333333333333,15.0,0.23399999999999999,15.0,3.218,15.0,7.567666666666667,25.0,0.03166666666666667,25.0,330.42133333333334,25.0,653.8493333333333,25.0,2.7216666666666662,25.0,28548.36,25.0,19065.79,25.0,520.5,166.66666666666666,287.0,166.66666666666666,834.5,166.66666666666666,25.95,166.66666666666666,22.35,166.66666666666666,29.45,166.66666666666666,6.9,123.33333333333333,6.7,123.33333333333333,7.3,123.33333333333333
130335A,Dee River at Wura,2008-Q2,2008-04-01,2008-06-30,10.666666666666666,10.0,0.4106666666666667,20.0,0.3993333333333333,20.0,0.424,20.0,0.028666666666666663,30.0,0.022333333333333334,30.0,0.041,30.0,2.4643333333333333,30.0,1.915,30.0,3.528,30.0,74.7,30.0,692.0,10.0,641.6666666666666,10.0,714.6666666666666,10.0,20.133333333333333,10.0,17.033333333333335,10.0,22.53333333333333,10.0,7.033333333333334,13.333333333333334,6.833333333333333,13.333333333333334,7.333333333333333,13.333333333333334
130335A,Dee River at Wura,2008-Q3,2008-07-01,2008-09-30,38.666666666666664,10.0,0.41733333333333333,10.0,0.4033333333333333,10.0,0.442,10.0,0.021333333333333333,30.0,0.016333333333333335,30.0,0.036333333333333336,30.0,1.8636666666666668,30.0,1.3966666666666665,30.0,3.110333333333333,30.0,57.156666666666666,30.0,653.3333333333334,10.0,636.0,10.0,660.6666666666666,10.0,18.666666666666668,10.0,16.033333333333335,10.0,21.733333333333334,10.0,7.15,66.66666666666667,6.9,66.66666666666667,7.4,66.66666666666667
130335A,Dee River at Wura,2008-Q4,2008-10-01,2008-12-31,59.666666666666664,10.0,0.43766666666666665,10.0,0.4023333333333334,10.0,0.6549999999999999,10.0,0.06233333333333333,30.0,0.016333333333333335,30.0,1.3456666666666666,30.0,5.413333333333334,30.0,1.3823333333333334,30.0,116.23700000000001,30.0,167.23,30.0,733.0,10.0,598.6666666666666,10.0,1320.6666666666667,10.0,26.066666666666666,10.0,23.0,10.0,28.900000000000002,10.0,,160.0,,160.0,,160.0
130335A,Dee River at Wura,2009-Q1,2009-01-01,2009-03-31,71.66666666666667,10.0,0.661,10.0,0.5013333333333333,10.0,2.1693333333333333,10.0,1.2313333333333334,30.0,0.007666666666666666,30.0,52.76266666666667,30.0,106.39766666666667,30.0,0.6333333333333333,30.0,4558.665666666667,30.0,3066.1633333333334,30.0,633.3333333333334,10.0,399.6666666666667,10.0,1300.3333333333333,10.0,26.733333333333334,10.0,24.46666666666667,10.0,29.066666666666666,10.0,6.933333333333334,10.0,6.0,10.0,7.266666666666667,10.0
130335A,Dee River at Wura,2009-Q2,2009-04-01,2009-06-30,16.333333333333332,10.0,0.5393333333333333,10.0,0.532,10.0,0.5476666666666667,10.0,0.013,30.0,0.011000000000000001,30.0,0.017333333333333333,30.0,1.1216666666666668,30.0,0.9073333333333334,30.0,1.4686666666666666,30.0,34.01,30.0,642.6666666666666,10.0,622.6666666666666,10.0,659.0,10.0,20.033333333333335,10.0,16.866666666666667,10.0,22.2,10.0,7.133333333333333,10.0,7.0,10.0,7.233333333333333,10.0
130335A,Dee River at Wura,2009-Q3,2009-07-01,2009-09-30,0.3333333333333333,10.0,0.4916666666666667,10.0,0.47433333333333333,10.0,0.5056666666666666,10.0,0.0026666666666666666,50.0,0.0016666666666666668,50.0,0.004333333333333334,50.0,0.2416666666666667,50.0,0.12966666666666668,50.0,0.36000000000000004,50.0,7.496666666666667,50.0,596.3333333333334,10.0,592.3333333333334,10.0,601.6666666666666,10.0,18.566666666666666,10.0,15.6,10.0,21.233333333333334,10.0,7.2,10.0,7.099999999999999,10.0,7.333333333333333,10.0
130335A,Dee River at Wura,2009-Q4,2009-10-01,2009-12-31,35.333333333333336,10.0,0.37433333333333335,10.0,0.313,10.0,0.7766666666666667,10.0,0.11166666666666668,60.0,0.0,60.0,3.9456666666666664,60.0,9.650333333333334,60.0,0.0,60.0,340.8913333333333,60.0,299.16,60.0,648.0,10.0,575.6666666666666,10.0,1230.3333333333333,10.0,25.2,20.0,21.766666666666666,20.0,29.5,20.0,7.2,10.0,6.1000000000000005,10.0,7.5,10.0
130335A,Dee River at Wura,2010-Q1,2010-01-01,2010-03-31,132.0,10.0,1.133,10.0,0.49866666666666665,10.0,4.649666666666667,10.0,17.136666666666667,26.666666666666668,0.121,26.666666666666668,566.23,26.666666666666668,1480.5936666666666,26.666666666666668,10.425333333333333,26.666666666666668,48922.272,26.666666666666668,42320.47666666666,26.666666666666668,782.0,10.0,467.0,10.0,1605.3333333333333,10.0,26.833333333333332,13.333333333333334,23.8,13.333333333333334,30.866666666666664,13.333333333333334,6.6000000000000005,10.0,4.766666666666667,10.0,7.966666666666666,10.0
130335A,Dee River at Wura,2010-Q2,2010-04-01,2010-06-30,5.333333333333333,10.0,0.5566666666666666,10.0,0.5186666666666667,10.0,0.645,10.0,0.17133333333333334,13.333333333333334,0.08833333333333333,13.333333333333334,0.47066666666666673,13.333333333333334,14.814333333333332,13.333333333333334,7.617333333333334,13.333333333333334,40.629666666666665,13.333333333333334,446.94,13.333333333333334,764.0,10.0,681.3333333333334,10.0,890.3333333333334,10.0,22.066666666666666,10.0,19.433333333333334,10.0,25.0,10.0,7.2,10.0,6.8999999999999995,10.0,7.333333333333333,10.0
130335A,Dee River at Wura,2010-Q3,2010-07-01,2010-09-30,34.0,10.0,0.5403333333333333,10.0,0.4803333333333333,10.0,0.84,10.0,0.3293333333333333,13.333333333333334,0.04533333333333334,13.333333333333334,3.5563333333333333,13.333333333333334,28.46066666666667,13.333333333333334,3.8880000000000003,13.333333333333334,307.26733333333334,13.333333333333334,856.69,13.333333333333334,1334.0,10.0,952.3333333333334,10.0,1844.3333333333333,10.0,19.5,10.0,16.333333333333332,10.0,22.633333333333336,10.0,6.866666666666667,10.0,5.666666666666667,10.0,7.5,10.0
130335A,Dee River at Wura,2010-Q4,2010-10-01,2010-12-31,136.0,10.0,1.1276666666666666,10.0,0.642,10.0,4.707999999999999,10.0,18.905333333333335,23.333333333333332,0.42933333333333334,23.333333333333332,673.9323333333333,23.333333333333332,1633.4246666666666,23.333333333333332,37.095,23.333333333333332,58227.75399999999,23.333333333333332,50563.31,23.333333333333332,824.0,20.0,344.0,20.0,1376.0,20.0,25.133333333333336,10.0,21.5,10.0,28.599999999999998,10.0,7.1000000000000005,10.0,5.433333333333334,10.0,8.299999999999999,10.0
130335A,Dee River at Wura,2011-Q1,2011-01-01,2011-03-31,78.66666666666667,10.0,1.2750000000000001,10.0,0.8153333333333334,10.0,3.3656666666666673,10.0,10.183,30.0,0.8823333333333333,30.0,139.26999999999998,30.0,879.8013333333333,30.0,76.219,30.0,12032.899333333335,30.0,27074.696666666667,30.0,792.0,156.66666666666666,163.0,156.66666666666666,1094.0,156.66666666666666,27.53333333333333,103.33333333333333,25.03333333333333,103.33333333333333,30.633333333333336,103.33333333333333,6.133333333333333,10.0,4.466666666666666,10.0,7.5,10.0
130335A,Dee River at Wura,2011-Q2,2011-04-01,2011-06-30,36.333333333333336,10.0,0.8986666666666667,10.0,0.7629999999999999,10.0,1.962,10.0,2.497,30.0,0.5823333333333333,30.0,65.536,30.0,215.73933333333332,30.0,50.30233333333334,30.0,5662.281666666667,30.0,6500.443333333334,30.0,1289.3333333333333,150.0,987.6666666666666,150.0,1460.0,150.0,20.0,150.0,17.066666666666666,150.0,23.166666666666668,150.0,6.2,150.0,5.333333333333333,150.0,6.633333333333333,150.0
130335A,Dee River at Wura,2011-Q3,2011-07-01,2011-09-30,20.666666666666668,10.0,0.6753333333333335,10.0,0.6336666666666667,10.0,0.9186666666666667,10.0,0.2723333333333333,30.0,0.11699999999999999,30.0,2.2643333333333335,30.0,23.554666666666666,30.0,10.093666666666666,30.0,195.63866666666664,30.0,724.7733333333332,30.0,1591.5,156.66666666666666,1535.0,156.66666666666666,1705.5,156.66666666666666,17.666666666666668,150.0,16.533333333333335,150.0,19.2,150.0,6.433333333333334,150.0,6.266666666666667,150.0,6.666666666666667,150.0
130335A,Dee River at Wura,2011-Q4,2011-10-01,2011-12-31,35.333333333333336,10.0,0.592,10.0,0.5713333333333334,10.0,0.6533333333333333,10.0,0.04833333333333333,30.0,0.022000000000000002,30.0,0.19133333333333333,30.0,4.189333333333333,30.0,1.8630000000000002,30.0,16.522333333333332,30.0,129.28,30.0,1624.0,156.66666666666666,1609.0,156.66666666666666,1644.0,156.66666666666666,22.2,156.66666666666666,20.7,156.66666666666666,23.8,156.66666666666666,6.5,156.66666666666666,6.4,156.66666666666666,6.5,156.66666666666666
130335A,Dee River at Wura,2012-Q1,2012-01-01,2012-03-31,101.33333333333333,10.0,0.9466666666666667,10.0,0.6396666666666667,10.0,4.703666666666667,10.0,6.389666666666667,30.0,0.15800000000000003,30.0,394.779,30.0,552.057,30.0,13.636666666666665,30.0,34108.877,30.0,16809.66,30.0,787.0,63.333333333333336,271.5,63.333333333333336,1340.5,63.333333333333336,27.266666666666666,10.0,23.900000000000002,10.0,31.266666666666666,10.0,7.3,156.66666666666666,6.0,156.66666666666666,8.2,156.66666666666666
130335A,Dee River at Wura,2012-Q2,2012-04-01,2012-06-30,38.333333333333336,10.0,0.6586666666666666,10.0,0.6133333333333333,10.0,0.7703333333333333,10.0,0.21333333333333335,30.0,0.09900000000000002,30.0,0.6393333333333333,30.0,18.427,30.0,8.539333333333333,30.0,55.209666666666664,30.0,556.6666666666666,30.0,1179.6666666666667,10.0,944.3333333333334,10.0,1700.0,10.0,20.933333333333334,10.0,18.033333333333335,10.0,24.066666666666666,10.0,7.133333333333333,150.0,6.633333333333333,150.0,7.433333333333334,150.0
130335A,Dee River at Wura,2012-Q3,2012-07-01,2012-09-30,41.666666666666664,10.0,0.7533333333333333,16.666666666666668,0.639,16.666666666666668,1.8496666666666666,16.666666666666668,2.045,30.0,0.09066666666666667,30.0,68.90733333333334,30.0,176.71133333333333,30.0,7.790333333333333,30.0,5953.550333333333,30.0,5476.889999999999,30.0,1492.3333333333333,20.0,1033.3333333333333,20.0,1973.3333333333333,20.0,18.533333333333335,10.0,14.833333333333334,10.0,22.3,10.0,7.05,60.0,6.8,60.0,7.45,60.0
130335A,Dee River at Wura,2012-Q4,2012-10-01,2012-12-31,27.333333333333332,10.0,0.6066666666666666,10.0,0.598,10.0,0.629,10.0,0.013,30.0,0.006999999999999999,30.0,0.03766666666666667,30.0,1.1356666666666666,30.0,0.6046666666666667,30.0,3.24,30.0,34.64666666666667,30.0,1641.6666666666667,20.0,1469.0,20.0,1844.6666666666667,20.0,25.2,10.0,22.566666666666666,10.0,28.233333333333334,10.0,6.966666666666666,10.0,6.766666666666667,10.0,7.133333333333333,10.0
130335A,Dee River at Wura,2013-Q1,2013-01-01,2013-03-31,232.33333333333334,10.0,1.3916666666666666,10.0,0.8769999999999999,10.0,7.335000000000001,10.0,37.293,30.0,0.5196666666666667,30.0,1364.0623333333333,30.0,3222.1200000000003,30.0,44.899333333333324,30.0,117854.972,30.0,99266.49,30.0,911.0,116.66666666666667,175.0,116.66666666666667,1584.0,116.66666666666667,26.833333333333332,10.0,23.53333333333333,10.0,30.333333333333332,10.0,4.7,156.66666666666666,4.1,156.66666666666666,9.1,156.66666666666666
130335A,Dee River at Wura,2013-Q2,2013-04-01,2013-06-30,41.333333333333336,10.0,0.999,10.0,0.9233333333333333,10.0,1.2896666666666665,10.0,0.7983333333333333,30.0,0.38833333333333336,30.0,4.154333333333333,30.0,69.00033333333333,30.0,33.522999999999996,30.0,358.9053333333333,30.0,2097.2433333333333,30.0,,160.0,,160.0,,160.0,,160.0,,160.0,,160.0,,160.0,,160.0,,160.0
130335A,Dee River at Wura,2013-Q3,2013-07-01,2013-09-30,1.3333333333333333,10.0,0.834,10.0,0.8173333333333334,10.0,0.8586666666666667,10.0,0.15033333333333335,30.0,0.121,30.0,0.19933333333333333,30.0,12.976333333333335,30.0,10.425333333333333,30.0,17.208000000000002,30.0,399.99666666666667,30.0,,160.0,,160.0,,160.0,,160.0,,160.0,,160.0,,160.0,,160.0,,160.0
130335A,Dee River at Wura,2013-Q4,2013-10-01,2013-12-31,39.333333333333336,10.0,0.775,10.0,0.7520000000000001,10.0,0.9583333333333334,10.0,0.075,30.0,0.030666666666666665,30.0,1.2813333333333332,30.0,6.467,30.0,2.621,30.0,110.67833333333333,30.0,196.20333333333335,30.0,2462.6666666666665,10.0,2084.3333333333335,10.0,3649.0,10.0,26.633333333333336,10.0,23.733333333333334,10.0,30.400000000000002,10.0,7.15,106.66666666666667,6.65,106.66666666666667,7.35,106.66666666666667
130335A,Dee River at Wura,2014-Q1,2014-01-01,2014-03-31,75.33333333333333,10.0,0.8833333333333333,10.0,0.7563333333333334,10.0,2.327,10.0,2.4513333333333334,30.0,0.03466666666666667,30.0,87.17733333333335,30.0,211.75766666666667,30.0,2.9663333333333335,30.0,7532.078666666667,30.0,6501.37,30.0,2214.3333333333335,10.0,1083.6666666666667,10.0,4020.0,10.0,27.53333333333333,10.0,23.96666666666667,10.0,31.400000000000002,10.0,6.966666666666666,10.0,5.833333333333333,10.0,7.5,10.0
130335A,Dee River at Wura,2014-Q2,2014-04-01,2014-06-30,17.0,10.0,0.8773333333333334,10.0,0.8266666666666667,10.0,1.0203333333333333,10.0,0.23933333333333337,30.0,0.08066666666666668,30.0,1.165,30.0,20.694,30.0,6.940666666666668,30.0,100.61266666666667,30.0,624.1633333333334,30.0,1626.6666666666667,10.0,1310.6666666666667,10.0,1850.6666666666667,10.0,22.400000000000002,10.0,19.666666666666668,10.0,25.766666666666666,10.0,,160.0,,160.0,,160.0
130335A,Dee River at Wura,2014-Q3,2014-07-01,2014-09-30,28.666666666666668,10.0,0.7803333333333334,10.0,0.7733333333333334,10.0,0.7993333333333333,10.0,0.027999999999999997,30.0,0.024000000000000004,30.0,0.043666666666666666,30.0,2.453,30.0,2.0446666666666666,30.0,3.7586666666666666,30.0,75.27999999999999,30.0,1577.6666666666667,103.33333333333333,1516.3333333333333,103.33333333333333,1972.3333333333333,103.33333333333333,18.900000000000002,103.33333333333333,16.266666666666666,103.33333333333333,21.566666666666666,103.33333333333333,7.3,110.0,7.2,110.0,7.4,110.0
130335A,Dee River at Wura,2014-Q4,2014-10-01,2014-12-31,91.66666666666667,10.0,0.8243333333333333,10.0,0.7736666666666667,10.0,1.4506666666666668,10.0,0.40399999999999997,30.0,0.016333333333333335,30.0,19.157333333333334,30.0,34.905,30.0,1.382,30.0,1655.1646666666666,30.0,1081.3633333333335,30.0,1764.5,106.66666666666667,1122.5,106.66666666666667,2726.0,106.66666666666667,26.55,106.66666666666667,22.45,106.66666666666667,30.75,106.66666666666667,6.933333333333334,10.0,6.3999999999999995,10.0,7.2,10.0
130335A,Dee River at Wura,2015-Q1,2015-01-01,2015-03-31,140.66666666666666,10.0,1.1793333333333333,10.0,0.9133333333333334,10.0,5.332333333333334,10.0,12.525333333333334,30.0,0.11399999999999999,30.0,1069.4463333333333,30.0,1082.1713333333335,30.0,9.820666666666666,30.0,92400.14933333335,30.0,30458.39,30.0,1349.3333333333333,10.0,448.6666666666667,10.0,1896.0,10.0,28.400000000000002,10.0,25.633333333333336,10.0,32.13333333333333,10.0,6.366666666666667,103.33333333333333,5.666666666666667,103.33333333333333,6.7,103.33333333333333
130335A,Dee River at Wura,2015-Q2,2015-04-01,2015-06-30,26.333333333333332,10.0,0.9456666666666665,10.0,0.9236666666666666,10.0,0.9993333333333333,10.0,0.06933333333333334,26.666666666666668,0.037,26.666666666666668,0.219,26.666666666666668,5.987666666666667,26.666666666666668,3.1970000000000005,26.666666666666668,18.90733333333333,26.666666666666668,181.59666666666666,26.666666666666668,2080.6666666666665,10.0,1757.0,10.0,2277.0,10.0,21.633333333333336,10.0,18.833333333333332,10.0,24.5,10.0,6.666666666666667,150.0,6.566666666666666,150.0,6.766666666666667,150.0
130335A,Dee River at Wura,2015-Q3,2015-07-01,2015-09-30,13.0,10.0,0.92,10.0,0.9096666666666667,10.0,0.9356666666666666,10.0,0.034,20.0,0.024000000000000004,20.0,0.051333333333333335,20.0,2.9523333333333333,20.0,2.0736666666666665,20.0,4.435333333333333,20.0,90.79333333333334,20.0,2594.0,10.0,2413.6666666666665,10.0,2821.3333333333335,10.0,19.5,10.0,16.566666666666666,10.0,22.633333333333336,10.0,7.0,103.33333333333333,6.866666666666667,103.33333333333333,7.066666666666666,103.33333333333333
130335A,Dee River at Wura,2015-Q4,2015-10-01,2015-12-31,53.666666666666664,10.0,0.9133333333333334,10.0,0.8883333333333333,10.0,1.1636666666666666,10.0,0.08033333333333333,26.666666666666668,0.009666666666666665,26.666666666666668,3.824333333333333,26.666666666666668,6.932666666666667,26.666666666666668,0.8210000000000001,26.666666666666668,330.39366666666666,26.666666666666668,208.85666666666665,26.666666666666668,3080.3333333333335,10.0,2564.0,10.0,4159.333333333333,10.0,26.666666666666668,10.0,24.0,10.0,30.366666666666664,10.0,6.666666666666667,10.0,5.833333333333333,10.0,7.266666666666667,10.0
130335A,Dee River at Wura,2016-Q1,2016-01-01,2016-03-31,78.66666666666667,10.0,0.9436666666666667,10.0,0.9010000000000001,10.0,1.4590000000000003,10.0,0.24933333333333332,30.0,0.008333333333333333,30.0,14.404000000000002,30.0,21.535,30.0,0.6913333333333332,30.0,1244.4913333333334,30.0,626.5633333333334,30.0,2943.0,10.0,2308.0,10.0,3814.0,10.0,28.633333333333336,10.0,26.7,10.0,31.599999999999998,10.0,6.65,60.0,5.6,60.0,7.1,60.0
130335A,Dee River at Wura,2016-Q2,2016-04-01,2016-06-30,24.333333333333332,10.0,0.9143333333333334,10.0,0.9046666666666666,10.0,0.9303333333333333,10.0,0.007666666666666666,30.0,0.004,30.0,0.017,30.0,0.6643333333333333,30.0,0.317,30.0,1.4543333333333333,30.0,20.05333333333333,30.0,3130.5,60.0,3012.0,60.0,3181.5,60.0,22.366666666666664,10.0,19.766666666666666,10.0,24.733333333333334,10.0,,160.0,,160.0,,160.0
130335A,Dee River at Wura,2016-Q3,2016-07-01,2016-09-30,43.0,10.0,1.0453333333333334,10.0,0.9606666666666667,10.0,1.5026666666666666,10.0,1.0133333333333334,30.0,0.012000000000000002,30.0,14.757666666666667,30.0,87.52833333333332,30.0,1.0083333333333333,30.0,1275.0623333333333,30.0,2712.7233333333334,30.0,2090.0,60.0,1973.0,60.0,2194.0,60.0,19.866666666666667,10.0,17.566666666666666,10.0,22.566666666666666,10.0,6.8,10.0,5.766666666666667,10.0,7.1000000000000005,10.0
130335A,Dee River at Wura,2016-Q4,2016-10-01,2016-12-31,45.0,10.0,0.981,10.0,0.965,10.0,1.0216666666666667,10.0,0.011999999999999999,30.0,0.005,30.0,0.054,30.0,1.0236666666666667,30.0,0.432,30.0,4.6370000000000005,30.0,31.439999999999998,30.0,1970.3333333333333,150.0,1856.3333333333333,150.0,2035.0,150.0,26.400000000000002,150.0,24.5,150.0,28.733333333333334,150.0,7.033333333333334,20.0,6.733333333333333,20.0,7.2,20.0
130335A,Dee River at Wura,2017-Q1,2017-01-01,2017-03-31,137.66666666666666,10.0,1.0386666666666666,10.0,0.883,10.0,3.450333333333333,10.0,8.294333333333332,30.0,0.0,30.0,494.15366666666665,30.0,716.6256666666667,30.0,0.0,30.0,42694.86266666667,30.0,22215.38,30.0,2049.0,170.0,65.0,170.0,4310.0,170.0,27.9,170.0,23.4,170.0,30.2,170.0,6.833333333333333,20.0,5.7,20.0,7.466666666666666,20.0
130335A,Dee River at Wura,2017-Q2,2017-04-01,2017-06-30,30.333333333333332,10.0,1.2220000000000002,10.0,1.1496666666666666,10.0,1.6796666666666666,10.0,1.2009999999999998,30.0,0.051333333333333335,30.0,16.87333333333333,30.0,103.77633333333334,30.0,4.4206666666666665,30.0,1457.8273333333334,30.0,3119.656666666667,30.0,1434.3333333333333,10.0,974.0,10.0,1665.0,10.0,21.46666666666667,10.0,19.0,10.0,23.666666666666668,10.0,6.966666666666666,20.0,6.3999999999999995,20.0,7.3,20.0
130335A,Dee River at Wura,2017-Q3,2017-07-01,2017-09-30,15.0,10.0,1.1183333333333334,10.0,1.112,10.0,1.1403333333333334,10.0,0.015,30.0,0.012333333333333335,30.0,0.046000000000000006,30.0,1.3216666666666665,30.0,1.0223333333333333,30.0,3.9309999999999996,30.0,40.70666666666667,30.0,1739.0,10.0,1674.0,10.0,1784.3333333333333,10.0,19.366666666666667,10.0,16.900000000000002,10.0,22.099999999999998,10.0,7.3999999999999995,150.0,7.166666666666667,150.0,7.633333333333333,150.0
130335A,Dee River at Wura,2017-Q4,2017-10-01,2017-12-31,81.33333333333333,10.0,1.2793333333333334,10.0,1.1376666666666666,10.0,2.443,10.0,2.8296666666666668,30.0,0.06333333333333334,30.0,56.292,30.0,244.506,30.0,5.457333333333334,30.0,4863.614666666666,30.0,7569.993333333335,30.0,1262.0,10.0,629.3333333333334,10.0,1789.3333333333333,10.0,26.066666666666666,10.0,23.2,10.0,28.599999999999998,10.0,,250.0,,250.0,,250.0
130335A,Dee River at Wura,2018-Q1,2018-01-01,2018-03-31,48.666666666666664,10.0,1.1496666666666666,30.0,1.1243333333333334,30.0,1.1900000000000002,30.0,0.05933333333333333,30.0,0.019,30.0,0.21166666666666667,30.0,5.117333333333334,30.0,1.6126666666666665,30.0,18.273666666666667,30.0,154.4933333333333,30.0,1589.6666666666667,10.0,1431.3333333333333,10.0,1662.3333333333333,10.0,28.03333333333333,10.0,26.099999999999998,10.0,30.03333333333333,10.0,7.099999999999999,150.0,6.966666666666666,150.0,7.2,150.0
130335A,Dee River at Wura,2018-Q2,2018-04-01,2018-06-30,5.666666666666667,10.0,1.091,30.0,1.0823333333333334,30.0,1.0999999999999999,30.0,0.004666666666666666,30.0,0.0026666666666666666,30.0,0.007666666666666666,30.0,0.3993333333333333,30.0,0.21599999999999997,30.0,0.648,30.0,12.103333333333333,30.0,1606.6666666666667,10.0,1578.6666666666667,10.0,1636.3333333333333,10.0,21.03333333333333,10.0,18.733333333333334,10.0,23.0,10.0,7.099999999999999,150.0,7.033333333333334,150.0,7.233333333333333,150.0
130335A,Dee River at Wura,2018-Q3,2018-07-01,2018-09-30,13.0,10.0,1.0343333333333333,16.666666666666668,1.002,16.666666666666668,1.063,16.666666666666668,0.0006666666666666666,23.333333333333332,0.0,23.333333333333332,0.002,23.333333333333332,0.049666666666666665,23.333333333333332,0.0,23.333333333333332,0.17266666666666666,23.333333333333332,1.54,23.333333333333332,1402.6666666666667,10.0,1373.3333333333333,10.0,1451.6666666666667,10.0,18.96666666666667,10.0,16.666666666666668,10.0,21.433333333333334,10.0,7.266666666666667,56.666666666666664,7.1000000000000005,56.666666666666664,7.366666666666667,56.666666666666664
130335A,Dee River at Wura,2018-Q4,2018-10-01,2018-12-31,50.333333333333336,10.0,0.8206666666666665,10.0,0.745,10.0,0.892,10.0,0.0,10.0,0.0,10.0,0.0,10.0,0.0,10.0,0.0,10.0,0.0,10.0,0.0,10.0,1460.0,56.666666666666664,1403.6666666666667,56.666666666666664,1520.6666666666667,56.666666666666664,26.96666666666667,10.0,24.400000000000002,10.0,30.666666666666668,10.0,7.3,56.666666666666664,7.099999999999999,56.666666666666664,7.6000000000000005,56.666666666666664
130335A,Dee River at Wura,2019-Q1,2019-01-01,2019-03-31,41.0,10.0,0.43533333333333335,13.333333333333334,0.4013333333333333,13.333333333333334,0.47500000000000003,13.333333333333334,0.0,13.333333333333334,0.0,13.333333333333334,0.0,13.333333333333334,0.0,13.333333333333334,0.0,13.333333333333334,0.0,13.333333333333334,0.0,13.333333333333334,1449.0,170.0,1385.0,170.0,1512.0,170.0,28.8,123.33333333333333,26.2,123.33333333333333,32.8,123.33333333333333,7.3,183.33333333333334,7.1,183.33333333333334,7.5,183.33333333333334
130335A,Dee River at Wura,2019-Q2,2019-04-01,2019-06-30,6.333333333333333,10.0,0.37799999999999995,15.0,0.37799999999999995,15.0,0.37799999999999995,15.0,0.0,15.0,0.0,15.0,0.0,15.0,0.0,15.0,0.0,15.0,0.0,15.0,0.0,15.0,,200.0,,200.0,,200.0,,200.0,,200.0,,200.0,,200.0,,200.0,,200.0
130335A,Dee River at Wura,2019-Q3,2019-07-01,2019-09-30,7.333333333333333,10.0,0.37799999999999995,15.0,0.37799999999999995,15.0,0.37799999999999995,15.0,0.0,15.0,0.0,15.0,0.0,15.0,0.0,15.0,0.0,15.0,0.0,15.0,0.0,15.0,,200.0,,200.0,,200.0,,200.0,,200.0,,200.0,,200.0,,200.0,,200.0
130335A,Dee River at Wura,2019-Q4,2019-10-01,2019-12-31,25.0,10.0,0.38066666666666665,15.0,0.37799999999999995,15.0,0.4446666666666667,15.0,0.0,15.0,0.0,15.0,0.0,15.0,0.0,15.0,0.0,15.0,0.0,15.0,0.0,15.0,,200.0,,200.0,,200.0,,200.0,,200.0,,200.0,,200.0,,200.0,,200.0
130335A,Dee River at Wura,2020-Q1,2020-01-01,2020-03-31,74.0,10.0,0.7633333333333333,13.333333333333334,0.5263333333333333,13.333333333333334,2.2106666666666666,13.333333333333334,1.5726666666666667,25.0,0.0,25.0,92.332,25.0,135.86233333333334,25.0,0.0,25.0,7977.470333333334,25.0,4205.076666666667,25.0,1585.0,136.66666666666666,62.0,136.66666666666666,2446.0,136.66666666666666,26.9,136.66666666666666,24.4,136.66666666666666,30.6,136.66666666666666,,186.66666666666666,,186.66666666666666,,186.66666666666666
130335A,Dee River at Wura,2020-Q2,2020-04-01,2020-06-30,15.0,10.0,1.0263333333333333,10.0,0.9996666666666666,10.0,1.0583333333333333,10.0,0.0,30.0,0.0,30.0,0.0,30.0,0.0,30.0,0.0,30.0,0.0,30.0,0.0,30.0,1569.0,10.0,1396.6666666666667,10.0,1777.0,10.0,20.900000000000002,10.0,18.3,10.0,23.5,10.0,6.166666666666667,10.0,6.0,10.0,6.333333333333333,10.0
130335A,Dee River at Wura,2020-Q3,2020-07-01,2020-09-30,13.666666666666666,10.0,0.9693333333333333,10.0,0.9356666666666666,10.0,0.9993333333333333,10.0,0.0,10.0,0.0,10.0,0.0,10.0,0.0,10.0,0.0,10.0,0.0,10.0,0.0,10.0,1144.6666666666667,10.0,1101.0,10.0,1183.6666666666667,10.0,18.833333333333332,10.0,16.5,10.0,20.900000000000002,10.0,6.599999999999999,10.0,6.566666666666666,10.0,6.599999999999999,10.0
130335A,Dee River at Wura,2020-Q4,2020-10-01,2020-12-31,31.0,10.0,0.637,11.666666666666666,0.5613333333333334,11.666666666666666,0.726,11.666666666666666,0.0,11.666666666666666,0.0,11.666666666666666,0.0,11.666666666666666,0.0,11.666666666666666,0.0,11.666666666666666,0.0,11.666666666666666,0.0,11.666666666666666,1117.6666666666667,40.0,1065.3333333333333,40.0,1158.6666666666667,40.0,27.266666666666666,40.0,24.2,40.0,30.8,40.0,6.866666666666667,150.0,6.633333333333333,150.0,7.3999999999999995,150.0
130335A,Dee River at Wura,2021-Q1,2021-01-01,2021-03-31,48.0,10.0,0.387,15.0,0.38599999999999995,15.0,0.39566666666666667,15.0,0.0,15.0,0.0,15.0,0.0,15.0,0.0,15.0,0.0,15.0,0.0,15.0,0.0,15.0,,186.66666666666666,,186.66666666666666,,186.66666666666666,,186.66666666666666,,186.66666666666666,,186.66666666666666,,200.0,,200.0,,200.0
130335A,Dee River at Wura,2021-Q2,2021-04-01,2021-06-30,18.0,10.0,0.335,15.0,0.31466666666666665,15.0,0.38599999999999995,15.0,0.0,15.0,0.0,15.0,0.0,15.0,0.0,15.0,0.0,15.0,0.0,15.0,0.0,15.0,,200.0,,200.0,,200.0,,200.0,,200.0,,200.0,,200.0,,200.0,,200.0
130335A,Dee River at Wura,2021-Q3,2021-07-01,2021-09-30,18.666666666666668,10.0,0.17200000000000001,15.0,0.17200000000000001,15.0,0.17200000000000001,15.0,0.0,15.0,0.0,15.0,0.0,15.0,0.0,15.0,0.0,15.0,0.0,15.0,0.0,15.0,,200.0,,200.0,,200.0,,200.0,,200.0,,200.0,,200.0,,200.0,,200.0
130335A,Dee River at Wura,2021-Q4,2021-10-01,2021-12-31,128.66666666666666,10.0,0.8483333333333333,11.666666666666666,0.621,11.666666666666666,2.1519999999999997,11.666666666666666,1.5326666666666666,30.0,0.0,30.0,42.0,30.0,132.427,30.0,0.0,30.0,3628.7856666666667,30.0,4098.08,30.0,852.0,123.33333333333333,323.5,123.33333333333333,1500.0,123.33333333333333,27.15,73.33333333333333,23.3,73.33333333333333,30.5,73.33333333333333,5.5,123.33333333333333,4.25,123.33333333333333,6.8,123.33333333333333
130335A,Dee River at Wura,2022-Q1,2022-01-01,2022-03-31,59.666666666666664,10.0,1.078,10.0,0.9626666666666667,10.0,2.4613333333333336,10.0,1.2436666666666667,23.333333333333332,0.0,23.333333333333332,145.34433333333334,23.333333333333332,107.45233333333333,23.333333333333332,0.0,23.333333333333332,12557.735999999999,23.333333333333332,3331.02,23.333333333333332,927.3333333333334,16.666666666666668,610.6666666666666,16.666666666666668,1055.3333333333333,16.666666666666668,27.366666666666664,10.0,24.96666666666667,10.0,29.46666666666667,10.0,6.366666666666667,16.666666666666668,5.7,16.666666666666668,7.3,16.666666666666668
130335A,Dee River at Wura,2022-Q2,2022-04-01,2022-06-30,50.333333333333336,10.0,1.1976666666666667,10.0,1.1446666666666667,10.0,1.8276666666666668,10.0,0.8533333333333332,23.333333333333332,0.0029999999999999996,23.333333333333332,28.685999999999996,23.333333333333332,73.718,23.333333333333332,0.25933333333333336,23.333333333333332,2478.456,23.333333333333332,2284.5066666666667,23.333333333333332,727.0,10.0,545.6666666666666,10.0,776.3333333333334,10.0,21.133333333333333,10.0,19.133333333333333,10.0,23.099999999999998,10.0,6.8999999999999995,10.0,6.733333333333333,10.0,7.266666666666667,10.0
130335A,Dee River at Wura,2022-Q3,2022-07-01,2022-09-30,65.66666666666667,10.0,1.2426666666666666,10.0,1.185,10.0,1.4560000000000002,10.0,0.5583333333333333,30.0,0.014666666666666666,30.0,5.974333333333334,30.0,48.23466666666667,30.0,1.2526666666666668,30.0,516.1683333333334,30.0,1494.7233333333334,30.0,713.3333333333334,10.0,588.0,10.0,895.3333333333334,10.0,17.733333333333334,10.0,15.866666666666665,10.0,19.666666666666668,10.0,6.8,103.33333333333333,6.666666666666667,103.33333333333333,7.0,103.33333333333333
130335A,Dee River at Wura,2022-Q4,2022-10-01,2022-12-31,76.66666666666667,10.0,1.292,10.0,1.1853333333333333,10.0,2.3193333333333332,10.0,1.8706666666666667,30.0,0.021666666666666667,30.0,40.65133333333333,30.0,161.636,30.0,1.843,30.0,3512.246333333333,30.0,4986.62,30.0,635.6666666666666,10.0,349.0,10.0,1280.6666666666667,10.0,24.266666666666666,10.0,21.433333333333334,10.0,27.7,10.0,6.933333333333334,10.0,5.5,10.0,7.533333333333334,10.0
130335A,Dee River at Wura,2023-Q1,2023-01-01,2023-03-31,52.333333333333336,10.0,1.2466666666666668,10.0,1.1946666666666668,10.0,1.868,10.0,0.6276666666666667,30.0,0.024333333333333332,30.0,24.352666666666668,30.0,54.226,30.0,2.088,30.0,2104.070666666667,30.0,1663.1066666666666,30.0,808.3333333333334,10.0,524.3333333333334,10.0,1158.0,10.0,26.266666666666666,10.0,24.733333333333334,10.0,28.599999999999998,10.0,6.8999999999999995,10.0,6.533333333333334,10.0,7.2,10.0
130335A,Dee River at Wura,2023-Q2,2023-04-01,2023-06-30,15.666666666666666,10.0,1.1806666666666665,10.0,1.1713333333333333,10.0,1.2,10.0,0.010333333333333333,30.0,0.005,30.0,0.031,30.0,0.9009999999999999,30.0,0.4033333333333333,30.0,2.6493333333333333,30.0,27.333333333333332,30.0,703.0,10.0,656.6666666666666,10.0,732.3333333333334,10.0,19.400000000000002,10.0,17.066666666666666,10.0,21.96666666666667,10.0,6.966666666666666,10.0,6.866666666666667,10.0,7.033333333333334,10.0
130335A,Dee River at Wura,2023-Q3,2023-07-01,2023-09-30,24.0,10.0,1.141,10.0,1.1096666666666666,10.0,1.1833333333333333,10.0,0.004,30.0,0.001,30.0,0.028,30.0,0.33466666666666667,30.0,0.072,30.0,2.4046666666666665,30.0,10.370000000000001,30.0,692.3333333333334,16.666666666666668,669.3333333333334,16.666666666666668,718.6666666666666,16.666666666666668,18.2,10.0,16.766666666666666,10.0,19.7,10.0,7.0,10.0,6.8999999999999995,10.0,7.133333333333333,10.0
130335A,Dee River at Wura,2023-Q4,2023-10-01,2023-12-31,91.0,10.0,0.8846666666666666,10.0,0.7873333333333333,10.0,1.4756666666666665,10.0,0.31866666666666665,16.666666666666668,0.0,16.666666666666668,16.945333333333334,16.666666666666668,27.544666666666668,16.666666666666668,0.0,16.666666666666668,1464.0766666666666,16.666666666666668,853.8866666666667,16.666666666666668,746.6666666666666,20.0,700.0,20.0,885.6666666666666,20.0,25.599999999999998,10.0,23.599999999999998,10.0,28.400000000000002,10.0,7.033333333333334,10.0,6.066666666666666,10.0,7.266666666666667,10.0
130335A,Dee River at Wura,2024-Q1,2024-01-01,2024-03-31,35.333333333333336,10.0,1.269,10.0,1.1596666666666666,10.0,2.0370000000000004,10.0,2.3080000000000003,30.0,0.04133333333333333,30.0,34.94466666666666,30.0,199.422,30.0,3.5423333333333336,30.0,3019.205,30.0,6124.006666666667,30.0,704.0,13.333333333333334,428.0,13.333333333333334,896.6666666666666,13.333333333333334,27.46666666666667,10.0,25.166666666666668,10.0,30.5,10.0,6.7,10.0,5.933333333333334,10.0,7.1000000000000005,10.0
130335A,Dee River at Wura,2024-Q2,2024-04-01,2024-06-30,39.666666666666664,10.0,1.189,10.0,1.1280000000000001,10.0,1.5843333333333334,10.0,1.0053333333333334,30.0,0.02,30.0,14.918999999999999,30.0,86.83666666666666,30.0,1.6846666666666668,30.0,1288.9869999999999,30.0,2606.1233333333334,30.0,496.3333333333333,10.0,371.3333333333333,10.0,643.0,10.0,19.966666666666665,10.0,17.666666666666668,10.0,22.833333333333332,10.0,6.966666666666666,10.0,6.766666666666667,10.0,7.266666666666667,10.0
130335A,Dee River at Wura,2024-Q3,2024-07-01,2024-09-30,38.666666666666664,10.0,1.204,10.0,1.1033333333333333,10.0,2.1953333333333336,10.0,2.826333333333333,30.0,0.004,30.0,80.27966666666666,30.0,244.1966666666667,30.0,0.3456666666666666,30.0,6936.12,30.0,7568.866666666666,30.0,541.0,10.0,380.3333333333333,10.0,762.0,10.0,18.333333333333332,10.0,15.633333333333333,10.0,20.400000000000002,10.0,6.8999999999999995,40.0,5.966666666666666,40.0,7.3,40.0
130335A,Dee River at Wura,2024-Q4,2024-10-01,2024-12-31,56.333333333333336,10.0,1.0833333333333333,16.666666666666668,1.056,16.666666666666668,1.1073333333333333,16.666666666666668,0.0029999999999999996,30.0,0.0006666666666666666,30.0,0.01,30.0,0.27366666666666667,30.0,0.057666666666666665,30.0,0.835,30.0,8.479999999999999,30.0,668.3333333333334,10.0,639.0,10.0,693.0,10.0,25.366666666666664,10.0,23.766666666666666,10.0,26.666666666666668,10.0,6.75,70.0,6.65,70.0,6.9,70.0
130335A,Dee River at Wura,2025-Q1,2025-01-01,2025-03-31,139.0,10.0,1.1916666666666667,20.0,1.0833333333333333,20.0,2.359,20.0,0.9806666666666667,30.0,0.0016666666666666668,30.0,72.366,30.0,84.74499999999999,30.0,0.12966666666666668,30.0,6252.408,30.0,2581.9,30.0,1286.0,10.0,649.6666666666666,10.0,1573.0,10.0,26.866666666666664,10.0,25.233333333333334,10.0,28.96666666666667,10.0,6.233333333333333,10.0,4.866666666666666,10.0,6.766666666666667,10.0
130335A,Dee River at Wura,2025-Q2,2025-04-01,2025-06-30,58.0,10.0,1.3076666666666668,16.666666666666668,1.1723333333333332,16.666666666666668,2.069,16.666666666666668,3.978333333333333,30.0,0.010333333333333333,30.0,54.21533333333333,30.0,343.71166666666664,30.0,0.8783333333333333,30.0,4684.19,30.0,10311.74,30.0,858.0,10.0,672.0,10.0,933.6666666666666,10.0,20.466666666666665,10.0,17.966666666666665,10.0,23.03333333333333,10.0,6.633333333333333,10.0,6.066666666666666,10.0,6.966666666666666,10.0
130335A,Dee River at Wura,2025-Q3,2025-07-01,2025-09-30,19.666666666666668,10.0,1.1496666666666666,10.0,1.1353333333333333,10.0,1.1686666666666667,10.0,0.008333333333333333,30.0,0.004333333333333334,30.0,0.02033333333333333,30.0,0.7073333333333333,30.0,0.3456666666666666,30.0,1.728,30.0,21.80666666666667,30.0,859.6666666666666,10.0,838.3333333333334,10.0,884.3333333333334,10.0,17.433333333333334,10.0,15.6,10.0,19.166666666666668,10.0,7.033333333333334,10.0,6.933333333333334,10.0,7.3,10.0
130335A,Dee River at Wura,2025-Q4,2025-10-01,2025-12-31,73.33333333333333,10.0,1.0456666666666667,10.0,0.9663333333333334,10.0,1.319,10.0,0.12166666666666666,30.0,0.0,30.0,3.910666666666667,30.0,10.525333333333334,30.0,0.0,30.0,337.867,30.0,326.2866666666667,30.0,985.6666666666666,10.0,874.6666666666666,10.0,1181.3333333333333,10.0,25.833333333333332,10.0,23.833333333333332,10.0,28.2,10.0,6.833333333333333,10.0,6.3999999999999995,10.0,7.099999999999999,10.0
130335A,Dee River at Wura,2026-Q1,2026-01-01,2026-03-31,74.66666666666667,10.0,1.3756666666666668,10.0,1.1413333333333335,10.0,3.6826666666666665,10.0,7.183666666666667,30.0,0.01,30.0,278.1586666666667,30.0,620.6643333333333,30.0,0.8353333333333333,30.0,24032.88,30.0,19238.383333333335,30.0,950.3333333333334,10.0,424.0,10.0,1325.6666666666667,10.0,26.46666666666667,10.0,24.46666666666667,10.0,29.133333333333336,10.0,6.5,10.0,5.066666666666666,10.0,7.066666666666666,10.0
130335A,Dee River at Wura,2026-Q2,2026-04-01,2026-06-30,6.0,10.0,1.1696666666666666,10.0,1.1500000000000001,10.0,1.1989999999999998,10.0,0.008,30.0,0.0,30.0,0.048666666666666664,30.0,0.6806666666666666,30.0,0.0,30.0,4.204666666666667,30.0,20.423333333333336,30.0,881.6666666666666,10.0,852.0,10.0,946.3333333333334,10.0,20.099999999999998,10.0,18.0,10.0,21.633333333333336,10.0,7.1000000000000005,10.0,6.966666666666666,10.0,7.366666666666667,10.0
130335A,Dee River at Wura,2026-Q3,2026-07-01,2026-09-30,0.0,91.66666666666667,1.1345,91.66666666666667,1.1215000000000002,91.66666666666667,1.1465,91.66666666666667,0.0,105.0,0.0,105.0,0.0,105.0,0.0,105.0,0.0,105.0,0.0,105.0,0.0,105.0,800.0,91.66666666666667,777.5,91.66666666666667,822.5,91.66666666666667,17.05,91.66666666666667,15.3,91.66666666666667,18.799999999999997,91.66666666666667,7.2,91.66666666666667,7.1,91.66666666666667,7.5,91.66666666666667
130355A,Dee River at Kenbula,1992-Q1,1992-01-01,1992-03-31,,255.0,0.5875,91.0,0.4355,91.0,1.157,91.0,0.4125,98.33333333333333,0.006,98.33333333333333,9.6355,98.33333333333333,35.626000000000005,98.33333333333333,0.5185,98.33333333333333,832.4855,98.33333333333333,1072.285,98.33333333333333,,255.0,,255.0,,255.0,,255.0,,255.0,,255.0,,255.0,,255.0,,255.0
130355A,Dee River at Kenbula,1992-Q2,1992-04-01,1992-06-30,,255.0,0.5386666666666667,25.666666666666668,0.5116666666666667,25.666666666666668,0.61,25.666666666666668,0.032,26.333333333333332,0.007666666666666666,26.333333333333332,0.18333333333333335,26.333333333333332,2.7449999999999997,26.333333333333332,0.648,26.333333333333332,15.811333333333332,26.333333333333332,83.99,26.333333333333332,,255.0,,255.0,,255.0,,255.0,,255.0,,255.0,,255.0,,255.0,,255.0
130355A,Dee River at Kenbula,1992-Q3,1992-07-01,1992-09-30,,255.0,0.521,9.0,0.5073333333333333,9.0,0.569,9.0,0.013666666666666667,10.0,0.006333333333333333,10.0,0.06066666666666667,10.0,1.1660000000000001,10.0,0.533,10.0,5.227,10.0,35.663333333333334,10.0,3961.0,213.33333333333334,3597.0,213.33333333333334,4567.0,213.33333333333334,22.4,213.33333333333334,17.4,213.33333333333334,28.0,213.33333333333334,,236.66666666666666,,236.66666666666666,,236.66666666666666
130355A,Dee River at Kenbula,1992-Q4,1992-10-01,1992-12-31,,255.0,0.5003333333333333,9.0,0.45999999999999996,9.0,0.5776666666666667,9.0,0.009333333333333332,10.0,0.0,10.0,0.08233333333333333,10.0,0.8000000000000002,10.0,0.0,10.0,7.098999999999999,10.0,24.433333333333334,10.0,4503.0,153.33333333333334,3583.5,153.33333333333334,5794.0,153.33333333333334,27.066666666666666,130.0,21.433333333333334,130.0,32.800000000000004,130.0,3.3333333333333335,130.0,2.5666666666666664,130.0,4.333333333333333,130.0
130355A,Dee River at Kenbula,1993-Q1,1993-01-01,1993-03-31,31.333333333333332,10.0,0.462,9.0,0.37566666666666665,9.0,0.5443333333333333,9.0,0.005,10.0,0.0,10.0,0.028333333333333335,10.0,0.4323333333333333,10.0,0.0,10.0,2.419333333333333,10.0,13.286666666666667,10.0,4378.333333333333,130.0,3495.6666666666665,130.0,4946.0,130.0,28.633333333333336,130.0,23.3,130.0,33.93333333333333,130.0,3.25,153.33333333333334,2.7,153.33333333333334,3.8499999999999996,153.33333333333334
130355A,Dee River at Kenbula,1993-Q2,1993-04-01,1993-06-30,5.333333333333333,10.0,0.118,82.66666666666667,0.0465,82.66666666666667,0.191,82.66666666666667,0.0,29.333333333333332,0.0,29.333333333333332,0.0,29.333333333333332,0.0,29.333333333333332,0.0,29.333333333333332,0.0,29.333333333333332,0.0,29.333333333333332,7435.333333333333,130.0,6763.0,130.0,8043.666666666667,130.0,20.5,130.0,14.833333333333334,130.0,26.53333333333333,130.0,3.65,153.33333333333334,3.1500000000000004,153.33333333333334,4.25,153.33333333333334
130355A,Dee River at Kenbula,1993-Q3,1993-07-01,1993-09-30,53.333333333333336,10.0,0.4426666666666666,9.0,0.31966666666666665,9.0,0.5926666666666667,9.0,0.005,10.0,0.0,10.0,0.169,10.0,0.442,10.0,0.0,10.0,14.601666666666667,10.0,13.649999999999999,10.0,7796.333333333333,130.0,7247.666666666667,130.0,8339.666666666666,130.0,21.266666666666666,130.0,17.099999999999998,130.0,25.0,130.0,3.6,130.0,3.1999999999999997,130.0,4.133333333333334,130.0
130355A,Dee River at Kenbula,1993-Q4,1993-10-01,1993-12-31,66.0,136.66666666666666,0.512,9.0,0.45966666666666667,9.0,0.8006666666666667,9.0,0.04133333333333333,13.333333333333334,0.0006666666666666666,13.333333333333334,2.0466666666666664,13.333333333333334,3.5809999999999995,13.333333333333334,0.043333333333333335,13.333333333333334,176.832,13.333333333333334,108.21,13.333333333333334,6494.333333333333,130.0,2392.3333333333335,130.0,8021.666666666667,130.0,28.7,130.0,23.866666666666664,130.0,32.266666666666666,130.0,2.8,153.33333333333334,2.2,153.33333333333334,3.4,153.33333333333334
130355A,Dee River at Kenbula,1994-Q1,1994-01-01,1994-03-31,,200.0,0.49899999999999994,9.0,0.4543333333333333,9.0,0.6699999999999999,9.0,0.020666666666666667,13.333333333333334,0.001,13.333333333333334,0.795,13.333333333333334,1.803,13.333333333333334,0.08633333333333333,13.333333333333334,68.67366666666666,13.333333333333334,55.52,13.333333333333334,6272.333333333333,130.0,5547.0,130.0,7056.333333333333,130.0,29.333333333333332,130.0,24.7,130.0,33.333333333333336,130.0,2.766666666666667,130.0,2.6,130.0,2.8666666666666667,130.0
130355A,Dee River at Kenbula,1994-Q2,1994-04-01,1994-06-30,13.666666666666666,10.0,0.48566666666666664,9.0,0.48333333333333334,9.0,0.48933333333333334,9.0,0.001,10.0,0.0003333333333333333,10.0,0.0016666666666666668,10.0,0.08,10.0,0.028666666666666663,10.0,0.14366666666666666,10.0,2.43,10.0,6738.666666666667,130.0,6096.333333333333,130.0,7463.333333333333,130.0,20.266666666666666,130.0,16.099999999999998,130.0,23.8,130.0,2.466666666666667,130.0,2.4,130.0,2.6,130.0
130355A,Dee River at Kenbula,1994-Q3,1994-07-01,1994-09-30,4.0,10.0,0.44799999999999995,25.666666666666668,0.41533333333333333,25.666666666666668,0.47633333333333333,25.666666666666668,0.0,26.333333333333332,0.0,26.333333333333332,0.0003333333333333333,26.333333333333332,0.005666666666666667,26.333333333333332,0.0,26.333333333333332,0.028666666666666663,26.333333333333332,0.17666666666666667,26.333333333333332,8704.333333333334,130.0,8243.333333333334,130.0,9262.666666666666,130.0,18.099999999999998,130.0,13.466666666666667,130.0,21.53333333333333,130.0,2.6666666666666665,130.0,2.5,130.0,2.766666666666667,130.0
130355A,Dee River at Kenbula,1994-Q4,1994-10-01,1994-12-31,40.666666666666664,10.0,0.191,139.66666666666666,0.085,139.66666666666666,0.307,139.66666666666666,0.007666666666666666,32.666666666666664,0.0,32.666666666666664,0.7919999999999999,32.666666666666664,0.6543333333333333,32.666666666666664,0.0,32.666666666666664,68.41433333333333,32.666666666666664,20.286666666666665,32.666666666666664,,200.0,,200.0,,200.0,23.5,130.0,18.066666666666666,130.0,29.96666666666667,130.0,2.25,153.33333333333334,1.8,153.33333333333334,2.7,153.33333333333334
130355A,Dee River at Kenbula,1995-Q1,1995-01-01,1995-03-31,62.0,10.0,0.44733333333333336,9.0,0.36966666666666664,9.0,0.7833333333333333,9.0,0.033,13.333333333333334,0.0,13.333333333333334,7.197,13.333333333333334,2.8499999999999996,13.333333333333334,0.0,13.333333333333334,621.821,13.333333333333334,88.14,13.333333333333334,6415.333333333333,130.0,4770.666666666667,130.0,7779.333333333333,130.0,29.633333333333336,130.0,24.666666666666668,130.0,34.9,130.0,2.9,153.33333333333334,2.8499999999999996,153.33333333333334,3.0,153.33333333333334
130355A,Dee River at Kenbula,1995-Q2,1995-04-01,1995-06-30,30.333333333333332,10.0,0.467,9.0,0.4223333333333333,9.0,0.5643333333333334,9.0,0.002,10.0,0.0,10.0,0.07766666666666666,10.0,0.155,10.0,0.0,10.0,6.696333333333333,10.0,4.6866666666666665,10.0,8284.666666666666,130.0,7858.333333333333,130.0,8660.333333333334,130.0,21.633333333333336,130.0,16.099999999999998,130.0,25.666666666666668,130.0,2.966666666666667,130.0,2.766666666666667,130.0,3.1,130.0
130355A,Dee River at Kenbula,1995-Q3,1995-07-01,1995-09-30,30.666666666666668,10.0,0.48566666666666664,9.0,0.46599999999999997,9.0,0.5466666666666667,9.0,0.002,10.0,0.0,10.0,0.052666666666666674,10.0,0.17466666666666666,10.0,0.0,10.0,4.521666666666667,10.0,5.386666666666667,10.0,8670.0,130.0,8177.333333333333,130.0,9183.666666666666,130.0,18.266666666666666,130.0,11.233333333333334,130.0,23.099999999999998,130.0,2.966666666666667,130.0,2.766666666666667,130.0,3.1333333333333333,130.0
130355A,Dee River at Kenbula,1995-Q4,1995-10-01,1995-12-31,84.0,10.0,0.4716666666666667,42.333333333333336,0.41500000000000004,42.333333333333336,0.71,42.333333333333336,0.012666666666666666,42.666666666666664,0.0,42.666666666666664,0.66,42.666666666666664,1.0726666666666667,42.666666666666664,0.0,42.666666666666664,57.00933333333334,42.666666666666664,33.06666666666667,42.666666666666664,8924.0,130.0,8086.333333333333,130.0,9775.666666666666,130.0,27.0,130.0,22.433333333333334,130.0,31.566666666666666,130.0,2.8000000000000003,130.0,2.1666666666666665,130.0,3.0666666666666664,130.0
130355A,Dee River at Kenbula,1996-Q1,1996-01-01,1996-03-31,96.33333333333333,10.0,0.5326666666666667,9.0,0.44766666666666666,9.0,1.36,9.0,0.87,16.666666666666668,0.0006666666666666666,16.666666666666668,120.67599999999999,16.666666666666668,75.175,16.666666666666668,0.057666666666666665,16.666666666666668,10426.392,16.666666666666668,2330.14,16.666666666666668,6132.5,153.33333333333334,4542.5,153.33333333333334,7305.0,153.33333333333334,28.65,153.33333333333334,23.65,153.33333333333334,34.25,153.33333333333334,2.8,176.66666666666666,2.7,176.66666666666666,2.9,176.66666666666666
130355A,Dee River at Kenbula,1996-Q2,1996-04-01,1996-06-30,49.666666666666664,10.0,0.48100000000000004,9.0,0.42533333333333334,9.0,0.7883333333333334,9.0,0.13033333333333333,13.333333333333334,0.0016666666666666668,13.333333333333334,4.1786666666666665,13.333333333333334,11.265,13.333333333333334,0.12966666666666668,13.333333333333334,361.008,13.333333333333334,348.94,13.333333333333334,4871.0,130.0,3722.3333333333335,130.0,7509.666666666667,130.0,22.366666666666664,130.0,16.633333333333333,130.0,27.96666666666667,130.0,2.9,130.0,2.466666666666667,130.0,3.9,130.0
130355A,Dee River at Kenbula,1996-Q3,1996-07-01,1996-09-30,32.0,10.0,0.48699999999999993,9.0,0.4653333333333333,9.0,0.5423333333333334,9.0,0.0023333333333333335,10.0,0.0003333333333333333,10.0,0.028333333333333332,10.0,0.20233333333333334,10.0,0.028666666666666663,10.0,2.433666666666667,10.0,6.263333333333333,10.0,5740.0,130.0,5169.0,130.0,6832.666666666667,130.0,19.066666666666666,130.0,12.533333333333333,130.0,24.900000000000002,130.0,2.733333333333333,130.0,2.6666666666666665,130.0,2.9,130.0
130355A,Dee River at Kenbula,1996-Q4,1996-10-01,1996-12-31,88.33333333333333,10.0,0.4996666666666667,9.0,0.4486666666666667,9.0,0.8466666666666667,9.0,0.021666666666666667,13.333333333333334,0.0,13.333333333333334,1.6853333333333333,13.333333333333334,1.8716666666666668,13.333333333333334,0.0,13.333333333333334,145.59833333333333,13.333333333333334,57.61000000000001,13.333333333333334,6277.0,130.0,4863.0,130.0,7974.0,130.0,27.46666666666667,130.0,22.233333333333334,130.0,33.36666666666667,130.0,2.5666666666666664,130.0,1.8333333333333333,130.0,2.766666666666667,130.0
130355A,Dee River at Kenbula,1997-Q1,1997-01-01,1997-03-31,87.0,10.0,0.42733333333333334,9.0,0.325,9.0,0.7326666666666667,9.0,0.058,13.333333333333334,0.0,13.333333333333334,1.7356666666666667,13.333333333333334,5.014,13.333333333333334,0.0,13.333333333333334,149.96166666666667,13.333333333333334,155.26,13.333333333333334,8377.666666666666,130.0,7088.0,130.0,9787.0,130.0,28.099999999999998,130.0,22.666666666666668,130.0,35.93333333333334,130.0,2.8000000000000003,130.0,2.6333333333333333,130.0,3.033333333333333,130.0
130355A,Dee River at Kenbula,1997-Q2,1997-04-01,1997-06-30,19.666666666666668,10.0,0.5133333333333333,9.0,0.48633333333333334,9.0,0.5893333333333334,9.0,0.013666666666666667,10.0,0.001,10.0,0.12033333333333333,10.0,1.1900000000000002,10.0,0.072,10.0,10.396666666666667,10.0,36.16,10.0,4218.666666666667,130.0,3328.3333333333335,130.0,5495.666666666667,130.0,20.8,130.0,15.833333333333334,130.0,25.2,130.0,3.0,130.0,2.9,130.0,3.1666666666666665,130.0
130355A,Dee River at Kenbula,1997-Q3,1997-07-01,1997-09-30,4.666666666666667,10.0,0.4626666666666666,9.0,0.4306666666666667,9.0,0.48700000000000004,9.0,0.0006666666666666666,10.0,0.0,10.0,0.0023333333333333335,10.0,0.043333333333333335,10.0,0.0,10.0,0.20166666666666666,10.0,1.3499999999999999,10.0,6510.0,130.0,5911.333333333333,130.0,7675.0,130.0,19.833333333333332,130.0,14.9,130.0,25.46666666666667,130.0,2.8666666666666667,130.0,2.8000000000000003,130.0,3.033333333333333,130.0
130355A,Dee River at Kenbula,1997-Q4,1997-10-01,1997-12-31,13.333333333333334,10.0,0.4563333333333333,42.333333333333336,0.38199999999999995,42.333333333333336,0.63,42.333333333333336,0.010666666666666666,42.666666666666664,0.0,42.666666666666664,0.47733333333333333,42.666666666666664,0.941,42.666666666666664,0.0,42.666666666666664,41.198,42.666666666666664,28.27666666666667,42.666666666666664,9296.0,130.0,7824.333333333333,130.0,10953.666666666666,130.0,28.400000000000002,130.0,23.03333333333333,130.0,35.5,130.0,2.8333333333333335,130.0,2.6666666666666665,130.0,2.966666666666667,130.0
130355A,Dee River at Kenbula,1998-Q1,1998-01-01,1998-03-31,6.333333333333333,10.0,0.27449999999999997,99.33333333333333,0.1795,99.33333333333333,0.3665,99.33333333333333,0.0,45.666666666666664,0.0,45.666666666666664,0.0003333333333333333,45.666666666666664,0.0,45.666666666666664,0.0,45.666666666666664,0.028666666666666663,45.666666666666664,0.0033333333333333335,45.666666666666664,11492.5,153.33333333333334,10139.5,153.33333333333334,14566.5,153.33333333333334,22.700000000000003,130.0,16.0,130.0,39.1,130.0,2.8,153.33333333333334,2.6500000000000004,153.33333333333334,3.0,153.33333333333334
130355A,Dee River at Kenbula,1998-Q2,1998-04-01,1998-06-30,17.333333333333332,10.0,0.4945,66.0,0.483,66.0,0.5575,66.0,0.012000000000000002,13.333333333333334,0.0003333333333333333,13.333333333333334,1.907333333333333,13.333333333333334,1.0479999999999998,13.333333333333334,0.028666666666666663,13.333333333333334,164.77933333333334,13.333333333333334,31.573333333333334,13.333333333333334,7354.0,153.33333333333334,6417.0,153.33333333333334,8458.0,153.33333333333334,17.7,130.0,8.4,130.0,27.066666666666666,130.0,2.7,153.33333333333334,2.45,153.33333333333334,3.1500000000000004,153.33333333333334
130355A,Dee River at Kenbula,1998-Q3,1998-07-01,1998-09-30,13.666666666666666,10.0,0.5,9.0,0.47400000000000003,9.0,0.572,9.0,0.007666666666666666,10.0,0.0006666666666666666,10.0,0.07500000000000001,10.0,0.6469999999999999,10.0,0.057666666666666665,10.0,6.451333333333333,10.0,19.68,10.0,8228.0,130.0,6732.0,130.0,9635.0,130.0,20.266666666666666,130.0,13.4,130.0,25.733333333333334,130.0,2.766666666666667,130.0,2.533333333333333,130.0,3.1,130.0
130355A,Dee River at Kenbula,1998-Q4,1998-10-01,1998-12-31,39.333333333333336,10.0,0.5093333333333333,9.0,0.4796666666666667,9.0,0.6636666666666666,9.0,0.015,10.0,0.0,10.0,0.32266666666666666,10.0,1.2823333333333333,10.0,0.0,10.0,27.834999999999997,10.0,39.5,10.0,6817.333333333333,130.0,5534.666666666667,130.0,8981.666666666666,130.0,27.866666666666664,130.0,22.433333333333334,130.0,33.733333333333334,130.0,2.8666666666666667,130.0,2.6,130.0,3.233333333333333,130.0
130355A,Dee River at Kenbula,1999-Q1,1999-01-01,1999-03-31,68.0,10.0,0.515,9.0,0.4653333333333333,9.0,0.7056666666666667,9.0,0.029333333333333333,13.333333333333334,0.0,13.333333333333334,0.7779999999999999,13.333333333333334,2.5526666666666666,13.333333333333334,0.0,13.333333333333334,67.21933333333334,13.333333333333334,78.17333333333333,13.333333333333334,6248.0,130.0,5419.333333333333,130.0,7532.333333333333,130.0,30.2,130.0,25.5,130.0,35.63333333333333,130.0,3.0666666666666664,130.0,2.6333333333333333,130.0,3.966666666666667,130.0
130355A,Dee River at Kenbula,1999-Q2,1999-04-01,1999-06-30,11.666666666666666,10.0,0.48666666666666664,9.0,0.4716666666666667,9.0,0.5563333333333333,9.0,0.0026666666666666666,10.0,0.0,10.0,0.11433333333333334,10.0,0.23233333333333336,10.0,0.0,10.0,9.863999999999999,10.0,6.966666666666666,10.0,6197.666666666667,130.0,5490.666666666667,130.0,7010.666666666667,130.0,21.066666666666666,130.0,14.4,130.0,26.566666666666666,130.0,2.8333333333333335,130.0,2.7000000000000006,130.0,2.9333333333333336,130.0
130355A,Dee River at Kenbula,1999-Q3,1999-07-01,1999-09-30,32.0,10.0,0.49333333333333335,9.0,0.4713333333333333,9.0,0.619,9.0,0.005666666666666667,10.0,0.0003333333333333333,10.0,0.226,10.0,0.48933333333333334,10.0,0.028666666666666663,10.0,19.512333333333334,10.0,15.090000000000002,10.0,6578.333333333333,130.0,5230.666666666667,130.0,7575.333333333333,130.0,19.8,130.0,14.5,130.0,25.366666666666664,130.0,3.0,130.0,2.766666666666667,130.0,3.1666666666666665,130.0
130355A,Dee River at Kenbula,1999-Q4,1999-10-01,1999-12-31,62.666666666666664,10.0,0.47866666666666663,42.333333333333336,0.41133333333333333,42.333333333333336,0.702,42.333333333333336,0.009333333333333334,42.666666666666664,0.0,42.666666666666664,0.4376666666666667,42.666666666666664,0.8083333333333332,42.666666666666664,0.0,42.666666666666664,37.800000000000004,42.666666666666664,24.863333333333333,42.666666666666664,7187.666666666667,130.0,5836.0,130.0,9480.0,130.0,26.566666666666663,130.0,22.066666666666666,130.0,32.86666666666667,130.0,2.9333333333333336,130.0,2.8666666666666667,130.0,3.033333333333333,130.0
130355A,Dee River at Kenbula,2000-Q1,2000-01-01,2000-03-31,51.666666666666664,10.0,0.48666666666666664,25.666666666666668,0.43566666666666665,25.666666666666668,0.609,25.666666666666668,0.007666666666666666,26.333333333333332,0.0,26.333333333333332,0.17433333333333334,26.333333333333332,0.6503333333333333,26.333333333333332,0.0,26.333333333333332,15.033666666666667,26.333333333333332,19.650000000000002,26.333333333333332,6894.5,153.33333333333334,5646.5,153.33333333333334,7940.0,153.33333333333334,28.133333333333336,130.0,24.166666666666668,130.0,34.26666666666667,130.0,3.0,176.66666666666666,2.6,176.66666666666666,3.7,176.66666666666666
130355A,Dee River at Kenbula,2000-Q2,2000-04-01,2000-06-30,62.666666666666664,10.0,0.5053333333333333,9.0,0.45133333333333336,9.0,0.6346666666666666,9.0,0.017666666666666667,10.0,0.001,10.0,0.236,10.0,1.5466666666666666,10.0,0.072,10.0,20.376,10.0,47.53666666666667,10.0,6654.0,130.0,5036.0,130.0,8173.333333333333,130.0,21.033333333333335,130.0,13.266666666666666,130.0,26.166666666666668,130.0,2.966666666666667,130.0,2.733333333333333,130.0,3.033333333333333,130.0
130355A,Dee River at Kenbula,2000-Q3,2000-07-01,2000-09-30,6.333333333333333,10.0,0.451,9.0,0.4043333333333334,9.0,0.494,9.0,0.0013333333333333333,10.0,0.0003333333333333333,10.0,0.005,10.0,0.11466666666666665,10.0,0.028666666666666663,10.0,0.43199999999999994,10.0,3.5566666666666666,10.0,7149.333333333333,130.0,6494.0,130.0,8161.0,130.0,19.3,130.0,14.0,130.0,25.833333333333332,130.0,2.9,130.0,2.8000000000000003,130.0,2.966666666666667,130.0
130355A,Dee River at Kenbula,2000-Q4,2000-10-01,2000-12-31,162.33333333333334,10.0,0.47733333333333333,25.666666666666668,0.36933333333333335,25.666666666666668,1.1683333333333332,25.666666666666668,0.3626666666666667,29.666666666666668,0.006333333333333333,29.666666666666668,17.797,29.666666666666668,31.344000000000005,29.666666666666668,0.5326666666666666,29.666666666666668,1537.6466666666665,29.666666666666668,944.5366666666667,29.666666666666668,2029.5,153.33333333333334,314.5,153.33333333333334,5805.0,153.33333333333334,25.8,146.66666666666666,22.200000000000003,146.66666666666666,31.35,146.66666666666666,3.45,153.33333333333334,2.8,153.33333333333334,4.6,153.33333333333334
130355A,Dee River at Kenbula,2001-Q1,2001-01-01,2001-03-31,120.0,10.0,0.5830000000000001,25.666666666666668,0.5066666666666667,25.666666666666668,1.2803333333333333,25.666666666666668,0.49100000000000005,36.333333333333336,0.006000000000000001,36.333333333333336,49.433,36.333333333333336,42.434999999999995,36.333333333333336,0.4749999999999999,36.333333333333336,4271.011333333333,36.333333333333336,1196.94,36.333333333333336,3427.6666666666665,130.0,1653.3333333333333,130.0,5783.0,130.0,28.633333333333336,130.0,23.900000000000002,130.0,33.800000000000004,130.0,3.533333333333333,130.0,2.6666666666666665,130.0,4.333333333333333,130.0
130355A,Dee River at Kenbula,2001-Q2,2001-04-01,2001-06-30,2.6666666666666665,10.0,0.5126666666666667,9.0,0.49533333333333335,9.0,0.546,9.0,0.01,10.0,0.0030000000000000005,10.0,0.03233333333333333,10.0,0.8536666666666667,10.0,0.23066666666666666,10.0,2.7503333333333333,10.0,25.88,10.0,4193.333333333333,130.0,3107.0,130.0,5644.333333333333,130.0,21.0,130.0,14.866666666666667,130.0,26.633333333333336,130.0,3.1999999999999997,130.0,3.0,130.0,5.2,130.0
130355A,Dee River at Kenbula,2001-Q3,2001-07-01,2001-09-30,8.333333333333334,10.0,0.49933333333333335,9.0,0.48266666666666663,9.0,0.5296666666666666,9.0,0.004333333333333334,10.0,0.0003333333333333333,10.0,0.018333333333333333,10.0,0.37033333333333335,10.0,0.028666666666666663,10.0,1.553,10.0,11.290000000000001,10.0,5265.666666666667,130.0,4645.0,130.0,6415.666666666667,130.0,17.9,130.0,13.666666666666666,130.0,21.733333333333334,130.0,3.233333333333333,130.0,3.1,130.0,4.033333333333333,130.0
130355A,Dee River at Kenbula,2001-Q4,2001-10-01,2001-12-31,66.5,73.33333333333333,0.49466666666666664,25.666666666666668,0.45566666666666666,25.666666666666668,0.645,25.666666666666668,0.008333333333333333,26.333333333333332,0.0013333333333333333,26.333333333333332,0.252,26.333333333333332,0.7026666666666667,26.333333333333332,0.10066666666666667,26.333333333333332,21.744,26.333333333333332,21.546666666666667,26.333333333333332,3818.6666666666665,130.0,3218.0,130.0,5032.0,130.0,27.233333333333334,130.0,22.53333333333333,130.0,31.400000000000002,130.0,3.233333333333333,130.0,3.1333333333333333,130.0,3.8666666666666667,130.0
130355A,Dee River at Kenbula,2002-Q1,2002-01-01,2002-03-31,24.666666666666668,10.0,0.38999999999999996,9.0,0.30333333333333334,9.0,0.4896666666666667,9.0,0.001,10.0,0.0,10.0,0.04900000000000001,10.0,0.11399999999999999,10.0,0.0,10.0,4.219333333333334,10.0,3.4066666666666667,10.0,7110.333333333333,130.0,6405.666666666667,130.0,8290.0,130.0,27.900000000000002,130.0,22.900000000000002,130.0,31.933333333333334,130.0,3.1,130.0,3.0,130.0,5.266666666666667,130.0
130355A,Dee River at Kenbula,2002-Q2,2002-04-01,2002-06-30,52.0,10.0,,180.0,,180.0,,180.0,0.010333333333333333,19.0,0.0,19.0,0.24533333333333332,19.0,0.8826666666666667,19.0,0.0,19.0,21.182333333333332,19.0,26.47666666666667,19.0,,186.66666666666666,,186.66666666666666,,186.66666666666666,,180.0,,180.0,,180.0,,200.0,,200.0,,200.0
130355A,Dee River at Kenbula,2002-Q3,2002-07-01,2002-09-30,21.333333333333332,10.0,0.49066666666666664,9.0,0.4656666666666667,9.0,0.5503333333333333,9.0,0.0026666666666666666,10.0,0.0003333333333333333,10.0,0.042,10.0,0.23933333333333331,10.0,0.028666666666666663,10.0,3.6286666666666663,10.0,7.37,10.0,6326.333333333333,130.0,5704.0,130.0,6913.333333333333,130.0,16.599999999999998,130.0,12.0,130.0,19.733333333333334,130.0,2.766666666666667,130.0,2.7000000000000006,130.0,2.9,130.0
130355A,Dee River at Kenbula,2002-Q4,2002-10-01,2002-12-31,37.666666666666664,10.0,0.26866666666666666,25.666666666666668,0.03966666666666667,25.666666666666668,0.44300000000000006,25.666666666666668,0.0016666666666666668,26.333333333333332,0.0,26.333333333333332,0.114,26.333333333333332,0.13133333333333333,26.333333333333332,0.0,26.333333333333332,9.849666666666666,26.333333333333332,4.07,26.333333333333332,8483.0,176.66666666666666,7092.0,176.66666666666666,10171.0,176.66666666666666,22.9,176.66666666666666,16.6,176.66666666666666,27.2,176.66666666666666,2.7,176.66666666666666,2.7,176.66666666666666,2.8,176.66666666666666
130355A,Dee River at Kenbula,2003-Q1,2003-01-01,2003-03-31,149.0,10.0,0.4953333333333334,25.666666666666668,0.245,25.666666666666668,1.5249999999999997,25.666666666666668,0.9813333333333333,33.0,0.0,33.0,102.71500000000002,33.0,84.79933333333334,33.0,0.0,33.0,8874.547333333334,33.0,2403.233333333333,33.0,5512.666666666667,130.0,3172.3333333333335,130.0,9914.666666666666,130.0,28.599999999999998,130.0,24.2,130.0,32.93333333333333,130.0,3.5666666666666664,130.0,2.966666666666667,130.0,4.933333333333334,130.0
130355A,Dee River at Kenbula,2003-Q2,2003-04-01,2003-06-30,14.333333333333334,10.0,0.45133333333333336,25.666666666666668,0.43100000000000005,25.666666666666668,0.48133333333333334,25.666666666666668,0.0,26.333333333333332,0.0,26.333333333333332,0.002,26.333333333333332,0.014,26.333333333333332,0.0,26.333333333333332,0.15833333333333333,26.333333333333332,0.4166666666666667,26.333333333333332,3743.3333333333335,130.0,3097.0,130.0,4339.0,130.0,21.166666666666668,130.0,16.066666666666666,130.0,27.266666666666666,130.0,3.4333333333333336,130.0,3.1,130.0,3.6666666666666665,130.0
130355A,Dee River at Kenbula,2003-Q3,2003-07-01,2003-09-30,28.5,73.33333333333333,0.46866666666666673,25.666666666666668,0.4323333333333334,25.666666666666668,0.5299999999999999,25.666666666666668,0.0003333333333333333,26.333333333333332,0.0,26.333333333333332,0.03266666666666667,26.333333333333332,0.061,26.333333333333332,0.0,26.333333333333332,2.808,26.333333333333332,1.87,26.333333333333332,5345.5,153.33333333333334,4736.5,153.33333333333334,6210.5,153.33333333333334,17.8,153.33333333333334,10.65,153.33333333333334,21.85,153.33333333333334,3.4,153.33333333333334,2.9,153.33333333333334,3.75,153.33333333333334
130355A,Dee River at Kenbula,2003-Q4,2003-10-01,2003-12-31,71.5,73.33333333333333,0.48700000000000004,25.666666666666668,0.37033333333333335,25.666666666666668,0.606,25.666666666666668,0.012333333333333335,26.333333333333332,0.0,26.333333333333332,0.18033333333333335,26.333333333333332,1.0726666666666667,26.333333333333332,0.0,26.333333333333332,15.551666666666668,26.333333333333332,33.24333333333333,26.333333333333332,4866.0,153.33333333333334,3958.5,153.33333333333334,5899.0,153.33333333333334,27.9,153.33333333333334,22.25,153.33333333333334,32.95,153.33333333333334,3.0,153.33333333333334,2.75,153.33333333333334,3.45,153.33333333333334
130355A,Dee River at Kenbula,2004-Q1,2004-01-01,2004-03-31,85.66666666666667,10.0,0.525,9.0,0.48933333333333334,9.0,0.7290000000000001,9.0,0.03333333333333333,13.333333333333334,0.0016666666666666668,13.333333333333334,1.092,13.333333333333334,2.8793333333333333,13.333333333333334,0.11533333333333333,13.333333333333334,94.33433333333333,13.333333333333334,85.0,13.333333333333334,4789.333333333333,130.0,3247.3333333333335,130.0,5837.666666666667,130.0,29.3,130.0,24.099999999999998,130.0,36.0,130.0,3.5666666666666664,130.0,3.0,130.0,4.533333333333333,130.0
130355A,Dee River at Kenbula,2004-Q2,2004-04-01,2004-06-30,10.333333333333334,10.0,0.48699999999999993,9.0,0.4663333333333333,9.0,0.5516666666666666,9.0,0.002,10.0,0.0,10.0,0.04700000000000001,10.0,0.17466666666666666,10.0,0.0,10.0,4.017666666666667,10.0,5.273333333333333,10.0,5984.333333333333,130.0,5316.666666666667,130.0,6674.0,130.0,21.133333333333336,130.0,13.4,130.0,28.066666666666666,130.0,3.266666666666667,130.0,2.8666666666666667,130.0,3.6,130.0
130355A,Dee River at Kenbula,2004-Q3,2004-07-01,2004-09-30,5.0,10.0,0.4446666666666667,9.0,0.37800000000000006,9.0,0.5086666666666667,9.0,0.0016666666666666668,10.0,0.0,10.0,0.009333333333333332,10.0,0.13066666666666668,10.0,0.0,10.0,0.7920000000000001,10.0,4.03,10.0,7092.0,130.0,6376.333333333333,130.0,7730.0,130.0,19.0,130.0,9.966666666666667,130.0,28.366666666666664,130.0,2.8666666666666667,130.0,2.7000000000000006,130.0,3.466666666666667,130.0
130355A,Dee River at Kenbula,2004-Q4,2004-10-01,2004-12-31,90.0,10.0,0.49933333333333335,42.333333333333336,0.4543333333333333,42.333333333333336,0.6960000000000001,42.333333333333336,0.01966666666666667,42.666666666666664,0.0,42.666666666666664,0.7829999999999999,42.666666666666664,1.6959999999999997,42.666666666666664,0.0,42.666666666666664,67.62233333333333,42.666666666666664,52.443333333333335,42.666666666666664,8604.666666666666,130.0,6152.666666666667,130.0,10836.0,130.0,27.7,130.0,20.766666666666666,130.0,36.43333333333333,130.0,2.7999999999999994,130.0,2.2333333333333334,130.0,3.233333333333333,130.0
130355A,Dee River at Kenbula,2005-Q1,2005-01-01,2005-03-31,92.0,10.0,0.5263333333333334,59.0,0.47633333333333333,59.0,0.7136666666666667,59.0,0.039,59.0,0.002,59.0,0.6956666666666665,59.0,3.3493333333333335,59.0,0.17266666666666666,59.0,60.10566666666667,59.0,100.39666666666666,59.0,4594.0,153.33333333333334,2758.0,153.33333333333334,7227.5,153.33333333333334,29.3,137.0,23.4,137.0,36.6,137.0,2.733333333333333,130.0,2.5,130.0,3.2000000000000006,130.0
130355A,Dee River at Kenbula,2005-Q2,2005-04-01,2005-06-30,40.666666666666664,10.0,0.5016666666666666,9.0,0.492,9.0,0.6030000000000001,9.0,0.006333333333333333,10.0,0.002,10.0,0.1396666666666667,10.0,0.5526666666666666,10.0,0.17299999999999996,10.0,12.052999999999999,10.0,16.81,10.0,,200.0,,200.0,,200.0,20.0,137.0,12.25,137.0,27.2,137.0,2.766666666666667,130.0,2.566666666666667,130.0,3.1333333333333333,130.0
130355A,Dee River at Kenbula,2005-Q3,2005-07-01,2005-09-30,11.666666666666666,10.0,0.4856666666666667,9.0,0.45133333333333336,9.0,0.5183333333333334,9.0,0.0030000000000000005,10.0,0.0013333333333333333,10.0,0.013999999999999999,10.0,0.25366666666666665,10.0,0.11533333333333333,10.0,1.1806666666666665,10.0,7.836666666666666,10.0,6511.0,144.0,5078.0,144.0,9656.0,144.0,18.3,144.0,10.4,144.0,24.9,144.0,3.0,144.0,2.8,144.0,3.4,144.0
130355A,Dee River at Kenbula,2005-Q4,2005-10-01,2005-12-31,53.666666666666664,10.0,0.479,66.0,0.391,66.0,0.841,66.0,0.015,16.333333333333332,0.0,16.333333333333332,1.5126666666666668,16.333333333333332,1.281,16.333333333333332,0.0,16.333333333333332,130.67999999999998,16.333333333333332,39.086666666666666,16.333333333333332,7116.0,144.0,1937.0,144.0,8387.0,144.0,29.2,144.0,22.5,144.0,36.4,144.0,,183.66666666666666,,183.66666666666666,,183.66666666666666
130355A,Dee River at Kenbula,2006-Q1,2006-01-01,2006-03-31,30.0,10.0,0.3383333333333333,15.0,0.29,15.0,0.4346666666666667,15.0,0.0016666666666666668,16.333333333333332,0.0,16.333333333333332,0.10233333333333333,16.333333333333332,0.14766666666666667,16.333333333333332,0.0,16.333333333333332,8.841666666666667,16.333333333333332,4.58,16.333333333333332,,200.0,,200.0,,200.0,,200.0,,200.0,,200.0,,200.0,,200.0,,200.0
130355A,Dee River at Kenbula,2006-Q2,2006-04-01,2006-06-30,58.0,10.0,0.437,10.0,0.35633333333333334,10.0,0.624,10.0,0.012333333333333335,13.333333333333334,0.0,13.333333333333334,0.701,13.333333333333334,1.0506666666666666,13.333333333333334,0.0,13.333333333333334,60.56666666666667,13.333333333333334,31.513333333333335,13.333333333333334,7086.0,183.33333333333334,5244.0,183.33333333333334,7886.0,183.33333333333334,25.5,183.33333333333334,19.4,183.33333333333334,34.6,183.33333333333334,,200.0,,200.0,,200.0
130355A,Dee River at Kenbula,2006-Q3,2006-07-01,2006-09-30,20.0,10.0,0.48333333333333334,10.0,0.45799999999999996,10.0,0.5236666666666667,10.0,0.002,10.0,0.0,10.0,0.013666666666666667,10.0,0.15433333333333332,10.0,0.0,10.0,1.1806666666666665,10.0,4.733333333333333,10.0,6692.333333333333,150.0,5226.333333333333,150.0,7660.666666666667,150.0,19.833333333333332,150.0,11.766666666666666,150.0,28.633333333333336,150.0,3.4333333333333336,150.0,3.033333333333333,150.0,4.6000000000000005,150.0
130355A,Dee River at Kenbula,2006-Q4,2006-10-01,2006-12-31,34.333333333333336,10.0,0.345,15.0,0.289,15.0,0.43199999999999994,15.0,0.0006666666666666666,15.0,0.0,15.0,0.016999999999999998,15.0,0.06233333333333333,15.0,0.0,15.0,1.4686666666666666,15.0,1.8666666666666665,15.0,,200.0,,200.0,,200.0,,200.0,,200.0,,200.0,,200.0,,200.0,,200.0
130355A,Dee River at Kenbula,2007-Q1,2007-01-01,2007-03-31,33.0,10.0,0.36533333333333334,13.333333333333334,0.283,13.333333333333334,0.49499999999999994,13.333333333333334,0.0026666666666666666,13.333333333333334,0.0,13.333333333333334,0.135,13.333333333333334,0.25133333333333335,13.333333333333334,0.0,13.333333333333334,11.649333333333333,13.333333333333334,7.063333333333333,13.333333333333334,,186.66666666666666,,186.66666666666666,,186.66666666666666,,200.0,,200.0,,200.0,,200.0,,200.0,,200.0
130355A,Dee River at Kenbula,2007-Q2,2007-04-01,2007-06-30,58.0,10.0,0.30433333333333334,15.0,0.21,15.0,0.3833333333333333,15.0,0.004333333333333333,15.0,0.0,15.0,0.028,15.0,0.3666666666666667,15.0,0.0,15.0,2.4193333333333333,15.0,11.003333333333332,15.0,,200.0,,200.0,,200.0,,200.0,,200.0,,200.0,,200.0,,200.0,,200.0
130355A,Dee River at Kenbula,2007-Q3,2007-07-01,2007-09-30,14.333333333333334,10.0,0.48633333333333334,33.333333333333336,0.4666666666666666,33.333333333333336,0.5173333333333333,33.333333333333336,0.0016666666666666668,33.333333333333336,0.0,33.333333333333336,0.010666666666666666,33.333333333333336,0.15333333333333332,33.333333333333336,0.0,33.333333333333336,0.8929999999999999,33.333333333333336,4.706666666666667,33.333333333333336,9573.666666666666,10.0,8415.666666666666,10.0,10546.333333333334,10.0,19.0,10.0,11.299999999999999,10.0,28.03333333333333,10.0,3.05,106.66666666666667,2.5,106.66666666666667,3.5999999999999996,106.66666666666667
130355A,Dee River at Kenbula,2007-Q4,2007-10-01,2007-12-31,45.333333333333336,10.0,0.4053333333333333,10.0,0.30233333333333334,10.0,0.5546666666666668,10.0,0.0016666666666666668,10.0,0.0,10.0,0.043333333333333335,10.0,0.13699999999999998,10.0,0.0,10.0,3.7006666666666668,10.0,4.16,10.0,,200.0,,200.0,,200.0,,200.0,,200.0,,200.0,,173.33333333333334,,173.33333333333334,,173.33333333333334
130355A,Dee River at Kenbula,2008-Q1,2008-01-01,2008-03-31,130.0,10.0,0.5946666666666667,10.0,0.5023333333333334,10.0,1.2550000000000001,10.0,1.046,16.666666666666668,0.005333333333333333,16.666666666666668,61.275666666666666,16.666666666666668,90.38433333333332,16.666666666666668,0.4176666666666667,16.666666666666668,5294.203333333334,16.666666666666668,2626.0499999999997,16.666666666666668,4387.333333333333,103.33333333333333,1467.6666666666667,103.33333333333333,9247.0,103.33333333333333,27.233333333333334,10.0,22.066666666666666,10.0,34.699999999999996,10.0,3.5,153.33333333333334,2.85,153.33333333333334,4.449999999999999,153.33333333333334
130355A,Dee River at Kenbula,2008-Q2,2008-04-01,2008-06-30,17.333333333333332,10.0,0.503,10.0,0.48966666666666664,10.0,0.5630000000000001,10.0,0.006333333333333333,10.0,0.0016666666666666668,10.0,0.052333333333333336,10.0,0.5223333333333333,10.0,0.12966666666666668,10.0,4.5216666666666665,10.0,15.826666666666668,10.0,8000.0,10.0,7194.333333333333,10.0,8617.0,10.0,20.333333333333332,10.0,12.366666666666667,10.0,27.2,10.0,3.466666666666667,150.0,3.2000000000000006,150.0,3.9,150.0
130355A,Dee River at Kenbula,2008-Q3,2008-07-01,2008-09-30,43.333333333333336,10.0,0.511,10.0,0.49133333333333334,10.0,0.5893333333333334,10.0,0.011666666666666667,10.0,0.002,10.0,0.15033333333333335,10.0,1.0236666666666665,10.0,0.15833333333333333,10.0,12.974333333333334,10.0,31.516666666666666,10.0,6839.666666666667,10.0,5108.0,10.0,7867.666666666667,10.0,18.8,10.0,12.266666666666666,10.0,27.566666666666666,10.0,3.5,150.0,3.1666666666666665,150.0,4.1000000000000005,150.0
130355A,Dee River at Kenbula,2008-Q4,2008-10-01,2008-12-31,65.0,10.0,0.509,43.333333333333336,0.45933333333333337,43.333333333333336,0.767,43.333333333333336,0.02566666666666667,43.333333333333336,0.0,43.333333333333336,1.583,43.333333333333336,2.212666666666667,43.333333333333336,0.0,43.333333333333336,136.75666666666666,43.333333333333336,67.61333333333333,43.333333333333336,7862.666666666667,10.0,4338.0,10.0,9345.0,10.0,27.599999999999998,10.0,20.233333333333334,10.0,35.56666666666667,10.0,3.1,60.0,3.0,60.0,3.35,60.0
130355A,Dee River at Kenbula,2009-Q1,2009-01-01,2009-03-31,94.66666666666667,10.0,0.5423333333333333,10.0,0.48233333333333334,10.0,0.7073333333333333,10.0,0.04833333333333333,13.333333333333334,0.0026666666666666666,13.333333333333334,0.7466666666666666,13.333333333333334,4.165333333333333,13.333333333333334,0.23033333333333336,13.333333333333334,64.48333333333333,13.333333333333334,120.33,13.333333333333334,7335.666666666667,10.0,4867.0,10.0,9522.666666666666,10.0,28.2,10.0,23.5,10.0,36.73333333333333,10.0,3.1666666666666665,10.0,2.8333333333333335,10.0,3.3666666666666667,10.0
130355A,Dee River at Kenbula,2009-Q2,2009-04-01,2009-06-30,15.666666666666666,10.0,0.5223333333333334,10.0,0.49133333333333334,10.0,0.5496666666666666,10.0,0.014666666666666666,10.0,0.0023333333333333335,10.0,0.034,10.0,1.264,10.0,0.17300000000000001,10.0,2.9090000000000003,10.0,38.42666666666667,10.0,10097.0,10.0,9348.0,10.0,10745.0,10.0,20.733333333333334,10.0,14.066666666666668,10.0,26.900000000000002,10.0,3.3333333333333335,10.0,3.233333333333333,10.0,3.3666666666666667,10.0
130355A,Dee River at Kenbula,2009-Q3,2009-07-01,2009-09-30,0.3333333333333333,7.0,0.5063333333333334,10.0,0.4666666666666666,10.0,0.527,10.0,0.01,10.0,0.0,10.0,0.018333333333333333,10.0,0.8586666666666667,10.0,0.0,10.0,1.5549999999999997,10.0,26.189999999999998,10.0,10860.666666666666,10.0,10316.333333333334,10.0,11566.666666666666,10.0,20.099999999999998,10.0,12.433333333333332,10.0,27.566666666666666,10.0,3.233333333333333,10.0,3.1666666666666665,10.0,3.3000000000000003,10.0
130355A,Dee River at Kenbula,2009-Q4,2009-10-01,2009-12-31,87.33333333333333,10.0,0.522,10.0,0.441,10.0,0.6883333333333334,10.0,0.06233333333333333,13.333333333333334,0.0,13.333333333333334,1.1353333333333333,13.333333333333334,5.351,13.333333333333334,0.0,13.333333333333334,98.07833333333333,13.333333333333334,165.54999999999998,13.333333333333334,10424.333333333334,10.0,7904.0,10.0,12722.333333333334,10.0,27.133333333333336,10.0,16.866666666666667,10.0,36.1,10.0,3.266666666666667,10.0,3.0666666666666664,10.0,3.6999999999999997,10.0
130355A,Dee River at Kenbula,2010-Q1,2010-01-01,2010-03-31,150.66666666666666,10.0,0.7319999999999999,10.0,0.5736666666666667,10.0,1.853,10.0,2.4730000000000003,23.333333333333332,0.07533333333333332,23.333333333333332,121.54066666666667,23.333333333333332,213.66033333333334,23.333333333333332,6.4943333333333335,23.333333333333332,10501.099666666667,23.333333333333332,6166.686666666667,23.333333333333332,2220.3333333333335,30.0,413.6666666666667,30.0,6341.666666666667,30.0,27.5,10.0,23.099999999999998,10.0,33.86666666666667,10.0,4.4,10.0,3.3666666666666667,10.0,6.633333333333333,10.0
130355A,Dee River at Kenbula,2010-Q2,2010-04-01,2010-06-30,15.666666666666666,10.0,0.5583333333333333,10.0,0.5226666666666667,10.0,0.623,10.0,0.04933333333333333,10.0,0.013666666666666667,10.0,0.17700000000000002,10.0,4.284666666666667,10.0,1.1376666666666668,10.0,15.278333333333334,10.0,129.36,10.0,5124.5,60.0,3267.5,60.0,6455.5,60.0,20.7,10.0,16.166666666666668,10.0,26.400000000000002,10.0,3.733333333333333,56.666666666666664,3.533333333333333,56.666666666666664,3.9,56.666666666666664
130355A,Dee River at Kenbula,2010-Q3,2010-07-01,2010-09-30,76.0,10.0,0.561,10.0,0.513,10.0,0.6956666666666668,10.0,0.082,10.0,0.008333333333333333,10.0,0.5930000000000001,10.0,7.083666666666666,10.0,0.7053333333333333,10.0,51.221000000000004,10.0,214.4333333333333,10.0,,160.0,,160.0,,160.0,19.400000000000002,10.0,14.066666666666665,10.0,26.833333333333332,10.0,3.6666666666666665,150.0,3.3666666666666667,150.0,4.6000000000000005,150.0
130355A,Dee River at Kenbula,2010-Q4,2010-10-01,2010-12-31,233.33333333333334,10.0,0.719,10.0,0.5726666666666667,10.0,1.718333333333333,10.0,3.4426666666666663,20.0,0.07533333333333334,20.0,157.56033333333332,20.0,297.43766666666664,20.0,6.508666666666667,20.0,13613.198333333334,20.0,9211.826666666666,20.0,,160.0,,160.0,,160.0,25.633333333333336,10.0,20.433333333333334,10.0,33.63333333333333,10.0,4.7,153.33333333333334,3.75,153.33333333333334,6.949999999999999,153.33333333333334
130355A,Dee River at Kenbula,2011-Q1,2011-01-01,2011-03-31,178.33333333333334,58.666666666666664,0.823,10.0,0.6463333333333333,10.0,1.4740000000000002,10.0,2.114333333333333,20.0,0.222,20.0,40.91433333333333,20.0,182.70666666666668,20.0,19.152,20.0,3534.9840000000004,20.0,5612.143333333333,20.0,1841.5,110.0,645.0,110.0,4865.0,110.0,27.566666666666666,10.0,23.03333333333333,10.0,34.4,10.0,3.95,60.0,3.2,60.0,5.75,60.0
130355A,Dee River at Kenbula,2011-Q2,2011-04-01,2011-06-30,58.0,83.0,0.6833333333333332,10.0,0.626,10.0,0.9563333333333333,10.0,0.5656666666666667,13.333333333333334,0.18900000000000003,13.333333333333334,10.612666666666666,13.333333333333334,48.88033333333333,13.333333333333334,16.329666666666665,13.333333333333334,916.891,13.333333333333334,1474.3433333333335,13.333333333333334,2404.0,166.66666666666666,1592.0,166.66666666666666,2943.5,166.66666666666666,20.799999999999997,73.33333333333333,14.15,73.33333333333333,26.9,73.33333333333333,3.8,73.33333333333333,3.5,73.33333333333333,4.9,73.33333333333333
130355A,Dee River at Kenbula,2011-Q3,2011-07-01,2011-09-30,32.666666666666664,83.0,0.557,10.0,0.5316666666666667,10.0,0.6926666666666667,10.0,0.049999999999999996,13.333333333333334,0.018666666666666668,13.333333333333334,0.6473333333333333,13.333333333333334,4.32,13.333333333333334,1.5986666666666665,13.333333333333334,55.900666666666666,13.333333333333334,132.73000000000002,13.333333333333334,,200.0,,200.0,,200.0,,200.0,,200.0,,200.0,,200.0,,200.0,,200.0
130355A,Dee River at Kenbula,2011-Q4,2011-10-01,2011-12-31,48.0,83.0,0.5476666666666667,10.0,0.5083333333333333,10.0,0.6273333333333334,10.0,0.038,10.0,0.007,10.0,0.19733333333333336,10.0,3.3056666666666668,10.0,0.5616666666666666,10.0,17.035333333333334,10.0,101.83666666666666,10.0,7102.5,86.66666666666667,5474.5,86.66666666666667,8656.0,86.66666666666667,27.85,73.33333333333333,21.799999999999997,73.33333333333333,35.6,73.33333333333333,4.15,80.0,3.8499999999999996,80.0,4.4,80.0
130355A,Dee River at Kenbula,2012-Q1,2012-01-01,2012-03-31,140.33333333333334,83.0,0.6886666666666666,10.0,0.5436666666666666,10.0,1.7276666666666667,10.0,1.3719999999999999,23.333333333333332,0.03266666666666667,23.333333333333332,98.46333333333335,23.333333333333332,118.53866666666666,23.333333333333332,2.808,23.333333333333332,8507.217666666666,23.333333333333332,3617.2666666666664,23.333333333333332,3526.3333333333335,30.0,757.0,30.0,5654.666666666667,30.0,28.333333333333332,10.0,23.933333333333334,10.0,35.699999999999996,10.0,5.533333333333334,20.0,4.0,20.0,8.200000000000001,20.0
130355A,Dee River at Kenbula,2012-Q2,2012-04-01,2012-06-30,39.666666666666664,83.0,0.5683333333333334,10.0,0.539,10.0,0.6423333333333333,10.0,0.062,10.0,0.027333333333333334,10.0,0.218,10.0,5.354666666666667,10.0,2.3186666666666667,10.0,18.820666666666668,10.0,162.15666666666667,10.0,5149.666666666667,30.0,3354.6666666666665,30.0,6887.333333333333,30.0,20.933333333333334,10.0,14.133333333333333,10.0,27.633333333333336,10.0,5.1000000000000005,20.0,4.6000000000000005,20.0,5.866666666666667,20.0
130355A,Dee River at Kenbula,2012-Q3,2012-07-01,2012-09-30,53.333333333333336,83.0,0.6026666666666667,10.0,0.5529999999999999,10.0,0.8803333333333333,10.0,0.40900000000000003,13.333333333333334,0.03933333333333333,13.333333333333334,10.275666666666668,13.333333333333334,35.32366666666667,13.333333333333334,3.369666666666667,13.333333333333334,887.7743333333333,13.333333333333334,1094.1499999999999,13.333333333333334,4772.333333333333,23.333333333333332,2346.3333333333335,23.333333333333332,6755.666666666667,23.333333333333332,18.900000000000002,10.0,11.633333333333333,10.0,26.0,10.0,5.233333333333333,16.666666666666668,4.7,16.666666666666668,6.166666666666667,16.666666666666668
130355A,Dee River at Kenbula,2012-Q4,2012-10-01,2012-12-31,20.666666666666668,83.0,0.5443333333333333,10.0,0.5043333333333333,10.0,0.6053333333333333,10.0,0.030333333333333334,10.0,0.005666666666666667,10.0,0.11833333333333333,10.0,2.655,10.0,0.4753333333333334,10.0,10.209666666666667,10.0,81.31666666666666,10.0,9375.0,10.0,8292.666666666666,10.0,10313.333333333334,10.0,26.46666666666667,10.0,19.766666666666666,10.0,33.86666666666667,10.0,4.066666666666666,10.0,3.8666666666666667,10.0,4.233333333333333,10.0
130355A,Dee River at Kenbula,2013-Q1,2013-01-01,2013-03-31,,255.0,0.7520000000000001,10.0,0.5756666666666667,10.0,2.6270000000000002,10.0,7.643,26.666666666666668,0.09633333333333334,26.666666666666668,360.77566666666667,26.666666666666668,660.3406666666666,26.666666666666668,8.309,26.666666666666668,31171.002999999997,26.666666666666668,20408.763333333332,26.666666666666668,3908.5,60.0,454.5,60.0,6811.5,60.0,26.450000000000003,60.0,22.5,60.0,32.3,60.0,3.6999999999999997,10.0,3.1333333333333333,10.0,5.966666666666666,10.0
130355A,Dee River at Kenbula,2013-Q2,2013-04-01,2013-06-30,45.0,83.0,0.6273333333333334,10.0,0.5856666666666667,10.0,0.7733333333333334,10.0,0.19866666666666666,13.333333333333334,0.08133333333333333,13.333333333333334,1.0746666666666667,13.333333333333334,17.156333333333333,13.333333333333334,6.998333333333332,13.333333333333334,92.82233333333333,13.333333333333334,523.0466666666666,13.333333333333334,3957.3333333333335,10.0,1913.3333333333333,10.0,8283.0,10.0,20.566666666666666,10.0,15.433333333333332,10.0,26.766666666666666,10.0,4.3,10.0,3.6999999999999997,10.0,5.033333333333334,10.0
130355A,Dee River at Kenbula,2013-Q3,2013-07-01,2013-09-30,1.6666666666666667,83.0,0.5513333333333333,10.0,0.528,10.0,0.577,10.0,0.037,10.0,0.017333333333333336,10.0,0.06633333333333334,10.0,3.231666666666667,10.0,1.4686666666666668,10.0,5.717,10.0,99.07333333333334,10.0,7291.333333333333,10.0,5198.0,10.0,8516.0,10.0,20.3,10.0,13.4,10.0,27.166666666666668,10.0,4.3999999999999995,10.0,3.966666666666667,10.0,4.7,10.0
130355A,Dee River at Kenbula,2013-Q4,2013-10-01,2013-12-31,40.666666666666664,83.0,0.5516666666666667,10.0,0.5083333333333333,10.0,0.6806666666666666,10.0,0.042666666666666665,13.333333333333334,0.006666666666666667,13.333333333333334,0.6516666666666666,13.333333333333334,3.6923333333333335,13.333333333333334,0.547,13.333333333333334,56.275000000000006,13.333333333333334,112.87,13.333333333333334,9239.666666666666,10.0,6469.0,10.0,11330.333333333334,10.0,27.166666666666668,10.0,20.766666666666666,10.0,33.9,10.0,3.8333333333333335,10.0,3.3666666666666667,10.0,4.1000000000000005,10.0
130355A,Dee River at Kenbula,2014-Q1,2014-01-01,2014-03-31,110.0,83.0,0.5926666666666667,10.0,0.514,10.0,1.2536666666666667,10.0,0.5646666666666667,16.666666666666668,0.011666666666666665,16.666666666666668,28.688999999999997,16.666666666666668,48.778,16.666666666666668,0.9793333333333333,16.666666666666668,2478.7296666666666,16.666666666666668,1480.29,16.666666666666668,7114.0,10.0,2586.3333333333335,10.0,9849.0,10.0,27.900000000000002,10.0,22.366666666666664,10.0,35.36666666666667,10.0,4.733333333333333,16.666666666666668,3.6999999999999997,16.666666666666668,6.566666666666666,16.666666666666668
130355A,Dee River at Kenbula,2014-Q2,2014-04-01,2014-06-30,21.0,83.0,0.5676666666666667,10.0,0.533,10.0,0.6646666666666666,10.0,0.07633333333333334,10.0,0.021333333333333333,10.0,0.4076666666666666,10.0,6.596,10.0,1.8,10.0,35.22233333333333,10.0,199.46333333333334,10.0,5795.333333333333,10.0,3929.6666666666665,10.0,7641.666666666667,10.0,21.766666666666666,10.0,16.0,10.0,28.099999999999998,10.0,4.5,20.0,3.8666666666666667,20.0,5.166666666666667,20.0
130355A,Dee River at Kenbula,2014-Q3,2014-07-01,2014-09-30,37.666666666666664,83.0,0.516,10.0,0.5023333333333334,10.0,0.604,10.0,0.014,10.0,0.005,10.0,0.23433333333333337,10.0,1.2066666666666668,10.0,0.389,10.0,20.217666666666666,10.0,36.68,10.0,5785.666666666667,10.0,4905.0,10.0,6380.666666666667,10.0,18.433333333333334,10.0,11.566666666666668,10.0,25.099999999999998,10.0,3.9666666666666663,13.333333333333334,3.6333333333333333,13.333333333333334,4.466666666666667,13.333333333333334
130355A,Dee River at Kenbula,2014-Q4,2014-10-01,2014-12-31,63.333333333333336,83.0,0.5306666666666667,10.0,0.49099999999999994,10.0,0.6556666666666667,10.0,0.03966666666666666,10.0,0.0036666666666666666,10.0,0.464,10.0,3.4346666666666668,10.0,0.3023333333333333,10.0,40.07533333333333,10.0,106.17,10.0,5527.666666666667,10.0,3732.3333333333335,10.0,7289.0,10.0,28.233333333333334,10.0,21.599999999999998,10.0,35.266666666666666,10.0,3.8333333333333335,10.0,3.3333333333333335,10.0,4.333333333333333,10.0
130355A,Dee River at Kenbula,2015-Q1,2015-01-01,2015-03-31,151.0,83.0,0.6396666666666667,10.0,0.5333333333333333,10.0,2.037333333333333,10.0,2.087666666666667,23.333333333333332,0.023000000000000003,23.333333333333332,286.55899999999997,23.333333333333332,180.362,23.333333333333332,1.9726666666666663,23.333333333333332,24758.668999999994,23.333333333333332,5079.17,23.333333333333332,5774.0,73.33333333333333,895.0,73.33333333333333,8782.0,73.33333333333333,29.450000000000003,73.33333333333333,25.15,73.33333333333333,34.65,73.33333333333333,4.8,173.33333333333334,4.1,173.33333333333334,6.7,173.33333333333334
130355A,Dee River at Kenbula,2015-Q2,2015-04-01,2015-06-30,33.666666666666664,83.0,0.5576666666666666,10.0,0.5263333333333334,10.0,0.6366666666666666,10.0,0.046000000000000006,10.0,0.015,10.0,0.227,10.0,3.9983333333333335,10.0,1.2816666666666665,10.0,19.569333333333333,10.0,121.74666666666667,10.0,8253.666666666666,10.0,5415.0,10.0,9433.333333333334,10.0,20.933333333333334,10.0,14.5,10.0,27.233333333333334,10.0,,255.0,,255.0,,255.0
130355A,Dee River at Kenbula,2015-Q3,2015-07-01,2015-09-30,13.666666666666666,83.0,0.5533333333333333,16.666666666666668,0.511,16.666666666666668,0.582,16.666666666666668,0.04066666666666666,16.666666666666668,0.008333333333333333,16.666666666666668,0.07633333333333334,16.666666666666668,3.5396666666666667,16.666666666666668,0.7053333333333334,16.666666666666668,6.552,16.666666666666668,108.83333333333333,16.666666666666668,10347.333333333334,10.0,7877.0,10.0,11101.666666666666,10.0,19.433333333333334,10.0,13.5,10.0,26.7,10.0,,255.0,,255.0,,255.0
130355A,Dee River at Kenbula,2015-Q4,2015-10-01,2015-12-31,47.666666666666664,83.0,0.5416666666666666,10.0,0.4956666666666667,10.0,0.6243333333333333,10.0,0.03266666666666667,10.0,0.0030000000000000005,10.0,0.26666666666666666,10.0,2.826,10.0,0.24466666666666667,10.0,23.011,10.0,86.24333333333334,10.0,9988.0,10.0,7889.666666666667,10.0,11296.333333333334,10.0,27.46666666666667,10.0,22.333333333333332,10.0,34.300000000000004,10.0,,255.0,,255.0,,255.0
130355A,Dee River at Kenbula,2016-Q1,2016-01-01,2016-03-31,71.33333333333333,83.0,0.535,10.0,0.49766666666666665,10.0,0.6423333333333333,10.0,0.02866666666666667,10.0,0.005333333333333333,10.0,0.25866666666666666,10.0,2.4650000000000003,10.0,0.4463333333333333,10.0,22.320000000000004,10.0,73.60333333333334,10.0,9654.0,10.0,7514.666666666667,10.0,11664.666666666666,10.0,29.7,10.0,25.0,10.0,36.06666666666666,10.0,3.45,91.66666666666667,3.25,91.66666666666667,3.6,91.66666666666667
130355A,Dee River at Kenbula,2016-Q2,2016-04-01,2016-06-30,26.333333333333332,83.0,0.504,10.0,0.4796666666666667,10.0,0.5496666666666666,10.0,0.007666666666666666,10.0,0.0006666666666666666,10.0,0.04833333333333333,10.0,0.658,10.0,0.043333333333333335,10.0,4.147333333333333,10.0,19.766666666666666,10.0,9657.0,10.0,8712.666666666666,10.0,10383.666666666666,10.0,22.566666666666666,10.0,16.166666666666668,10.0,28.633333333333336,10.0,3.3333333333333335,10.0,3.233333333333333,10.0,3.3666666666666667,10.0
130355A,Dee River at Kenbula,2016-Q3,2016-07-01,2016-09-30,54.0,83.0,0.5546666666666668,10.0,0.5083333333333333,10.0,0.6896666666666667,10.0,0.09799999999999999,13.333333333333334,0.006999999999999999,13.333333333333334,0.9426666666666668,13.333333333333334,8.462333333333333,13.333333333333334,0.5906666666666667,13.333333333333334,81.43166666666666,13.333333333333334,262.09,13.333333333333334,7317.666666666667,10.0,4460.666666666667,10.0,9445.333333333334,10.0,20.0,10.0,14.766666666666666,10.0,25.3,10.0,4.066666666666666,10.0,3.6333333333333333,10.0,5.033333333333333,10.0
130355A,Dee River at Kenbula,2016-Q4,2016-10-01,2016-12-31,31.333333333333332,83.0,0.47100000000000003,10.0,0.4206666666666667,10.0,0.5833333333333334,10.0,0.0033333333333333335,10.0,0.0,10.0,0.09700000000000002,10.0,0.3046666666666667,10.0,0.0,10.0,8.337666666666667,10.0,9.333333333333334,10.0,7755.0,10.0,6801.666666666667,10.0,8661.333333333334,10.0,27.46666666666667,10.0,21.233333333333334,10.0,34.699999999999996,10.0,3.466666666666667,10.0,3.3333333333333335,10.0,3.5666666666666664,10.0
130355A,Dee River at Kenbula,2017-Q1,2017-01-01,2017-03-31,139.0,83.0,0.4836666666666667,10.0,0.3303333333333333,10.0,1.2156666666666667,10.0,1.1973333333333334,16.666666666666668,0.0,16.666666666666668,78.57166666666667,16.666666666666668,103.46833333333335,16.666666666666668,0.0,16.666666666666668,6788.577666666667,16.666666666666668,3207.523333333334,16.666666666666668,6014.333333333333,10.0,3835.6666666666665,10.0,7537.0,10.0,29.46666666666667,10.0,23.899999999999995,10.0,36.733333333333334,10.0,3.25,60.0,3.1500000000000004,60.0,3.5,60.0
130355A,Dee River at Kenbula,2017-Q2,2017-04-01,2017-06-30,25.333333333333332,83.0,0.556,10.0,0.5216666666666666,10.0,0.7319999999999999,10.0,0.09499999999999999,13.333333333333334,0.012666666666666666,13.333333333333334,1.2333333333333334,13.333333333333334,8.209,13.333333333333334,1.0656666666666668,13.333333333333334,106.56,13.333333333333334,247.34,13.333333333333334,2773.6666666666665,10.0,2128.6666666666665,10.0,3355.6666666666665,10.0,21.166666666666668,10.0,16.133333333333336,10.0,25.099999999999998,10.0,,160.0,,160.0,,160.0
130355A,Dee River at Kenbula,2017-Q3,2017-07-01,2017-09-30,4.0,83.0,0.5236666666666667,10.0,0.5066666666666667,10.0,0.5386666666666667,10.0,0.015666666666666666,10.0,0.005666666666666667,10.0,0.025333333333333333,10.0,1.3343333333333334,10.0,0.48966666666666664,10.0,2.159666666666667,10.0,40.52,10.0,5220.666666666667,10.0,4174.333333333333,10.0,6145.666666666667,10.0,20.099999999999998,10.0,13.566666666666668,10.0,26.433333333333334,10.0,,160.0,,160.0,,160.0
130355A,Dee River at Kenbula,2017-Q4,2017-10-01,2017-12-31,96.0,83.0,0.561,10.0,0.5166666666666667,10.0,0.6749999999999999,10.0,0.06166666666666667,10.0,0.011000000000000001,10.0,0.4036666666666667,10.0,5.323333333333333,10.0,0.9216666666666667,10.0,34.848,10.0,163.73999999999998,10.0,5106.666666666667,10.0,3150.3333333333335,10.0,6721.0,10.0,27.2,10.0,23.0,10.0,33.06666666666667,10.0,,160.0,,160.0,,160.0
130355A,Dee River at Kenbula,2018-Q1,2018-01-01,2018-03-31,56.333333333333336,83.0,0.521,10.0,0.48966666666666664,10.0,0.6326666666666667,10.0,0.018666666666666668,10.0,0.002,10.0,0.2273333333333333,10.0,1.6130000000000002,10.0,0.144,10.0,19.612666666666666,10.0,47.63666666666666,10.0,6100.666666666667,10.0,4846.666666666667,10.0,6986.0,10.0,28.96666666666667,10.0,23.53333333333333,10.0,35.766666666666666,10.0,,160.0,,160.0,,160.0
130355A,Dee River at Kenbula,2018-Q2,2018-04-01,2018-06-30,9.333333333333334,83.0,0.48866666666666664,10.0,0.48,10.0,0.5096666666666666,10.0,0.0016666666666666668,10.0,0.0,10.0,0.008,10.0,0.12,10.0,0.0,10.0,0.6623333333333333,10.0,3.6533333333333338,10.0,6615.0,10.0,6351.333333333333,10.0,6906.333333333333,10.0,20.433333333333334,10.0,14.566666666666668,10.0,25.933333333333334,10.0,,160.0,,160.0,,160.0
130355A,Dee River at Kenbula,2018-Q3,2018-07-01,2018-09-30,16.666666666666668,83.0,0.48933333333333334,10.0,0.45199999999999996,10.0,0.5433333333333333,10.0,0.004666666666666666,10.0,0.0006666666666666666,10.0,0.06366666666666666,10.0,0.399,10.0,0.043333333333333335,10.0,5.472333333333332,10.0,12.36,10.0,6004.333333333333,10.0,5488.0,10.0,6583.666666666667,10.0,19.76666666666667,20.0,13.066666666666668,20.0,26.233333333333334,20.0,,223.33333333333334,,223.33333333333334,,223.33333333333334
130355A,Dee River at Kenbula,2018-Q4,2018-10-01,2018-12-31,48.333333333333336,83.0,0.40700000000000003,10.0,0.27266666666666667,10.0,0.525,10.0,0.001,10.0,0.0,10.0,0.015666666666666666,10.0,0.10799999999999998,10.0,0.0,10.0,1.3393333333333333,10.0,3.3366666666666664,10.0,7716.0,90.0,7103.5,90.0,8373.5,90.0,28.1,96.66666666666667,20.799999999999997,96.66666666666667,35.55,96.66666666666667,,255.0,,255.0,,255.0
130355A,Dee River at Kenbula,2019-Q1,2019-01-01,2019-03-31,63.333333333333336,83.0,0.35800000000000004,11.666666666666666,0.22933333333333336,11.666666666666666,0.5293333333333333,11.666666666666666,0.004666666666666667,11.666666666666666,0.0,11.666666666666666,0.07966666666666666,11.666666666666666,0.40066666666666667,11.666666666666666,0.0,11.666666666666666,6.868666666666667,11.666666666666666,12.413333333333332,11.666666666666666,10371.5,90.0,7836.5,90.0,12526.0,90.0,28.7,90.0,21.65,90.0,36.099999999999994,90.0,,255.0,,255.0,,255.0
130355A,Dee River at Kenbula,2019-Q2,2019-04-01,2019-06-30,10.333333333333334,83.0,0.488,10.0,0.4703333333333333,10.0,0.53,10.0,0.0026666666666666666,10.0,0.0,10.0,0.017,10.0,0.21633333333333335,10.0,0.0,10.0,1.4543333333333333,10.0,6.59,10.0,7332.0,10.0,6198.333333333333,10.0,8866.666666666666,10.0,22.23333333333333,10.0,17.133333333333336,10.0,27.666666666666668,10.0,,255.0,,255.0,,255.0
130355A,Dee River at Kenbula,2019-Q3,2019-07-01,2019-09-30,6.666666666666667,83.0,0.4683333333333333,10.0,0.37233333333333335,10.0,0.5146666666666667,10.0,0.004666666666666667,10.0,0.0,10.0,0.013666666666666667,10.0,0.4166666666666667,10.0,0.0,10.0,1.1663333333333334,10.0,12.796666666666667,10.0,12048.333333333334,10.0,10905.0,10.0,13008.333333333334,10.0,18.866666666666667,10.0,11.733333333333334,10.0,25.733333333333334,10.0,,255.0,,255.0,,255.0
130355A,Dee River at Kenbula,2019-Q4,2019-10-01,2019-12-31,44.666666666666664,83.0,0.4673333333333333,16.666666666666668,0.34600000000000003,16.666666666666668,0.6543333333333333,16.666666666666668,0.018,16.666666666666668,0.0,16.666666666666668,0.47533333333333333,16.666666666666668,1.5686666666666669,16.666666666666668,0.0,16.666666666666668,41.05433333333333,16.666666666666668,48.53333333333334,16.666666666666668,10652.333333333334,10.0,7904.666666666667,10.0,13434.666666666666,10.0,27.599999999999998,10.0,20.233333333333334,10.0,33.699999999999996,10.0,,255.0,,255.0,,255.0
130355A,Dee River at Kenbula,2020-Q1,2020-01-01,2020-03-31,110.33333333333333,83.0,0.5529999999999999,20.0,0.466,20.0,0.832,20.0,0.08066666666666666,20.0,0.004,20.0,2.0276666666666667,20.0,6.987333333333333,20.0,0.3456666666666666,20.0,175.19033333333334,20.0,210.19333333333336,20.0,8128.0,10.0,5287.0,10.0,10724.333333333334,10.0,29.3,10.0,25.46666666666667,10.0,33.166666666666664,10.0,,255.0,,255.0,,255.0
130355A,Dee River at Kenbula,2020-Q2,2020-04-01,2020-06-30,13.333333333333334,83.0,0.494,16.666666666666668,0.4693333333333333,16.666666666666668,0.5326666666666667,16.666666666666668,0.004,16.666666666666668,0.0,16.666666666666668,0.021666666666666667,16.666666666666668,0.3253333333333333,16.666666666666668,0.0,16.666666666666668,1.8576666666666666,16.666666666666668,9.886666666666667,16.666666666666668,4791.0,10.0,4238.666666666667,10.0,5353.333333333333,10.0,20.333333333333332,10.0,15.633333333333333,10.0,24.866666666666664,10.0,,255.0,,255.0,,255.0
130355A,Dee River at Kenbula,2020-Q3,2020-07-01,2020-09-30,16.0,83.0,0.5076666666666667,10.0,0.478,10.0,0.5416666666666666,10.0,0.008333333333333333,10.0,0.0,10.0,0.02733333333333333,10.0,0.7399999999999999,10.0,0.0,10.0,2.3473333333333333,10.0,22.47666666666667,10.0,7047.0,10.0,5781.333333333333,10.0,8332.666666666666,10.0,18.266666666666666,10.0,13.699999999999998,10.0,22.366666666666664,10.0,,255.0,,255.0,,255.0
130355A,Dee River at Kenbula,2020-Q4,2020-10-01,2020-12-31,50.666666666666664,34.333333333333336,0.451,10.0,0.314,10.0,0.582,10.0,0.007333333333333333,10.0,0.0,10.0,0.08733333333333333,10.0,0.6326666666666667,10.0,0.0,10.0,7.531333333333333,10.0,19.51666666666667,10.0,12956.666666666666,10.0,11388.666666666666,10.0,14210.666666666666,10.0,26.2,10.0,22.399999999999995,10.0,29.46666666666667,10.0,2.75,91.66666666666667,2.55,91.66666666666667,3.0,91.66666666666667
130355A,Dee River at Kenbula,2021-Q1,2021-01-01,2021-03-31,39.666666666666664,10.0,0.4543333333333333,16.666666666666668,0.39199999999999996,16.666666666666668,0.5156666666666667,16.666666666666668,0.0023333333333333335,16.666666666666668,0.0,16.666666666666668,0.011000000000000001,16.666666666666668,0.19199999999999998,16.666666666666668,0.0,16.666666666666668,0.9359999999999999,16.666666666666668,5.933333333333334,16.666666666666668,13261.666666666666,10.0,11887.666666666666,10.0,14119.666666666666,10.0,27.733333333333334,10.0,24.433333333333334,10.0,29.8,10.0,3.0,10.0,2.766666666666667,10.0,3.5666666666666664,10.0
130355A,Dee River at Kenbula,2021-Q2,2021-04-01,2021-06-30,22.333333333333332,10.0,0.294,20.0,0.22799999999999998,20.0,0.35966666666666663,20.0,0.0,20.0,0.0,20.0,0.0,20.0,0.0,20.0,0.0,20.0,0.0,20.0,0.0,20.0,14719.666666666666,10.0,12890.333333333334,10.0,15945.333333333334,10.0,18.966666666666665,16.666666666666668,13.866666666666665,16.666666666666668,22.833333333333332,16.666666666666668,3.1500000000000004,60.0,2.75,60.0,4.050000000000001,60.0
130355A,Dee River at Kenbula,2021-Q3,2021-07-01,2021-09-30,20.666666666666668,10.0,0.38066666666666665,20.0,0.25266666666666665,20.0,0.4383333333333333,20.0,0.0003333333333333333,20.0,0.0,20.0,0.0013333333333333333,20.0,0.017666666666666667,20.0,0.0,20.0,0.10066666666666667,20.0,0.5466666666666666,20.0,13860.666666666666,150.0,12171.333333333334,150.0,16002.333333333334,150.0,19.166666666666668,16.666666666666668,12.9,16.666666666666668,23.866666666666664,16.666666666666668,3.25,183.33333333333334,3.1500000000000004,183.33333333333334,3.3499999999999996,183.33333333333334
130355A,Dee River at Kenbula,2021-Q4,2021-10-01,2021-12-31,155.66666666666666,10.0,0.4873333333333334,13.333333333333334,0.393,13.333333333333334,0.96,13.333333333333334,0.107,20.0,0.006333333333333333,20.0,2.9586666666666672,20.0,9.237333333333334,20.0,0.5186666666666667,20.0,255.6003333333333,20.0,283.79,20.0,4042.5,166.66666666666666,1983.0,166.66666666666666,5990.0,166.66666666666666,27.75,73.33333333333333,23.65,73.33333333333333,31.950000000000003,73.33333333333333,3.2,166.66666666666666,2.8,166.66666666666666,3.8499999999999996,166.66666666666666
130355A,Dee River at Kenbula,2022-Q1,2022-01-01,2022-03-31,88.33333333333333,10.0,0.48300000000000004,10.0,0.391,10.0,0.802,10.0,0.044333333333333336,13.333333333333334,0.0,13.333333333333334,4.794666666666667,13.333333333333334,3.858333333333333,13.333333333333334,0.0,13.333333333333334,414.24499999999995,13.333333333333334,119.14666666666666,13.333333333333334,4773.0,156.66666666666666,4223.0,156.66666666666666,5383.0,156.66666666666666,27.53333333333333,10.0,24.53333333333333,10.0,30.633333333333336,10.0,3.0666666666666664,70.0,2.8000000000000003,70.0,3.1999999999999997,70.0
130355A,Dee River at Kenbula,2022-Q2,2022-04-01,2022-06-30,63.666666666666664,10.0,0.5143333333333334,10.0,0.482,10.0,0.6243333333333333,10.0,0.034666666666666665,10.0,0.002,10.0,0.4316666666666666,10.0,2.9706666666666663,10.0,0.15833333333333333,10.0,37.26733333333333,10.0,91.82333333333332,10.0,5760.0,10.0,3952.0,10.0,7143.0,10.0,20.733333333333334,10.0,17.866666666666664,10.0,23.233333333333334,10.0,2.8000000000000003,10.0,2.533333333333333,10.0,3.0666666666666664,10.0
130355A,Dee River at Kenbula,2022-Q3,2022-07-01,2022-09-30,57.0,10.0,0.543,10.0,0.5066666666666667,10.0,0.6190000000000001,10.0,0.04633333333333334,10.0,0.006333333333333333,10.0,0.2783333333333333,10.0,3.999,10.0,0.5183333333333333,10.0,24.033666666666665,10.0,123.73,10.0,3476.3333333333335,10.0,2247.6666666666665,10.0,5708.0,10.0,16.333333333333332,10.0,11.233333333333334,10.0,20.266666666666666,10.0,3.3666666666666667,20.0,2.9,20.0,3.6666666666666665,20.0
130355A,Dee River at Kenbula,2022-Q4,2022-10-01,2022-12-31,116.33333333333333,10.0,0.5393333333333333,13.333333333333334,0.494,13.333333333333334,0.8876666666666667,13.333333333333334,0.104,16.666666666666668,0.0033333333333333335,16.666666666666668,3.779666666666667,16.666666666666668,8.971,16.666666666666668,0.27366666666666667,16.666666666666668,326.56333333333333,16.666666666666668,273.46999999999997,16.666666666666668,4023.3333333333335,56.666666666666664,2216.6666666666665,56.666666666666664,5004.0,56.666666666666664,23.400000000000002,10.0,19.233333333333334,10.0,28.733333333333334,10.0,3.1999999999999997,23.333333333333332,2.8333333333333335,23.333333333333332,3.6333333333333333,23.333333333333332
130355A,Dee River at Kenbula,2023-Q1,2023-01-01,2023-03-31,68.33333333333333,10.0,0.5363333333333333,20.0,0.49733333333333335,20.0,0.6463333333333333,20.0,0.03733333333333333,20.0,0.0033333333333333335,20.0,0.3526666666666667,20.0,3.2399999999999998,20.0,0.27366666666666667,20.0,30.470333333333333,20.0,99.49333333333334,20.0,4285.333333333333,10.0,3347.6666666666665,10.0,4871.666666666667,10.0,25.5,10.0,23.03333333333333,10.0,28.633333333333336,10.0,3.1,73.33333333333333,2.6500000000000004,73.33333333333333,4.0,73.33333333333333
130355A,Dee River at Kenbula,2023-Q2,2023-04-01,2023-06-30,29.0,10.0,0.5273333333333333,20.0,0.5113333333333333,20.0,0.5826666666666668,20.0,0.021333333333333333,20.0,0.008666666666666668,20.0,0.12366666666666666,20.0,1.8186666666666664,20.0,0.7200000000000001,20.0,10.670333333333334,20.0,54.97666666666667,20.0,5824.666666666667,20.0,4871.333333333333,20.0,6511.0,20.0,18.599999999999998,10.0,15.666666666666666,10.0,21.53333333333333,10.0,3.1333333333333333,20.0,2.966666666666667,20.0,3.4333333333333336,20.0
130355A,Dee River at Kenbula,2023-Q3,2023-07-01,2023-09-30,36.0,10.0,0.5083333333333333,20.0,0.4693333333333333,20.0,0.6126666666666667,20.0,0.013333333333333334,20.0,0.0013333333333333333,20.0,0.15933333333333333,20.0,1.159,20.0,0.10099999999999999,20.0,13.752,20.0,35.84666666666667,20.0,4928.0,120.0,3456.0,120.0,6299.0,120.0,16.599999999999998,20.0,14.6,20.0,19.933333333333334,20.0,3.5,23.333333333333332,3.0333333333333337,23.333333333333332,3.8333333333333335,23.333333333333332
130355A,Dee River at Kenbula,2023-Q4,2023-10-01,2023-12-31,114.66666666666667,10.0,0.35566666666666674,20.0,0.252,20.0,0.6306666666666666,20.0,0.049999999999999996,20.0,0.0,20.0,1.953,20.0,4.328333333333333,20.0,0.0,20.0,168.73933333333335,20.0,134.17666666666665,20.0,7392.5,110.0,3980.0,110.0,9499.5,110.0,21.65,110.0,17.55,110.0,25.85,110.0,3.3666666666666667,30.0,2.9,30.0,3.8000000000000003,30.0
130355A,Dee River at Kenbula,2024-Q1,2024-01-01,2024-03-31,48.333333333333336,10.0,0.552,16.666666666666668,0.486,16.666666666666668,0.7993333333333333,16.666666666666668,0.13966666666666666,16.666666666666668,0.0013333333333333333,16.666666666666668,2.699666666666667,16.666666666666668,12.056333333333333,16.666666666666668,0.10099999999999999,16.666666666666668,233.23666666666665,16.666666666666668,370.3533333333333,16.666666666666668,1883.3333333333333,103.33333333333333,1119.3333333333333,103.33333333333333,2690.6666666666665,103.33333333333333,28.900000000000002,10.0,24.366666666666664,10.0,35.13333333333333,10.0,4.033333333333334,106.66666666666667,3.5666666666666664,106.66666666666667,4.933333333333334,106.66666666666667
130355A,Dee River at Kenbula,2024-Q2,2024-04-01,2024-06-30,50.666666666666664,10.0,0.5243333333333333,10.0,0.49833333333333335,10.0,0.5873333333333334,10.0,0.019666666666666666,10.0,0.004,10.0,0.09499999999999999,10.0,1.7086666666666666,10.0,0.30233333333333334,10.0,8.179333333333334,10.0,51.57666666666666,10.0,3237.0,60.0,2613.0,60.0,3877.0,60.0,17.6,60.0,10.9,60.0,24.549999999999997,60.0,4.0,156.66666666666666,3.7,156.66666666666666,4.3,156.66666666666666
130355A,Dee River at Kenbula,2024-Q3,2024-07-01,2024-09-30,56.333333333333336,10.0,0.5563333333333333,10.0,0.5,10.0,0.9480000000000001,10.0,0.5003333333333333,13.333333333333334,0.004,13.333333333333334,22.435666666666666,13.333333333333334,43.23833333333334,13.333333333333334,0.31666666666666665,13.333333333333334,1938.4273333333333,13.333333333333334,1339.9166666666667,13.333333333333334,2771.0,10.0,1641.6666666666667,10.0,3911.3333333333335,10.0,19.033333333333335,10.0,11.433333333333332,10.0,26.900000000000002,10.0,4.066666666666666,20.0,3.3666666666666667,20.0,4.8999999999999995,20.0
130355A,Dee River at Kenbula,2024-Q4,2024-10-01,2024-12-31,43.0,10.0,0.48066666666666674,13.333333333333334,0.44766666666666666,13.333333333333334,0.5266666666666667,13.333333333333334,0.0026666666666666666,13.333333333333334,0.0006666666666666666,13.333333333333334,0.018666666666666668,13.333333333333334,0.25033333333333335,13.333333333333334,0.057666666666666665,13.333333333333334,1.5840000000000003,13.333333333333334,7.756666666666667,13.333333333333334,4227.666666666667,10.0,3593.0,10.0,4733.666666666667,10.0,27.666666666666668,10.0,21.866666666666664,10.0,35.9,10.0,3.5,20.0,3.266666666666667,20.0,4.1000000000000005,20.0
130355A,Dee River at Kenbula,2025-Q1,2025-01-01,2025-03-31,174.0,10.0,0.5626666666666666,20.0,0.4896666666666667,20.0,1.0033333333333334,20.0,0.12366666666666666,20.0,0.0036666666666666666,20.0,5.37,20.0,10.689,20.0,0.30233333333333334,20.0,463.9393333333333,20.0,321.81666666666666,20.0,2750.3333333333335,10.0,1276.3333333333333,10.0,4395.0,10.0,27.733333333333334,10.0,22.0,10.0,36.4,10.0,3.1999999999999997,20.0,2.966666666666667,20.0,3.5666666666666664,20.0
130355A,Dee River at Kenbula,2025-Q2,2025-04-01,2025-06-30,42.666666666666664,10.0,0.5826666666666668,16.666666666666668,0.5303333333333334,16.666666666666668,0.819,16.666666666666668,0.324,16.666666666666668,0.018666666666666668,16.666666666666668,6.498,16.666666666666668,27.998666666666665,16.666666666666668,1.5983333333333334,16.666666666666668,561.4126666666667,16.666666666666668,840.6966666666667,16.666666666666668,3333.6666666666665,16.666666666666668,2274.6666666666665,16.666666666666668,4758.0,16.666666666666668,19.5,10.0,11.766666666666666,10.0,25.933333333333334,10.0,3.25,73.33333333333333,3.0,73.33333333333333,3.75,73.33333333333333
130355A,Dee River at Kenbula,2025-Q3,2025-07-01,2025-09-30,29.0,10.0,0.5423333333333334,10.0,0.509,10.0,0.613,10.0,0.03133333333333333,10.0,0.007333333333333333,10.0,0.139,10.0,2.6903333333333332,10.0,0.5903333333333333,10.0,11.995333333333333,10.0,82.39333333333333,10.0,7285.666666666667,13.333333333333334,5568.666666666667,13.333333333333334,9530.333333333334,13.333333333333334,18.433333333333334,10.0,10.566666666666666,10.0,27.666666666666668,10.0,3.4,60.0,3.25,60.0,3.55,60.0
130355A,Dee River at Kenbula,2025-Q4,2025-10-01,2025-12-31,73.33333333333333,10.0,0.5283333333333333,10.0,0.4643333333333333,10.0,0.7946666666666666,10.0,0.042333333333333334,13.333333333333334,0.0013333333333333333,13.333333333333334,1.3803333333333334,13.333333333333334,3.657666666666666,13.333333333333334,0.10066666666666667,13.333333333333334,119.23166666666667,13.333333333333334,112.41000000000001,13.333333333333334,7688.333333333333,10.0,4788.0,10.0,9872.666666666666,10.0,26.3,10.0,19.666666666666668,10.0,32.03333333333333,10.0,3.266666666666667,10.0,3.1,10.0,3.4333333333333336,10.0
130355A,Dee River at Kenbula,2026-Q1,2026-01-01,2026-03-31,102.66666666666667,10.0,0.6766666666666666,13.333333333333334,0.5243333333333333,13.333333333333334,1.4829999999999999,13.333333333333334,1.7123333333333335,20.0,0.018,20.0,63.35466666666667,20.0,147.97133333333332,20.0,1.5410000000000001,20.0,5473.843333333333,20.0,4575.53,20.0,4166.0,13.333333333333334,1214.6666666666667,13.333333333333334,7045.666666666667,13.333333333333334,26.53333333333333,10.0,22.0,10.0,31.53333333333333,10.0,3.9,10.0,3.3000000000000003,10.0,5.633333333333333,10.0
130355A,Dee River at Kenbula,2026-Q2,2026-04-01,2026-06-30,7.333333333333333,10.0,0.5793333333333334,20.0,0.5326666666666667,20.0,0.6423333333333333,20.0,0.07766666666666666,20.0,0.02366666666666667,20.0,0.21066666666666667,20.0,6.69,20.0,2.0303333333333335,20.0,18.172666666666668,20.0,203.43666666666664,20.0,7631.333333333333,20.0,6034.333333333333,20.0,9288.333333333334,20.0,19.933333333333334,10.0,15.266666666666666,10.0,23.333333333333332,10.0,3.5666666666666664,10.0,3.266666666666667,10.0,3.9,10.0
130355A,Dee River at Kenbula,2026-Q3,2026-07-01,2026-09-30,0.0,131.66666666666666,0.4855,131.66666666666666,0.454,131.66666666666666,0.5734999999999999,131.66666666666666,0.006,131.66666666666666,0.0,131.66666666666666,0.061,131.66666666666666,0.5365,131.66666666666666,0.0,131.66666666666666,5.2705,131.66666666666666,16.634999999999998,131.66666666666666,9494.5,131.66666666666666,8808.5,131.66666666666666,10126.0,131.66666666666666,17.45,131.66666666666666,12.2,131.66666666666666,22.9,131.66666666666666,3.6,131.66666666666666,3.5,131.66666666666666,3.8,131.66666666666666
