Station_Code,Station_Name,Date,Window_Description,Rainfall (mm)_Total,Rainfall (mm)_Total_Quality,Level (Metres)_Mean,Level (Metres)_Mean_Quality,Level (Metres)_Min,Level (Metres)_Min_Quality,Level (Metres)_Max,Level (Metres)_Max_Quality,Discharge (Cumecs)_Mean,Discharge (Cumecs)_Mean_Quality,Discharge (Cumecs)_Min,Discharge (Cumecs)_Min_Quality,Discharge (Cumecs)_Max,Discharge (Cumecs)_Max_Quality,Discharge (ML/day)_Mean,Discharge (ML/day)_Mean_Quality,Discharge (ML/day)_Min,Discharge (ML/day)_Min_Quality,Discharge (ML/day)_Max,Discharge (ML/day)_Max_Quality,Volume ML_Total,Volume ML_Total_Quality,E Conduct. (us/cm)_Mean,E Conduct. (us/cm)_Mean_Quality,E Conduct. (us/cm)_Min,E Conduct. (us/cm)_Min_Quality,E Conduct. (us/cm)_Max,E Conduct. (us/cm)_Max_Quality,Water Temp (Deg. C)_Mean,Water Temp (Deg. C)_Mean_Quality,Water Temp (Deg. C)_Min,Water Temp (Deg. C)_Min_Quality,Water Temp (Deg. C)_Max,Water Temp (Deg. C)_Max_Quality,pH (pH units)_Mean,pH (pH units)_Mean_Quality,pH (pH units)_Min,pH (pH units)_Min_Quality,pH (pH units)_Max,pH (pH units)_Max_Quality
130335A,Dee River at Wura,1992-01-01,1991-11-01 to 1992-01-01,,255.0,0.184,9.0,0.129,9.0,0.606,9.0,0.32,9.0,0.057,9.0,5.889,9.0,27.661,9.0,4.882,9.0,508.766,9.0,857.49,9.0,,255.0,,255.0,,255.0,,255.0,,255.0,,255.0,,255.0,,255.0,,255.0
130335A,Dee River at Wura,1992-02-01,1991-12-01 to 1992-02-01,,255.0,0.254,9.0,0.1395,9.0,1.003,9.0,1.4175,9.0,0.08,9.0,19.245,9.0,122.479,9.0,6.890499999999999,9.0,1662.7245,9.0,3579.5499999999997,9.0,,255.0,,255.0,,255.0,,255.0,,255.0,,255.0,,255.0,,255.0,,255.0
130335A,Dee River at Wura,1992-03-01,1992-01-01 to 1992-03-01,,255.0,0.2966666666666667,9.0,0.13633333333333333,9.0,1.8920000000000001,9.0,2.8623333333333334,9.0,0.073,9.0,94.432,9.0,247.31566666666666,9.0,6.292999999999999,9.0,8158.881333333334,9.0,7521.916666666667,9.0,,255.0,,255.0,,255.0,,255.0,,255.0,,255.0,,255.0,,255.0,,255.0
130335A,Dee River at Wura,1992-04-01,1992-02-01 to 1992-04-01,,255.0,0.28733333333333333,9.0,0.13466666666666668,9.0,1.7623333333333333,9.0,2.763666666666666,9.0,0.05499999999999999,9.0,92.507,9.0,238.797,9.0,4.737666666666667,9.0,7992.561333333334,9.0,7257.133333333332,9.0,,255.0,,255.0,,255.0,,255.0,,255.0,,255.0,,255.0,,255.0,,255.0
130335A,Dee River at Wura,1992-05-01,1992-03-01 to 1992-05-01,,255.0,0.25433333333333336,9.0,0.129,9.0,1.484,9.0,2.0566666666666666,9.0,0.022333333333333327,9.0,82.959,9.0,177.70466666666667,9.0,1.9009999999999998,9.0,7167.6286666666665,9.0,5508.133333333334,9.0,,255.0,,255.0,,255.0,,255.0,,255.0,,255.0,,255.0,,255.0,,255.0
130335A,Dee River at Wura,1992-06-01,1992-04-01 to 1992-06-01,,255.0,0.18200000000000002,9.0,0.13399999999999998,9.0,0.3303333333333333,9.0,0.14833333333333334,9.0,0.005666666666666663,9.0,1.3876666666666664,9.0,12.811999999999982,9.0,0.461,9.0,119.86566666666666,9.0,395.6933333333327,9.0,,255.0,,255.0,,255.0,,255.0,,255.0,,255.0,,255.0,,255.0,,255.0
130335A,Dee River at Wura,1992-07-01,1992-05-01 to 1992-07-01,,255.0,0.18333333333333335,9.0,0.14100000000000001,9.0,0.31466666666666665,9.0,0.14666666666666667,9.0,0.007666666666666662,9.0,1.359,9.0,12.667333333333316,9.0,0.6483333333333333,9.0,117.40333333333332,9.0,391.9133333333327,9.0,,255.0,,255.0,,255.0,,255.0,,255.0,,255.0,,255.0,,255.0,,255.0
130335A,Dee River at Wura,1992-08-01,1992-06-01 to 1992-08-01,,255.0,0.165,9.0,0.14866666666666667,9.0,0.18633333333333332,9.0,0.024666666666666667,9.0,0.011666666666666664,9.0,0.053,9.0,2.1336666666666475,9.0,0.9940000000000001,9.0,4.565,9.0,65.36666666666606,9.0,,255.0,,255.0,,255.0,,255.0,,255.0,,255.0,,255.0,,255.0,,255.0
130335A,Dee River at Wura,1992-09-01,1992-07-01 to 1992-09-01,,255.0,0.16833333333333333,9.0,0.15566666666666665,9.0,0.17900000000000002,9.0,0.027,9.0,0.016999999999999998,9.0,0.03866666666666667,9.0,2.3303333333333143,9.0,1.4403333333333332,9.0,3.326333333333333,9.0,71.26666666666607,9.0,,255.0,,255.0,,255.0,,255.0,,255.0,,255.0,,255.0,,255.0,,255.0
130335A,Dee River at Wura,1992-10-01,1992-08-01 to 1992-10-01,,255.0,0.17300000000000001,9.0,0.162,9.0,0.18166666666666664,9.0,0.03133333333333333,9.0,0.021666666666666664,9.0,0.041666666666666664,9.0,2.7073333333333145,9.0,1.8433333333333335,9.0,3.571333333333333,9.0,82.95333333333272,9.0,,255.0,,255.0,,255.0,,255.0,,255.0,,255.0,,255.0,,255.0,,255.0
130335A,Dee River at Wura,1992-11-01,1992-09-01 to 1992-11-01,,255.0,0.17633333333333331,9.0,0.16666666666666666,9.0,0.19699999999999998,9.0,0.03333333333333333,9.0,0.02033333333333333,9.0,0.07066666666666667,9.0,2.8693333333333144,9.0,1.728,9.0,6.076666666666665,9.0,87.00999999999938,9.0,,255.0,,255.0,,255.0,,255.0,,255.0,,255.0,,255.0,,255.0,,255.0
130335A,Dee River at Wura,1992-12-01,1992-10-01 to 1992-12-01,,255.0,0.17500000000000002,9.0,0.16566666666666666,9.0,0.19799999999999998,9.0,0.026333333333333334,9.0,0.015333333333333329,9.0,0.062333333333333324,9.0,2.268999999999981,9.0,1.296,9.0,5.371333333333332,9.0,69.3699999999994,9.0,,255.0,,255.0,,255.0,,255.0,,255.0,,255.0,,255.0,,255.0,,255.0
130335A,Dee River at Wura,1993-01-01,1992-11-01 to 1993-01-01,,255.0,0.17833333333333332,9.0,0.16966666666666666,9.0,0.206,9.0,0.022333333333333334,9.0,0.012666666666666661,9.0,0.062,9.0,1.899999999999981,9.0,1.0656666666666668,9.0,5.356666666666666,9.0,57.93333333333273,9.0,,255.0,,255.0,,255.0,,255.0,,255.0,,255.0,,255.0,,255.0,,255.0
130335A,Dee River at Wura,1993-02-01,1992-12-01 to 1993-02-01,,255.0,0.17433333333333334,9.0,0.16333333333333333,9.0,0.19100000000000003,9.0,0.015,9.0,0.010333333333333328,9.0,0.026,9.0,1.2753333333333143,9.0,0.8783333333333333,9.0,2.2319999999999993,9.0,38.513333333332724,9.0,,255.0,,255.0,,255.0,,255.0,,255.0,,255.0,,255.0,,255.0,,255.0
130335A,Dee River at Wura,1993-03-01,1993-01-01 to 1993-03-01,,255.0,0.13066666666666668,9.0,0.08566666666666667,9.0,0.18799999999999997,9.0,0.011000000000000001,9.0,0.006999999999999995,9.0,0.023999999999999997,9.0,0.9446666666666478,9.0,0.6046666666666667,9.0,2.044666666666666,9.0,28.25666666666606,9.0,,255.0,,255.0,,255.0,,255.0,,255.0,,255.0,,255.0,,255.0,,255.0
130335A,Dee River at Wura,1993-04-01,1993-02-01 to 1993-04-01,,255.0,0.10400000000000001,66.0,0.04050000000000001,66.0,0.181,66.0,0.004333333333333334,12.333333333333334,0.0019999999999999953,12.333333333333334,0.011999999999999999,12.333333333333334,0.3796666666666477,12.333333333333334,0.17266666666666666,12.333333333333334,1.0079999999999993,12.333333333333334,10.739999999999393,12.333333333333334,,255.0,,255.0,,255.0,,255.0,,255.0,,255.0,,255.0,,255.0,,255.0
130335A,Dee River at Wura,1993-05-01,1993-03-01 to 1993-05-01,,255.0,0.04,123.0,-0.07,123.0,0.181,123.0,0.0003333333333333333,15.666666666666666,0.0,15.666666666666666,0.005999999999999999,15.666666666666666,0.035999999999981054,15.666666666666666,0.0,15.666666666666666,0.5039999999999994,15.666666666666666,1.1133333333327269,15.666666666666666,,255.0,,255.0,,255.0,,255.0,,255.0,,255.0,,255.0,,255.0,,255.0
130335A,Dee River at Wura,1993-06-01,1993-04-01 to 1993-06-01,,255.0,,180.0,,180.0,,180.0,0.0,19.0,0.0,19.0,0.0,19.0,0.0,19.0,0.0,19.0,0.0,19.0,0.0,19.0,,255.0,,255.0,,255.0,,255.0,,255.0,,255.0,,255.0,,255.0,,255.0
130335A,Dee River at Wura,1993-07-01,1993-05-01 to 1993-07-01,,255.0,,180.0,,180.0,,180.0,0.25733333333333336,19.0,0.0,19.0,16.778666666666666,19.0,22.22199999999998,19.0,0.0,19.0,1449.6766666666665,19.0,688.8799999999993,19.0,,255.0,,255.0,,255.0,,255.0,,255.0,,255.0,,255.0,,255.0,,255.0
130335A,Dee River at Wura,1993-08-01,1993-06-01 to 1993-08-01,,255.0,0.172,123.0,0.157,123.0,0.198,123.0,0.271,15.666666666666666,0.008666666666666661,15.666666666666666,16.80666666666667,15.666666666666666,23.411666666666648,15.666666666666666,0.7343333333333333,15.666666666666666,1452.0813333333333,15.666666666666666,725.7599999999993,15.666666666666666,,255.0,,255.0,,255.0,,255.0,,255.0,,255.0,,255.0,,255.0,,255.0
130335A,Dee River at Wura,1993-09-01,1993-07-01 to 1993-09-01,,255.0,0.186,66.0,0.1725,66.0,0.20600000000000002,66.0,0.3006666666666667,12.333333333333334,0.029999999999999995,12.333333333333334,16.848333333333333,12.333333333333334,25.96899999999998,12.333333333333334,2.577666666666667,12.333333333333334,1455.6669999999997,12.333333333333334,802.4799999999994,12.333333333333334,,255.0,,255.0,,255.0,,255.0,,255.0,,255.0,,255.0,,255.0,,255.0
130335A,Dee River at Wura,1993-10-01,1993-08-01 to 1993-10-01,,255.0,0.19733333333333333,9.0,0.18266666666666667,9.0,0.21866666666666668,9.0,0.09266666666666667,9.0,0.06166666666666667,9.0,0.15133333333333335,9.0,7.999333333333314,9.0,5.313666666666666,9.0,13.032000000000002,9.0,245.4199999999994,9.0,,255.0,,255.0,,255.0,,255.0,,255.0,,255.0,,255.0,,255.0,,255.0
130335A,Dee River at Wura,1993-11-01,1993-09-01 to 1993-11-01,,255.0,0.2336666666666667,9.0,0.20033333333333334,9.0,0.6723333333333333,9.0,0.38566666666666666,9.0,0.07433333333333332,9.0,13.597,9.0,33.305666666666646,9.0,6.408,9.0,1174.752,9.0,1003.4166666666661,9.0,,255.0,,255.0,,255.0,,255.0,,255.0,,255.0,,255.0,,255.0,,255.0
130335A,Dee River at Wura,1993-12-01,1993-10-01 to 1993-12-01,,255.0,0.24700000000000003,9.0,0.21166666666666667,9.0,0.6890000000000001,9.0,0.367,9.0,0.055999999999999994,9.0,13.576666666666666,9.0,31.711999999999986,9.0,4.823999999999999,9.0,1172.995,9.0,956.5699999999994,9.0,,255.0,,255.0,,255.0,,255.0,,255.0,,255.0,,255.0,,255.0,,255.0
130335A,Dee River at Wura,1994-01-01,1993-11-01 to 1994-01-01,,255.0,0.26133333333333336,9.0,0.22766666666666666,9.0,0.7063333333333333,9.0,0.335,9.0,0.03366666666666666,9.0,13.559666666666667,9.0,28.95066666666665,9.0,2.879999999999999,9.0,1171.526,9.0,870.9666666666661,9.0,,255.0,,255.0,,255.0,,255.0,,255.0,,255.0,,255.0,,255.0,,255.0
130335A,Dee River at Wura,1994-02-01,1993-12-01 to 1994-02-01,,255.0,0.25266666666666665,9.0,0.24,9.0,0.2833333333333333,9.0,0.04,9.0,0.019999999999999993,9.0,0.137,9.0,3.4753333333333143,9.0,1.6993333333333327,9.0,11.807666666666668,9.0,104.66666666666606,9.0,,255.0,,255.0,,255.0,,255.0,,255.0,,255.0,,255.0,,255.0,,255.0
130335A,Dee River at Wura,1994-03-01,1994-01-01 to 1994-03-01,,255.0,0.2806666666666667,9.0,0.24833333333333332,9.0,0.6846666666666666,9.0,0.17066666666666666,9.0,0.01733333333333333,9.0,12.296666666666667,9.0,14.756333333333316,9.0,1.4686666666666663,9.0,1062.4173333333333,9.0,454.37999999999937,9.0,,255.0,,255.0,,255.0,,255.0,,255.0,,255.0,,255.0,,255.0,,255.0
130335A,Dee River at Wura,1994-04-01,1994-02-01 to 1994-04-01,,255.0,0.2836666666666667,9.0,0.25133333333333335,9.0,0.6829999999999999,9.0,0.15466666666666665,9.0,0.008666666666666661,9.0,12.235,9.0,13.372333333333314,9.0,0.7319999999999993,9.0,1057.104,9.0,411.3766666666661,9.0,,255.0,,255.0,,255.0,,255.0,,255.0,,255.0,,255.0,,255.0,,255.0
130335A,Dee River at Wura,1994-05-01,1994-03-01 to 1994-05-01,,255.0,0.2936666666666667,9.0,0.26133333333333336,9.0,0.6846666666666666,9.0,0.14533333333333331,9.0,0.0026666666666666622,9.0,12.187666666666667,9.0,12.552333333333316,9.0,0.2136666666666661,9.0,1053.0143333333333,9.0,389.016666666666,9.0,,255.0,,255.0,,255.0,,255.0,,255.0,,255.0,,255.0,,255.0,,255.0
130335A,Dee River at Wura,1994-06-01,1994-04-01 to 1994-06-01,,255.0,0.283,9.0,0.27266666666666667,9.0,0.2959999999999999,9.0,0.006999999999999982,9.0,0.004333333333333329,9.0,0.011999999999999999,9.0,0.6013333333333144,9.0,0.34333333333333277,9.0,1.0223333333333333,9.0,18.23666666666606,9.0,,255.0,,255.0,,255.0,,255.0,,255.0,,255.0,,255.0,,255.0,,255.0
130335A,Dee River at Wura,1994-07-01,1994-05-01 to 1994-07-01,,255.0,0.2876666666666667,9.0,0.27666666666666667,9.0,0.29999999999999993,9.0,0.008333333333333316,9.0,0.004999999999999995,9.0,0.014333333333333332,9.0,0.7133333333333144,9.0,0.38866666666666605,9.0,1.2236666666666667,9.0,21.813333333332725,9.0,,255.0,,255.0,,255.0,,255.0,,255.0,,255.0,,255.0,,255.0,,255.0
130335A,Dee River at Wura,1994-08-01,1994-06-01 to 1994-08-01,,255.0,0.2883333333333333,9.0,0.2776666666666667,9.0,0.3006666666666666,9.0,0.008666666666666649,9.0,0.005333333333333329,9.0,0.014666666666666666,9.0,0.7336666666666477,9.0,0.4173333333333327,9.0,1.2526666666666666,9.0,22.44999999999939,9.0,,255.0,,255.0,,255.0,,255.0,,255.0,,255.0,,255.0,,255.0,,255.0
130335A,Dee River at Wura,1994-09-01,1994-07-01 to 1994-09-01,,255.0,0.2803333333333333,9.0,0.264,9.0,0.2949999999999999,9.0,0.006333333333333315,9.0,0.003333333333333329,9.0,0.011666666666666667,9.0,0.5366666666666478,9.0,0.2589999999999994,9.0,1.0079999999999998,9.0,16.53999999999939,9.0,,255.0,,255.0,,255.0,,255.0,,255.0,,255.0,,255.0,,255.0,,255.0
130335A,Dee River at Wura,1994-10-01,1994-08-01 to 1994-10-01,,255.0,0.24033333333333332,9.0,0.18833333333333335,9.0,0.2789999999999999,9.0,0.003666666666666648,9.0,0.0019999999999999953,9.0,0.007,9.0,0.3186666666666477,9.0,0.15833333333333274,9.0,0.5906666666666666,9.0,9.783333333332726,9.0,,255.0,,255.0,,255.0,,255.0,,255.0,,255.0,,255.0,,255.0,,255.0
130335A,Dee River at Wura,1994-11-01,1994-09-01 to 1994-11-01,,255.0,0.217,66.0,0.14250000000000002,66.0,0.2699999999999999,66.0,0.0009999999999999816,12.333333333333334,0.0,12.333333333333334,0.0030000000000000005,12.333333333333334,0.09766666666664771,12.333333333333334,0.0,12.333333333333334,0.245,12.333333333333334,2.9299999999993935,12.333333333333334,,255.0,,255.0,,255.0,,255.0,,255.0,,255.0,,255.0,,255.0,,255.0
130335A,Dee River at Wura,1994-12-01,1994-10-01 to 1994-12-01,,255.0,0.166,123.0,0.045,123.0,0.255,123.0,0.004999999999999981,15.666666666666666,0.0,15.666666666666666,0.6719999999999998,15.666666666666666,0.4286666666666477,15.666666666666666,0.0,15.666666666666666,58.032000000000004,15.666666666666666,13.28666666666606,15.666666666666666,,255.0,,255.0,,255.0,,255.0,,255.0,,255.0,,255.0,,255.0,,255.0
130335A,Dee River at Wura,1995-01-01,1994-11-01 to 1995-01-01,,255.0,0.184,123.0,0.059,123.0,1.57,123.0,0.09599999999999999,15.666666666666666,0.0,15.666666666666666,14.578000000000001,15.666666666666666,8.302666666666648,15.666666666666666,0.0,15.666666666666666,1259.5103333333334,15.666666666666666,257.37666666666604,15.666666666666666,,255.0,,255.0,,255.0,,255.0,,255.0,,255.0,,255.0,,255.0,,255.0
130335A,Dee River at Wura,1995-02-01,1994-12-01 to 1995-02-01,,255.0,0.184,123.0,0.059,123.0,1.57,123.0,0.09599999999999999,15.666666666666666,0.0,15.666666666666666,14.578000000000001,15.666666666666666,8.302666666666648,15.666666666666666,0.0,15.666666666666666,1259.5103333333334,15.666666666666666,257.37666666666604,15.666666666666666,,255.0,,255.0,,255.0,,255.0,,255.0,,255.0,,255.0,,255.0,,255.0
130335A,Dee River at Wura,1995-03-01,1995-01-01 to 1995-03-01,,255.0,0.184,123.0,0.059,123.0,1.57,123.0,0.09099999999999998,15.666666666666666,0.0,15.666666666666666,13.906666666666666,15.666666666666666,7.874999999999981,15.666666666666666,0.0,15.666666666666666,1201.5216666666668,15.666666666666666,244.12333333333274,15.666666666666666,,255.0,,255.0,,255.0,,255.0,,255.0,,255.0,,255.0,,255.0,,255.0
130335A,Dee River at Wura,1995-04-01,1995-02-01 to 1995-04-01,,255.0,,180.0,,180.0,,180.0,0.0,19.0,0.0,19.0,0.0,19.0,0.0,19.0,0.0,19.0,0.0,19.0,0.0,19.0,,255.0,,255.0,,255.0,,255.0,,255.0,,255.0,,255.0,,255.0,,255.0
130335A,Dee River at Wura,1995-05-01,1995-03-01 to 1995-05-01,,255.0,,180.0,,180.0,,180.0,0.0,19.0,0.0,19.0,0.0,19.0,0.0,19.0,0.0,19.0,0.0,19.0,0.0,19.0,,255.0,,255.0,,255.0,,255.0,,255.0,,255.0,,255.0,,255.0,,255.0
130335A,Dee River at Wura,1995-06-01,1995-04-01 to 1995-06-01,,255.0,,180.0,,180.0,,180.0,0.0,19.0,0.0,19.0,0.0,19.0,0.0,19.0,0.0,19.0,0.0,19.0,0.0,19.0,,255.0,,255.0,,255.0,,255.0,,255.0,,255.0,,255.0,,255.0,,255.0
130335A,Dee River at Wura,1995-07-01,1995-05-01 to 1995-07-01,4.0,173.33333333333334,,180.0,,180.0,,180.0,0.0,19.0,0.0,19.0,0.0,19.0,0.0,19.0,0.0,19.0,0.0,19.0,0.0,19.0,0.0,213.33333333333334,0.0,213.33333333333334,0.0,213.33333333333334,9.3,213.33333333333334,-1.0,213.33333333333334,19.0,213.33333333333334,,236.66666666666666,,236.66666666666666,,236.66666666666666
130335A,Dee River at Wura,1995-08-01,1995-06-01 to 1995-08-01,38.0,91.66666666666667,,180.0,,180.0,,180.0,0.0,19.0,0.0,19.0,0.0,19.0,0.0,19.0,0.0,19.0,0.0,19.0,0.0,19.0,0.0,171.66666666666666,0.0,171.66666666666666,0.0,171.66666666666666,11.2,171.66666666666666,-1.0,171.66666666666666,22.15,171.66666666666666,,218.33333333333334,,218.33333333333334,,218.33333333333334
130335A,Dee River at Wura,1995-09-01,1995-07-01 to 1995-09-01,32.0,10.0,,180.0,,180.0,,180.0,0.0,19.0,0.0,19.0,0.0,19.0,0.0,19.0,0.0,19.0,0.0,19.0,0.0,19.0,0.0,130.0,0.0,130.0,0.0,130.0,13.299999999999999,130.0,-0.16666666666666666,130.0,25.233333333333334,130.0,,200.0,,200.0,,200.0
130335A,Dee River at Wura,1995-10-01,1995-08-01 to 1995-10-01,49.0,10.0,,180.0,,180.0,,180.0,0.0,19.0,0.0,19.0,0.0,19.0,0.0,19.0,0.0,19.0,0.0,19.0,0.0,19.0,0.0,130.0,0.0,130.0,0.0,130.0,15.666666666666666,130.0,0.16666666666666666,130.0,32.46666666666667,130.0,,200.0,,200.0,,200.0
130335A,Dee River at Wura,1995-11-01,1995-09-01 to 1995-11-01,59.333333333333336,10.0,,180.0,,180.0,,180.0,0.0,19.0,0.0,19.0,0.17666666666666667,19.0,0.007999999999981052,19.0,0.0,19.0,15.264000000000001,19.0,0.23666666666606032,19.0,0.3333333333333333,130.0,0.0,130.0,33.333333333333336,130.0,20.299999999999997,130.0,5.333333333333333,130.0,38.76666666666667,130.0,,200.0,,200.0,,200.0
130335A,Dee River at Wura,1995-12-01,1995-10-01 to 1995-12-01,85.0,10.0,,180.0,,180.0,,180.0,0.0,19.0,0.0,19.0,0.17666666666666667,19.0,0.007999999999981052,19.0,0.0,19.0,15.264000000000001,19.0,0.23666666666606032,19.0,0.3333333333333333,130.0,0.0,130.0,33.333333333333336,130.0,21.13333333333333,130.0,8.233333333333333,130.0,42.43333333333334,130.0,,200.0,,200.0,,200.0
130335A,Dee River at Wura,1996-01-01,1995-11-01 to 1996-01-01,161.33333333333334,10.0,,180.0,,180.0,,180.0,6.264,19.0,0.0,19.0,508.56733333333335,19.0,541.2216666666667,19.0,0.0,19.0,43940.232333333326,19.0,16777.856666666667,19.0,208.66666666666666,130.0,-0.3333333333333333,130.0,441.6666666666667,130.0,24.266666666666666,130.0,14.566666666666668,130.0,41.9,130.0,,200.0,,200.0,,200.0
130335A,Dee River at Wura,1996-02-01,1995-12-01 to 1996-02-01,127.33333333333333,10.0,0.256,123.0,0.234,123.0,0.321,123.0,6.276000000000001,15.666666666666666,0.004666666666666662,15.666666666666666,508.449,15.666666666666666,542.2606666666667,15.666666666666666,0.38866666666666605,15.666666666666666,43929.994,15.666666666666666,16807.983333333334,15.666666666666666,568.3333333333334,130.0,292.6666666666667,130.0,794.3333333333334,130.0,24.96666666666667,130.0,17.933333333333334,130.0,38.266666666666666,130.0,,200.0,,200.0,,200.0
130335A,Dee River at Wura,1996-03-01,1996-01-01 to 1996-03-01,95.0,10.0,0.25349999999999995,66.0,0.2385,66.0,0.2909999999999999,66.0,6.2843333333333335,12.333333333333334,0.010999999999999996,12.333333333333334,508.46066666666667,12.333333333333334,542.9896666666667,12.333333333333334,0.9359999999999994,12.333333333333334,43931.002,12.333333333333334,16830.579999999998,12.333333333333334,923.3333333333334,130.0,635.3333333333334,130.0,1165.6666666666667,130.0,27.633333333333336,130.0,22.96666666666667,130.0,34.6,130.0,,200.0,,200.0,,200.0
130335A,Dee River at Wura,1996-04-01,1996-02-01 to 1996-04-01,21.666666666666668,10.0,0.2543333333333333,9.0,0.23866666666666667,9.0,0.34833333333333333,9.0,0.03833333333333333,9.0,0.016666666666666663,9.0,0.5423333333333333,9.0,3.3336666666666663,9.0,1.4113333333333327,9.0,46.843333333333334,9.0,99.68666666666667,9.0,1029.6666666666667,130.0,915.0,130.0,1102.6666666666667,130.0,27.633333333333336,130.0,23.933333333333334,130.0,31.53333333333333,130.0,,200.0,,200.0,,200.0
130335A,Dee River at Wura,1996-05-01,1996-03-01 to 1996-05-01,32.333333333333336,10.0,0.304,9.0,0.24933333333333332,9.0,0.9959999999999999,9.0,1.0223333333333333,9.0,0.033999999999999996,9.0,28.84,9.0,88.33866666666667,9.0,2.9089999999999994,9.0,2491.7616666666668,9.0,2736.94,9.0,893.3333333333334,130.0,726.6666666666666,130.0,1224.6666666666667,130.0,25.466666666666665,130.0,22.100000000000005,130.0,29.266666666666666,130.0,,200.0,,200.0,,200.0
130335A,Dee River at Wura,1996-06-01,1996-04-01 to 1996-06-01,39.0,10.0,0.306,9.0,0.251,9.0,0.9996666666666666,9.0,1.0303333333333333,9.0,0.03966666666666666,9.0,28.854666666666663,9.0,89.03533333333333,9.0,3.383999999999999,9.0,2493.0143333333335,9.0,2757.11,9.0,796.6666666666666,130.0,625.6666666666666,130.0,1121.0,130.0,22.899999999999995,130.0,18.966666666666665,130.0,26.5,130.0,,200.0,,200.0,,200.0
130335A,Dee River at Wura,1996-07-01,1996-05-01 to 1996-07-01,21.333333333333332,10.0,0.3033333333333333,9.0,0.25133333333333335,9.0,0.93,9.0,1.0243333333333333,9.0,0.04299999999999999,9.0,28.397000000000002,9.0,88.505,9.0,3.6719999999999993,9.0,2453.472,9.0,2742.23,9.0,746.3333333333334,130.0,604.3333333333334,130.0,1043.3333333333333,130.0,20.233333333333334,130.0,16.46666666666667,130.0,23.433333333333334,130.0,,200.0,,200.0,,200.0
130335A,Dee River at Wura,1996-08-01,1996-06-01 to 1996-08-01,18.0,10.0,0.25,9.0,0.243,9.0,0.26,9.0,0.039,9.0,0.030333333333333327,9.0,0.05566666666666666,9.0,3.361333333333333,9.0,2.577666666666666,9.0,4.795333333333333,9.0,102.77,9.0,772.6666666666666,130.0,737.6666666666666,130.0,796.3333333333334,130.0,19.366666666666664,130.0,15.1,130.0,22.433333333333334,130.0,,200.0,,200.0,,200.0
130335A,Dee River at Wura,1996-09-01,1996-07-01 to 1996-09-01,31.333333333333332,10.0,0.248,9.0,0.24166666666666667,9.0,0.26899999999999996,9.0,0.036,9.0,0.028666666666666663,9.0,0.09599999999999999,9.0,3.0963333333333334,9.0,2.447999999999999,9.0,8.294666666666666,9.0,94.82333333333334,9.0,749.0,130.0,716.0,130.0,769.6666666666666,130.0,20.099999999999998,130.0,15.833333333333334,130.0,23.7,130.0,,200.0,,200.0,,200.0
130335A,Dee River at Wura,1996-10-01,1996-08-01 to 1996-10-01,43.666666666666664,10.0,0.25733333333333336,9.0,0.24133333333333332,9.0,0.47433333333333333,9.0,0.13166666666666668,9.0,0.028333333333333332,9.0,4.306333333333334,9.0,11.373666666666667,9.0,2.418999999999999,9.0,372.06733333333335,9.0,351.42,9.0,766.3333333333334,130.0,557.3333333333334,130.0,907.3333333333334,130.0,22.599999999999998,130.0,18.099999999999998,130.0,26.566666666666663,130.0,,200.0,,200.0,,200.0
130335A,Dee River at Wura,1996-11-01,1996-09-01 to 1996-11-01,56.666666666666664,10.0,0.2623333333333333,9.0,0.24533333333333332,9.0,0.49133333333333334,9.0,0.13966666666666666,9.0,0.033333333333333326,9.0,4.373666666666667,9.0,12.066333333333333,9.0,2.8509999999999995,9.0,377.87033333333335,9.0,371.2966666666667,9.0,808.3333333333334,130.0,599.6666666666666,130.0,943.6666666666666,130.0,25.166666666666668,130.0,20.866666666666664,130.0,29.8,130.0,,200.0,,200.0,,200.0
130335A,Dee River at Wura,1996-12-01,1996-10-01 to 1996-12-01,95.33333333333333,10.0,0.2996666666666667,9.0,0.249,9.0,0.9183333333333333,9.0,0.5046666666666667,9.0,0.03833333333333333,9.0,18.388666666666666,9.0,43.597,9.0,3.268666666666666,9.0,1588.7520000000002,9.0,1349.91,9.0,809.3333333333334,130.0,437.6666666666667,130.0,999.6666666666666,130.0,27.066666666666663,130.0,22.900000000000002,130.0,32.300000000000004,130.0,,200.0,,200.0,,200.0
130335A,Dee River at Wura,1997-01-01,1996-11-01 to 1997-01-01,80.66666666666667,10.0,0.314,9.0,0.2723333333333333,9.0,0.7383333333333333,9.0,0.53,9.0,0.12333333333333334,9.0,14.344666666666667,9.0,45.77066666666667,9.0,10.612666666666666,9.0,1239.3503333333335,9.0,1417.2933333333337,9.0,779.3333333333334,130.0,587.0,130.0,850.0,130.0,27.833333333333332,130.0,24.066666666666666,130.0,32.96666666666666,130.0,,200.0,,200.0,,200.0
130335A,Dee River at Wura,1997-02-01,1996-12-01 to 1997-02-01,81.66666666666667,10.0,0.3376666666666666,9.0,0.2966666666666667,9.0,0.7573333333333334,9.0,0.6956666666666668,9.0,0.26933333333333337,9.0,14.540333333333331,9.0,60.086000000000006,9.0,23.24133333333333,9.0,1256.2703333333336,9.0,1814.9133333333332,9.0,730.6666666666666,130.0,535.0,130.0,802.0,130.0,28.099999999999998,130.0,24.7,130.0,32.56666666666666,130.0,,200.0,,200.0,,200.0
130335A,Dee River at Wura,1997-03-01,1997-01-01 to 1997-03-01,95.0,10.0,0.38199999999999995,9.0,0.323,9.0,0.8506666666666667,9.0,1.592666666666667,9.0,0.45799999999999996,9.0,19.432333333333332,9.0,137.59633333333335,9.0,39.54233333333334,9.0,1678.9533333333336,9.0,4217.736666666667,9.0,722.3333333333334,130.0,595.3333333333334,130.0,831.6666666666666,130.0,27.566666666666663,130.0,24.366666666666664,130.0,31.399999999999995,130.0,,200.0,,200.0,,200.0
130335A,Dee River at Wura,1997-04-01,1997-02-01 to 1997-04-01,93.66666666666667,10.0,0.4163333333333334,9.0,0.3453333333333333,9.0,0.9380000000000001,9.0,1.5663333333333334,9.0,0.377,9.0,19.902333333333335,9.0,135.32233333333335,9.0,32.55833333333333,9.0,1719.5470000000003,9.0,4138.043333333334,9.0,714.6666666666666,130.0,536.6666666666666,130.0,831.0,130.0,26.5,130.0,23.399999999999995,130.0,30.266666666666666,130.0,,200.0,,200.0,,200.0
130335A,Dee River at Wura,1997-05-01,1997-03-01 to 1997-05-01,88.66666666666667,10.0,0.4333333333333333,9.0,0.3606666666666667,9.0,0.9576666666666666,9.0,1.3983333333333334,9.0,0.2276666666666666,9.0,19.683333333333334,9.0,120.805,9.0,19.641666666666666,9.0,1700.6253333333334,9.0,3735.7566666666667,9.0,714.3333333333334,130.0,542.3333333333334,130.0,829.3333333333334,130.0,24.266666666666666,130.0,21.3,130.0,27.833333333333332,130.0,,200.0,,200.0,,200.0
130335A,Dee River at Wura,1997-06-01,1997-04-01 to 1997-06-01,18.0,10.0,0.3956666666666666,9.0,0.37566666666666665,9.0,0.4663333333333333,9.0,0.13933333333333334,9.0,0.03799999999999996,9.0,0.7280000000000001,9.0,12.004666666666665,9.0,3.254333333333331,9.0,62.88466666666667,9.0,361.5433333333333,9.0,723.3333333333334,130.0,657.3333333333334,130.0,743.3333333333334,130.0,21.766666666666666,130.0,18.566666666666666,130.0,24.833333333333332,130.0,,200.0,,200.0,,200.0
130335A,Dee River at Wura,1997-07-01,1997-05-01 to 1997-07-01,20.666666666666668,10.0,0.381,9.0,0.37400000000000005,9.0,0.3973333333333333,9.0,0.04666666666666667,9.0,0.035999999999999956,9.0,0.09466666666666666,9.0,3.9966666666666666,9.0,3.067333333333331,9.0,8.179,9.0,122.5,9.0,707.0,130.0,690.3333333333334,130.0,722.6666666666666,130.0,19.7,130.0,16.566666666666666,130.0,22.366666666666664,130.0,,200.0,,200.0,,200.0
130335A,Dee River at Wura,1997-08-01,1997-06-01 to 1997-08-01,8.0,10.0,0.37799999999999995,9.0,0.37166666666666665,9.0,0.38766666666666666,9.0,0.041666666666666664,9.0,0.03333333333333329,9.0,0.058666666666666666,9.0,3.59,9.0,2.836999999999998,9.0,5.068666666666666,9.0,109.89999999999999,9.0,684.3333333333334,130.0,672.6666666666666,130.0,699.3333333333334,130.0,18.766666666666666,130.0,15.566666666666668,130.0,21.266666666666666,130.0,,200.0,,200.0,,200.0
130335A,Dee River at Wura,1997-09-01,1997-07-01 to 1997-09-01,28.0,10.0,0.3733333333333333,9.0,0.3633333333333333,9.0,0.39766666666666667,9.0,0.03566666666666667,9.0,0.023999999999999966,9.0,0.09066666666666667,9.0,3.0683333333333334,9.0,2.030666666666664,9.0,7.819,9.0,94.24666666666667,9.0,665.3333333333334,130.0,638.3333333333334,130.0,679.3333333333334,130.0,20.066666666666666,130.0,17.066666666666666,130.0,23.166666666666668,130.0,,200.0,,200.0,,200.0
130335A,Dee River at Wura,1997-10-01,1997-08-01 to 1997-10-01,30.333333333333332,10.0,0.36866666666666664,9.0,0.35666666666666663,9.0,0.39633333333333337,9.0,0.029666666666666664,9.0,0.01766666666666663,9.0,0.08833333333333333,9.0,2.559333333333333,9.0,1.483333333333331,9.0,7.617333333333334,9.0,78.46333333333334,9.0,658.3333333333334,130.0,631.6666666666666,130.0,668.6666666666666,130.0,22.53333333333333,130.0,19.333333333333336,130.0,26.066666666666666,130.0,,200.0,,200.0,,200.0
130335A,Dee River at Wura,1997-11-01,1997-09-01 to 1997-11-01,65.66666666666667,10.0,0.36833333333333335,9.0,0.35233333333333333,9.0,0.42733333333333334,9.0,0.03233333333333333,9.0,0.013999999999999962,9.0,0.326,9.0,2.7846666666666664,9.0,1.1663333333333308,9.0,28.151666666666667,9.0,84.23,9.0,658.3333333333334,130.0,594.0,130.0,673.0,130.0,25.7,130.0,22.400000000000002,130.0,29.633333333333336,130.0,,200.0,,200.0,,200.0
130335A,Dee River at Wura,1997-12-01,1997-10-01 to 1997-12-01,91.66666666666667,10.0,0.39033333333333337,9.0,0.3546666666666667,9.0,0.9463333333333334,9.0,0.25866666666666666,9.0,0.015999999999999962,9.0,21.418666666666667,9.0,22.358,9.0,1.3533333333333308,9.0,1850.558,9.0,691.8766666666667,9.0,653.0,130.0,458.6666666666667,130.0,697.3333333333334,130.0,28.0,130.0,24.26666666666667,130.0,31.5,130.0,,200.0,,200.0,,200.0
130335A,Dee River at Wura,1998-01-01,1997-11-01 to 1998-01-01,94.66666666666667,10.0,0.40633333333333327,9.0,0.371,9.0,0.9630000000000001,9.0,0.262,9.0,0.018999999999999965,9.0,21.424333333333333,9.0,22.649333333333335,9.0,1.6269999999999978,9.0,1851.0476666666666,9.0,700.91,9.0,680.6666666666666,130.0,476.6666666666667,130.0,739.3333333333334,130.0,29.366666666666664,130.0,25.76666666666667,130.0,32.6,130.0,,200.0,,200.0,,200.0
130335A,Dee River at Wura,1998-02-01,1997-12-01 to 1998-02-01,59.666666666666664,10.0,0.4186666666666667,9.0,0.38666666666666666,9.0,0.9413333333333332,9.0,0.258,9.0,0.02166666666666663,9.0,21.17866666666667,9.0,22.306,9.0,1.8576666666666644,9.0,1829.8223333333333,9.0,688.86,9.0,687.0,130.0,515.0,130.0,749.3333333333334,130.0,29.933333333333326,130.0,26.666666666666668,130.0,32.73333333333334,130.0,,200.0,,200.0,,200.0
130335A,Dee River at Wura,1998-03-01,1998-01-01 to 1998-03-01,15.666666666666666,10.0,0.40633333333333327,9.0,0.39266666666666666,9.0,0.4223333333333333,9.0,0.028333333333333335,9.0,0.018666666666666627,9.0,0.048666666666666664,9.0,2.465666666666667,9.0,1.5986666666666645,9.0,4.190333333333333,9.0,73.81666666666666,9.0,686.6666666666666,130.0,660.0,130.0,723.0,130.0,29.333333333333332,130.0,26.96666666666667,130.0,31.73333333333333,130.0,,200.0,,200.0,,200.0
130335A,Dee River at Wura,1998-04-01,1998-02-01 to 1998-04-01,29.666666666666668,10.0,0.399,9.0,0.385,9.0,0.4253333333333333,9.0,0.022333333333333334,9.0,0.015333333333333296,9.0,0.05533333333333334,9.0,1.9556666666666667,9.0,1.2963333333333311,9.0,4.752,9.0,57.54,9.0,644.0,130.0,621.6666666666666,130.0,667.0,130.0,27.833333333333332,130.0,24.733333333333334,130.0,30.633333333333336,130.0,,200.0,,200.0,,200.0
130335A,Dee River at Wura,1998-05-01,1998-03-01 to 1998-05-01,44.666666666666664,10.0,0.393,9.0,0.37566666666666665,9.0,0.4366666666666667,9.0,0.025333333333333333,9.0,0.012333333333333295,9.0,0.08133333333333333,9.0,2.1903333333333332,9.0,1.0369999999999975,9.0,6.998333333333334,9.0,67.43333333333332,9.0,628.0,130.0,571.6666666666666,130.0,658.0,130.0,24.666666666666668,130.0,20.933333333333334,130.0,28.0,130.0,,200.0,,200.0,,200.0
130335A,Dee River at Wura,1998-06-01,1998-04-01 to 1998-06-01,49.0,10.0,0.381,9.0,0.36533333333333334,9.0,0.4246666666666667,9.0,0.02566666666666666,9.0,0.013999999999999962,9.0,0.07833333333333332,9.0,2.215333333333333,9.0,1.1809999999999976,9.0,6.753666666666667,9.0,67.57,9.0,649.6666666666666,130.0,589.0,130.0,676.3333333333334,130.0,21.066666666666666,130.0,16.766666666666666,130.0,24.899999999999995,130.0,,200.0,,200.0,,200.0
130335A,Dee River at Wura,1998-07-01,1998-05-01 to 1998-07-01,27.0,10.0,0.361,9.0,0.342,9.0,0.39666666666666667,9.0,0.024333333333333332,9.0,0.012333333333333295,9.0,0.05733333333333334,9.0,2.095666666666667,9.0,1.051333333333331,9.0,4.953666666666667,9.0,64.32333333333334,9.0,678.6666666666666,130.0,624.3333333333334,130.0,704.3333333333334,130.0,18.566666666666666,130.0,14.766666666666666,130.0,22.066666666666666,130.0,,200.0,,200.0,,200.0
130335A,Dee River at Wura,1998-08-01,1998-06-01 to 1998-08-01,36.0,10.0,0.33099999999999996,9.0,0.31233333333333335,9.0,0.35700000000000004,9.0,0.013333333333333334,9.0,0.009333333333333296,9.0,0.021000000000000005,9.0,1.1626666666666667,9.0,0.8066666666666643,9.0,1.8143333333333331,9.0,35.39666666666667,9.0,705.6666666666666,130.0,682.3333333333334,130.0,717.0,130.0,17.966666666666665,130.0,13.766666666666666,130.0,21.03333333333333,130.0,,200.0,,200.0,,200.0
130335A,Dee River at Wura,1998-09-01,1998-07-01 to 1998-09-01,50.666666666666664,10.0,0.30466666666666664,9.0,0.28133333333333327,9.0,0.3373333333333333,9.0,0.007333333333333333,9.0,0.004333333333333297,9.0,0.014000000000000004,9.0,0.6473333333333333,9.0,0.37466666666666426,9.0,1.2096666666666667,9.0,19.94,9.0,712.6666666666666,130.0,678.6666666666666,130.0,725.3333333333334,130.0,19.466666666666665,130.0,15.800000000000002,130.0,22.233333333333334,130.0,,200.0,,200.0,,200.0
130335A,Dee River at Wura,1998-10-01,1998-08-01 to 1998-10-01,90.33333333333333,10.0,0.30666666666666664,9.0,0.252,9.0,0.49,9.0,0.04766666666666667,9.0,0.001999999999999963,9.0,2.059,9.0,4.123666666666667,9.0,0.1729999999999976,9.0,177.88333333333333,9.0,127.70666666666666,9.0,740.3333333333334,130.0,585.3333333333334,130.0,844.3333333333334,130.0,21.799999999999997,130.0,18.033333333333335,130.0,24.866666666666664,130.0,,200.0,,200.0,,200.0
130335A,Dee River at Wura,1998-11-01,1998-09-01 to 1998-11-01,82.0,10.0,0.33866666666666667,9.0,0.27566666666666667,9.0,0.6306666666666666,9.0,0.11433333333333333,9.0,0.006999999999999962,9.0,3.5589999999999997,9.0,9.873333333333333,9.0,0.6049999999999977,9.0,307.4833333333333,9.0,300.03000000000003,9.0,789.6666666666666,130.0,609.3333333333334,130.0,1202.0,130.0,24.066666666666666,130.0,21.2,130.0,27.8,130.0,,200.0,,200.0,,200.0
130335A,Dee River at Wura,1998-12-01,1998-10-01 to 1998-12-01,69.33333333333333,10.0,0.37733333333333335,9.0,0.314,9.0,0.7026666666666666,9.0,0.13433333333333333,9.0,0.014999999999999963,9.0,3.7740000000000005,9.0,11.607333333333335,9.0,1.2816666666666643,9.0,326.04466666666667,9.0,353.90333333333336,9.0,859.6666666666666,130.0,677.3333333333334,130.0,1330.0,130.0,25.799999999999997,130.0,22.666666666666668,130.0,29.5,130.0,,200.0,,200.0,,200.0
130335A,Dee River at Wura,1999-01-01,1998-11-01 to 1999-01-01,59.0,10.0,0.39566666666666667,9.0,0.36566666666666664,9.0,0.5816666666666667,9.0,0.10266666666666667,9.0,0.023999999999999962,9.0,1.76,9.0,8.888333333333334,9.0,2.059333333333331,9.0,152.04933333333335,9.0,269.61333333333334,9.0,874.3333333333334,130.0,790.0,130.0,1267.3333333333333,130.0,26.566666666666663,130.0,24.0,130.0,29.633333333333336,130.0,,200.0,,200.0,,200.0
130335A,Dee River at Wura,1999-02-01,1998-12-01 to 1999-02-01,81.0,10.0,0.508,9.0,0.38133333333333336,9.0,1.3016666666666665,9.0,2.155666666666667,9.0,0.03299999999999997,9.0,50.21266666666667,9.0,186.28600000000003,9.0,2.8366666666666642,9.0,4338.359666666666,9.0,5224.8966666666665,9.0,728.3333333333334,130.0,597.6666666666666,130.0,930.0,130.0,26.933333333333334,130.0,24.333333333333332,130.0,29.666666666666668,130.0,,200.0,,200.0,,200.0
130335A,Dee River at Wura,1999-03-01,1999-01-01 to 1999-03-01,97.66666666666667,10.0,0.6253333333333333,9.0,0.41100000000000003,9.0,1.8709999999999998,9.0,3.7273333333333336,9.0,0.04899999999999996,9.0,77.496,9.0,322.0716666666667,9.0,4.218999999999998,9.0,6695.654333333333,9.0,9434.246666666668,9.0,595.3333333333334,130.0,362.3333333333333,130.0,845.6666666666666,130.0,26.73333333333333,130.0,24.3,130.0,29.633333333333336,130.0,,200.0,,200.0,,200.0
130335A,Dee River at Wura,1999-04-01,1999-02-01 to 1999-04-01,68.66666666666667,10.0,0.6363333333333333,9.0,0.4206666666666667,9.0,1.8759999999999997,9.0,3.7273333333333336,9.0,0.04799999999999996,9.0,77.48633333333333,9.0,322.062,9.0,4.117999999999998,9.0,6694.804666666667,9.0,9432.85,9.0,563.6666666666666,130.0,327.6666666666667,130.0,809.3333333333334,130.0,25.399999999999995,130.0,21.7,130.0,28.766666666666666,130.0,,200.0,,200.0,,200.0
130335A,Dee River at Wura,1999-05-01,1999-03-01 to 1999-05-01,27.333333333333332,10.0,0.5266666666666667,9.0,0.418,9.0,1.0423333333333333,9.0,1.6136666666666668,9.0,0.03899999999999996,9.0,27.539333333333335,9.0,139.44,9.0,3.3259999999999974,9.0,2379.3839999999996,9.0,4321.533333333334,9.0,654.6666666666666,130.0,488.0,130.0,797.0,130.0,23.266666666666666,130.0,19.6,130.0,25.900000000000002,130.0,,200.0,,200.0,,200.0
130335A,Dee River at Wura,1999-06-01,1999-04-01 to 1999-06-01,14.333333333333334,10.0,0.4103333333333334,9.0,0.39633333333333337,9.0,0.4343333333333333,9.0,0.028333333333333332,9.0,0.020999999999999963,9.0,0.04900000000000001,9.0,2.4636666666666667,9.0,1.7709999999999975,9.0,4.219,9.0,74.60666666666667,9.0,688.0,130.0,633.0,130.0,727.6666666666666,130.0,20.366666666666664,130.0,16.166666666666668,130.0,23.03333333333333,130.0,,200.0,,200.0,,200.0
130335A,Dee River at Wura,1999-07-01,1999-05-01 to 1999-07-01,26.666666666666668,10.0,0.4043333333333334,9.0,0.39266666666666666,9.0,0.42300000000000004,9.0,0.024000000000000004,9.0,0.019333333333333296,9.0,0.035,9.0,2.077666666666667,9.0,1.6269999999999978,9.0,3.0239999999999996,9.0,63.74,9.0,643.6666666666666,130.0,610.3333333333334,130.0,673.3333333333334,130.0,18.366666666666664,130.0,14.933333333333332,130.0,20.900000000000002,130.0,,200.0,,200.0,,200.0
130335A,Dee River at Wura,1999-08-01,1999-06-01 to 1999-08-01,38.333333333333336,10.0,0.4080000000000001,9.0,0.3886666666666667,9.0,0.7033333333333333,9.0,0.08066666666666668,9.0,0.01766666666666663,9.0,5.157,9.0,6.963333333333334,9.0,1.4976666666666645,9.0,445.56466666666665,9.0,215.19333333333336,9.0,611.6666666666666,130.0,583.0,130.0,739.0,130.0,17.566666666666666,130.0,14.066666666666668,130.0,20.433333333333334,130.0,,200.0,,200.0,,200.0
130335A,Dee River at Wura,1999-09-01,1999-07-01 to 1999-09-01,25.333333333333332,10.0,0.4073333333333333,9.0,0.38233333333333336,9.0,0.7386666666666666,9.0,0.08166666666666668,9.0,0.015333333333333296,9.0,5.228000000000001,9.0,7.038666666666667,9.0,1.2959999999999976,9.0,451.6989999999999,9.0,217.45333333333338,9.0,647.3333333333334,130.0,606.3333333333334,130.0,776.3333333333334,130.0,18.599999999999998,130.0,15.633333333333333,130.0,20.966666666666665,130.0,,200.0,,200.0,,200.0
130335A,Dee River at Wura,1999-10-01,1999-08-01 to 1999-10-01,32.666666666666664,10.0,0.3960000000000001,9.0,0.37000000000000005,9.0,0.7296666666666667,9.0,0.07733333333333335,9.0,0.011999999999999962,9.0,5.222,9.0,6.676333333333333,9.0,1.0079999999999976,9.0,451.18066666666664,9.0,206.2166666666667,9.0,697.3333333333334,130.0,654.3333333333334,130.0,829.0,130.0,20.8,130.0,18.2,130.0,23.03333333333333,130.0,,200.0,,200.0,,200.0
130335A,Dee River at Wura,1999-11-01,1999-09-01 to 1999-11-01,51.0,10.0,0.39633333333333337,9.0,0.36466666666666664,9.0,0.5986666666666667,9.0,0.038666666666666676,9.0,0.01066666666666663,9.0,1.2363333333333333,9.0,3.3396666666666666,9.0,0.8926666666666643,9.0,106.80466666666666,9.0,100.53000000000002,9.0,773.3333333333334,130.0,643.6666666666666,130.0,838.6666666666666,130.0,22.866666666666664,130.0,20.733333333333334,130.0,25.600000000000005,130.0,,200.0,,200.0,,200.0
130335A,Dee River at Wura,1999-12-01,1999-10-01 to 1999-12-01,55.333333333333336,10.0,0.38266666666666665,9.0,0.3486666666666667,9.0,0.5526666666666668,9.0,0.03300000000000001,9.0,0.007999999999999964,9.0,1.1603333333333332,9.0,2.8703333333333334,9.0,0.6766666666666642,9.0,100.22399999999999,9.0,86.72000000000001,9.0,802.3333333333334,130.0,689.0,130.0,867.0,130.0,24.366666666666664,130.0,22.400000000000002,130.0,27.333333333333332,130.0,,200.0,,200.0,,200.0
130335A,Dee River at Wura,2000-01-01,1999-11-01 to 2000-01-01,48.0,10.0,0.367,9.0,0.3283333333333333,9.0,0.538,9.0,0.030666666666666675,9.0,0.00566666666666663,9.0,1.1556666666666666,9.0,2.662333333333333,9.0,0.48966666666666425,9.0,99.80633333333334,9.0,80.28,9.0,827.3333333333334,130.0,714.0,130.0,893.0,130.0,25.23333333333333,130.0,23.200000000000003,130.0,28.166666666666668,130.0,,200.0,,200.0,,200.0
130335A,Dee River at Wura,2000-02-01,1999-12-01 to 2000-02-01,37.666666666666664,10.0,0.3256666666666666,9.0,0.2966666666666667,9.0,0.36233333333333334,9.0,0.005333333333333338,9.0,0.0023333333333332962,9.0,0.011333333333333334,9.0,0.465,9.0,0.2016666666666643,9.0,0.9503333333333334,9.0,14.306666666666667,9.0,836.3333333333334,130.0,805.6666666666666,130.0,875.0,130.0,25.63333333333333,130.0,23.466666666666665,130.0,27.933333333333334,130.0,,200.0,,200.0,,200.0
130335A,Dee River at Wura,2000-03-01,2000-01-01 to 2000-03-01,48.666666666666664,10.0,0.29866666666666664,9.0,0.26266666666666666,9.0,0.33666666666666667,9.0,0.0026666666666666713,9.0,0.0006666666666666297,9.0,0.006666666666666667,9.0,0.22599999999999998,9.0,0.05766666666666429,9.0,0.547,9.0,6.8933333333333335,9.0,847.6666666666666,130.0,804.3333333333334,130.0,885.0,130.0,25.733333333333334,130.0,23.400000000000002,130.0,27.833333333333332,130.0,,200.0,,200.0,,200.0
130335A,Dee River at Wura,2000-04-01,2000-02-01 to 2000-04-01,55.0,10.0,0.24566666666666667,9.0,0.2026666666666667,9.0,0.29333333333333333,9.0,0.0010000000000000046,9.0,0.0,9.0,0.0033333333333333335,9.0,0.08566666666666667,9.0,0.0,9.0,0.2733333333333334,9.0,2.5399999999999996,9.0,878.6666666666666,130.0,825.3333333333334,130.0,936.0,130.0,24.466666666666665,130.0,21.966666666666665,130.0,26.933333333333334,130.0,,200.0,,200.0,,200.0
130335A,Dee River at Wura,2000-05-01,2000-03-01 to 2000-05-01,44.666666666666664,10.0,0.17600000000000002,9.0,0.11200000000000003,9.0,0.23199999999999998,9.0,0.000333333333333338,9.0,0.0,9.0,0.0013333333333333333,9.0,0.03266666666666667,9.0,0.0,9.0,0.10066666666666667,9.0,1.0066666666666666,9.0,890.5,153.33333333333334,832.0,153.33333333333334,942.5,153.33333333333334,23.999999999999996,153.33333333333334,21.25,153.33333333333334,26.7,153.33333333333334,,200.0,,200.0,,200.0
130335A,Dee River at Wura,2000-06-01,2000-04-01 to 2000-06-01,46.0,10.0,0.077,9.0,0.015333333333333352,9.0,0.1376666666666667,9.0,0.0,9.0,0.0,9.0,0.0,9.0,0.0,9.0,0.0,9.0,0.0,9.0,0.0,9.0,921.0,176.66666666666666,862.0,176.66666666666666,999.0,176.66666666666666,22.4,176.66666666666666,19.4,176.66666666666666,26.0,176.66666666666666,,200.0,,200.0,,200.0
130335A,Dee River at Wura,2000-07-01,2000-05-01 to 2000-07-01,30.333333333333332,10.0,0.0325,66.0,-0.033999999999999975,66.0,0.09100000000000001,66.0,0.0,12.333333333333334,0.0,12.333333333333334,0.0,12.333333333333334,0.0,12.333333333333334,0.0,12.333333333333334,0.0,12.333333333333334,0.0,12.333333333333334,,193.33333333333334,,193.33333333333334,,193.33333333333334,,193.33333333333334,,193.33333333333334,,193.33333333333334,,200.0,,200.0,,200.0
130335A,Dee River at Wura,2000-08-01,2000-06-01 to 2000-08-01,24.333333333333332,10.0,-0.019,123.0,-0.065,123.0,0.029,123.0,0.0,15.666666666666666,0.0,15.666666666666666,0.0,15.666666666666666,0.0,15.666666666666666,0.0,15.666666666666666,0.0,15.666666666666666,0.0,15.666666666666666,,186.66666666666666,,186.66666666666666,,186.66666666666666,,186.66666666666666,,186.66666666666666,,186.66666666666666,,200.0,,200.0,,200.0
130335A,Dee River at Wura,2000-09-01,2000-07-01 to 2000-09-01,7.333333333333333,10.0,,180.0,,180.0,,180.0,0.0,19.0,0.0,19.0,0.0,19.0,0.0,19.0,0.0,19.0,0.0,19.0,0.0,19.0,,180.0,,180.0,,180.0,,180.0,,180.0,,180.0,,200.0,,200.0,,200.0
130335A,Dee River at Wura,2000-10-01,2000-08-01 to 2000-10-01,32.0,10.0,,180.0,,180.0,,180.0,0.0,19.0,0.0,19.0,0.0,19.0,0.0,19.0,0.0,19.0,0.0,19.0,0.0,19.0,,180.0,,180.0,,180.0,,180.0,,180.0,,180.0,,200.0,,200.0,,200.0
130335A,Dee River at Wura,2000-11-01,2000-09-01 to 2000-11-01,94.33333333333333,10.0,,180.0,,180.0,,180.0,7.015666666666667,32.333333333333336,0.0,32.333333333333336,90.205,32.333333333333336,606.1523333333333,32.333333333333336,0.0,32.333333333333336,7793.697666666667,32.333333333333336,18184.566666666666,32.333333333333336,,180.0,,180.0,,180.0,,180.0,,180.0,,180.0,,200.0,,200.0,,200.0
130335A,Dee River at Wura,2000-12-01,2000-10-01 to 2000-12-01,131.66666666666666,10.0,0.554,123.0,0.43,123.0,1.65,123.0,7.337,29.0,0.02166666666666663,29.0,100.221,29.0,633.9223333333333,29.0,1.8576666666666644,29.0,8659.08,29.0,19045.436666666665,29.0,808.0,163.33333333333334,499.0,163.33333333333334,1684.0,163.33333333333334,25.6,163.33333333333334,23.3,163.33333333333334,28.5,163.33333333333334,,200.0,,200.0,,200.0
130335A,Dee River at Wura,2001-01-01,2000-11-01 to 2001-01-01,110.66666666666667,10.0,0.5075000000000001,66.0,0.404,66.0,1.2395,66.0,7.3806666666666665,25.666666666666668,0.031333333333333296,25.666666666666668,100.706,25.666666666666668,637.7033333333334,25.666666666666668,2.678333333333331,25.666666666666668,8700.969666666666,25.666666666666668,19162.646666666664,25.666666666666668,876.5,146.66666666666666,634.0,146.66666666666666,1389.5,146.66666666666666,26.65,146.66666666666666,23.6,146.66666666666666,29.45,146.66666666666666,,200.0,,200.0,,200.0
130335A,Dee River at Wura,2001-02-01,2000-12-01 to 2001-02-01,107.33333333333333,10.0,0.5973333333333334,9.0,0.39666666666666667,9.0,2.279666666666667,9.0,3.235,9.0,0.0413333333333333,9.0,131.166,9.0,279.505,9.0,3.5446666666666644,9.0,11332.727999999997,9.0,7920.786666666667,9.0,878.6666666666666,130.0,461.6666666666667,130.0,1274.0,130.0,27.133333333333336,130.0,23.866666666666664,130.0,30.266666666666666,130.0,,200.0,,200.0,,200.0
130335A,Dee River at Wura,2001-03-01,2001-01-01 to 2001-03-01,114.66666666666667,10.0,0.593,9.0,0.39433333333333337,9.0,2.055,9.0,2.9753333333333334,9.0,0.02966666666666663,9.0,121.89466666666665,9.0,257.07266666666663,9.0,2.5366666666666644,9.0,10531.670333333332,9.0,7225.389999999999,9.0,972.6666666666666,130.0,535.0,130.0,1366.0,130.0,27.866666666666664,130.0,24.233333333333334,130.0,31.333333333333332,130.0,,200.0,,200.0,,200.0
130335A,Dee River at Wura,2001-04-01,2001-02-01 to 2001-04-01,110.33333333333333,10.0,0.6116666666666667,9.0,0.42566666666666664,9.0,1.9763333333333335,9.0,2.955666666666666,9.0,0.03399999999999997,9.0,121.45800000000001,9.0,255.37633333333335,9.0,2.929333333333331,9.0,10493.956666666667,9.0,7170.72,9.0,994.6666666666666,130.0,576.3333333333334,130.0,1448.6666666666667,130.0,27.13333333333333,130.0,24.266666666666666,130.0,30.433333333333334,130.0,,200.0,,200.0,,200.0
130335A,Dee River at Wura,2001-05-01,2001-03-01 to 2001-05-01,49.333333333333336,10.0,0.505,9.0,0.4466666666666667,9.0,0.6803333333333333,9.0,0.09733333333333333,9.0,0.03366666666666663,9.0,0.8069999999999999,9.0,8.421000000000001,9.0,2.8999999999999972,9.0,69.714,9.0,258.9766666666667,9.0,994.0,130.0,827.0,130.0,1400.3333333333333,130.0,24.633333333333336,130.0,21.666666666666668,130.0,28.333333333333332,130.0,,200.0,,200.0,,200.0
130335A,Dee River at Wura,2001-06-01,2001-04-01 to 2001-06-01,9.0,10.0,0.47000000000000003,9.0,0.4486666666666667,9.0,0.5033333333333333,9.0,0.044333333333333336,9.0,0.0313333333333333,9.0,0.072,9.0,3.8203333333333327,9.0,2.712666666666664,9.0,6.226333333333334,9.0,115.61333333333334,9.0,912.6666666666666,130.0,858.6666666666666,130.0,1037.3333333333333,130.0,21.833333333333332,130.0,19.03333333333333,130.0,25.0,130.0,,200.0,,200.0,,200.0
130335A,Dee River at Wura,2001-07-01,2001-05-01 to 2001-07-01,10.333333333333334,10.0,0.44,9.0,0.43133333333333335,9.0,0.4506666666666666,9.0,0.02766666666666667,9.0,0.0243333333333333,9.0,0.032,9.0,2.3796666666666666,9.0,2.0896666666666643,9.0,2.780666666666667,9.0,73.03666666666668,9.0,841.0,130.0,815.0,130.0,864.6666666666666,130.0,19.099999999999998,130.0,15.966666666666667,130.0,22.566666666666666,130.0,,200.0,,200.0,,200.0
130335A,Dee River at Wura,2001-08-01,2001-06-01 to 2001-08-01,8.333333333333334,10.0,0.4253333333333333,9.0,0.4183333333333333,9.0,0.43533333333333335,9.0,0.022000000000000002,9.0,0.020333333333333297,9.0,0.025333333333333333,9.0,1.9106666666666665,9.0,1.7299999999999975,9.0,2.201,9.0,58.49333333333333,9.0,795.0,130.0,767.6666666666666,130.0,822.0,130.0,18.299999999999997,130.0,15.733333333333334,130.0,20.933333333333334,130.0,,200.0,,200.0,,200.0
130335A,Dee River at Wura,2001-09-01,2001-07-01 to 2001-09-01,12.0,10.0,0.414,9.0,0.40700000000000003,9.0,0.4226666666666666,9.0,0.018333333333333333,9.0,0.017333333333333298,9.0,0.021333333333333333,9.0,1.6166666666666665,9.0,1.4709999999999976,9.0,1.8413333333333333,9.0,49.67666666666667,9.0,752.6666666666666,130.0,733.6666666666666,130.0,775.3333333333334,130.0,19.299999999999997,130.0,16.5,130.0,22.166666666666668,130.0,,200.0,,200.0,,200.0
130335A,Dee River at Wura,2001-10-01,2001-08-01 to 2001-10-01,28.666666666666668,10.0,0.40233333333333327,9.0,0.39333333333333337,9.0,0.428,9.0,0.015333333333333332,9.0,0.013999999999999964,9.0,0.023666666666666666,9.0,1.357,9.0,1.1839999999999977,9.0,2.032666666666667,9.0,41.63,9.0,717.3333333333334,130.0,696.6666666666666,130.0,739.3333333333334,130.0,21.599999999999998,130.0,18.7,130.0,24.3,130.0,,200.0,,200.0,,200.0
130335A,Dee River at Wura,2001-11-01,2001-09-01 to 2001-11-01,43.0,73.33333333333333,0.38999999999999996,25.666666666666668,0.377,25.666666666666668,0.44,25.666666666666668,0.012666666666666666,25.666666666666668,0.010999999999999963,25.666666666666668,0.028666666666666663,25.666666666666668,1.1233333333333333,25.666666666666668,0.9226666666666642,25.666666666666668,2.4646666666666666,25.666666666666668,34.086666666666666,25.666666666666668,704.5,153.33333333333334,681.5,153.33333333333334,724.0,153.33333333333334,23.299999999999997,153.33333333333334,20.099999999999998,153.33333333333334,26.1,153.33333333333334,,200.0,,200.0,,200.0
130335A,Dee River at Wura,2001-12-01,2001-10-01 to 2001-12-01,62.0,136.66666666666666,0.39366666666666666,25.666666666666668,0.36400000000000005,25.666666666666668,1.037,25.666666666666668,0.124,25.666666666666668,0.008999999999999965,25.666666666666668,25.631666666666664,25.666666666666668,10.728,25.666666666666668,0.735333333333331,25.666666666666668,2214.576,25.666666666666668,332.27,25.666666666666668,690.0,176.66666666666666,651.0,176.66666666666666,717.0,176.66666666666666,24.2,176.66666666666666,21.4,176.66666666666666,26.8,176.66666666666666,,200.0,,200.0,,200.0
130335A,Dee River at Wura,2002-01-01,2001-11-01 to 2002-01-01,,200.0,0.4106666666666667,25.666666666666668,0.36566666666666664,25.666666666666668,1.4116666666666668,25.666666666666668,0.19433333333333333,25.666666666666668,0.013333333333333296,25.666666666666668,33.47933333333334,25.666666666666668,16.798000000000002,25.666666666666668,1.1086666666666642,25.666666666666668,2892.6143333333334,25.666666666666668,520.4433333333333,25.666666666666668,,200.0,,200.0,,200.0,,200.0,,200.0,,200.0,,200.0,,200.0,,200.0
130335A,Dee River at Wura,2002-02-01,2001-12-01 to 2002-02-01,32.0,136.66666666666666,0.41333333333333333,9.0,0.371,9.0,1.3920000000000001,9.0,0.19899999999999998,9.0,0.017333333333333298,9.0,33.477666666666664,9.0,17.190333333333335,9.0,1.4543333333333308,9.0,2892.470333333333,9.0,530.8366666666666,9.0,866.0,176.66666666666666,848.0,176.66666666666666,897.0,176.66666666666666,27.9,176.66666666666666,25.9,176.66666666666666,29.8,176.66666666666666,,200.0,,200.0,,200.0
130335A,Dee River at Wura,2002-03-01,2002-01-01 to 2002-03-01,23.5,73.33333333333333,0.39666666666666667,9.0,0.3686666666666667,9.0,0.7879999999999999,9.0,0.08800000000000001,9.0,0.01866666666666663,9.0,7.877333333333333,9.0,7.609999999999999,9.0,1.5856666666666641,9.0,680.5873333333334,9.0,233.84333333333333,9.0,856.5,153.33333333333334,839.0,153.33333333333334,915.5,153.33333333333334,26.849999999999998,153.33333333333334,24.25,153.33333333333334,29.25,153.33333333333334,,200.0,,200.0,,200.0
130335A,Dee River at Wura,2002-04-01,2002-02-01 to 2002-04-01,23.5,73.33333333333333,0.36366666666666664,9.0,0.35366666666666663,9.0,0.3793333333333333,9.0,0.017,9.0,0.01366666666666663,9.0,0.023000000000000003,9.0,1.461,9.0,1.1796666666666644,9.0,1.9746666666666668,9.0,42.913333333333334,9.0,856.5,153.33333333333334,839.0,153.33333333333334,915.5,153.33333333333334,26.849999999999998,153.33333333333334,24.25,153.33333333333334,29.25,153.33333333333334,,200.0,,200.0,,200.0
130335A,Dee River at Wura,2002-05-01,2002-03-01 to 2002-05-01,9.0,73.33333333333333,0.3446666666666667,9.0,0.33499999999999996,9.0,0.35800000000000004,9.0,0.011333333333333334,9.0,0.00866666666666663,9.0,0.015333333333333332,9.0,0.9739999999999999,9.0,0.7686666666666643,9.0,1.3236666666666668,9.0,29.883333333333336,9.0,858.5,153.33333333333334,844.5,153.33333333333334,904.5,153.33333333333334,22.299999999999997,153.33333333333334,18.450000000000003,153.33333333333334,25.35,153.33333333333334,,200.0,,200.0,,200.0
130335A,Dee River at Wura,2002-06-01,2002-04-01 to 2002-06-01,69.0,73.33333333333333,0.39233333333333337,9.0,0.324,9.0,0.7793333333333333,9.0,0.2373333333333333,9.0,0.006333333333333296,9.0,9.422,9.0,20.488666666666667,9.0,0.565333333333331,9.0,814.074,9.0,614.8633333333333,9.0,877.5,153.33333333333334,542.5,153.33333333333334,997.5,153.33333333333334,18.15,153.33333333333334,13.95,153.33333333333334,22.45,153.33333333333334,,200.0,,200.0,,200.0
130335A,Dee River at Wura,2002-07-01,2002-05-01 to 2002-07-01,46.0,10.0,0.3953333333333333,9.0,0.323,9.0,0.786,9.0,0.238,9.0,0.006333333333333296,9.0,9.424000000000001,9.0,20.562333333333335,9.0,0.542333333333331,9.0,814.2449999999999,9.0,617.4533333333334,9.0,927.3333333333334,130.0,696.3333333333334,130.0,1014.6666666666666,130.0,16.9,130.0,13.4,130.0,20.566666666666666,130.0,,200.0,,200.0,,200.0
130335A,Dee River at Wura,2002-08-01,2002-06-01 to 2002-08-01,55.333333333333336,10.0,0.3960000000000001,9.0,0.3233333333333334,9.0,0.7863333333333333,9.0,0.238,9.0,0.006333333333333296,9.0,9.424333333333333,9.0,20.569333333333333,9.0,0.544333333333331,9.0,814.248,9.0,617.67,9.0,988.3333333333334,130.0,750.6666666666666,130.0,1084.6666666666667,130.0,16.233333333333334,130.0,13.266666666666666,130.0,19.5,130.0,,200.0,,200.0,,200.0
130335A,Dee River at Wura,2002-09-01,2002-07-01 to 2002-09-01,13.0,10.0,0.32333333333333336,9.0,0.2943333333333334,9.0,0.3423333333333334,9.0,0.007333333333333333,9.0,0.004666666666666629,9.0,0.011000000000000001,9.0,0.6473333333333333,9.0,0.400333333333331,9.0,0.9446666666666667,9.0,20.003333333333334,9.0,1069.0,130.0,1035.0,130.0,1101.0,130.0,17.2,130.0,14.333333333333334,130.0,19.866666666666667,130.0,,200.0,,200.0,,200.0
130335A,Dee River at Wura,2002-10-01,2002-08-01 to 2002-10-01,14.333333333333334,10.0,0.24700000000000003,9.0,0.18633333333333338,9.0,0.29566666666666674,9.0,0.0030000000000000005,9.0,0.0016666666666666297,9.0,0.005,9.0,0.2683333333333333,9.0,0.1526666666666643,9.0,0.4263333333333333,9.0,8.253333333333334,9.0,1090.0,153.33333333333334,1050.5,153.33333333333334,1127.0,153.33333333333334,18.599999999999998,153.33333333333334,15.350000000000001,153.33333333333334,21.4,153.33333333333334,,200.0,,200.0,,200.0
130335A,Dee River at Wura,2002-11-01,2002-09-01 to 2002-11-01,17.0,10.0,0.20600000000000004,66.0,0.12050000000000005,66.0,0.2735000000000001,66.0,0.0006666666666666666,12.333333333333334,0.0,12.333333333333334,0.0016666666666666668,12.333333333333334,0.06,12.333333333333334,0.0,12.333333333333334,0.15266666666666667,12.333333333333334,1.7966666666666666,12.333333333333334,1127.0,176.66666666666666,1079.0,176.66666666666666,1169.0,176.66666666666666,20.4,176.66666666666666,16.8,176.66666666666666,24.0,176.66666666666666,,200.0,,200.0,,200.0
130335A,Dee River at Wura,2002-12-01,2002-10-01 to 2002-12-01,33.666666666666664,10.0,0.124,123.0,0.012,123.0,0.229,123.0,0.0,15.666666666666666,0.0,15.666666666666666,0.0,15.666666666666666,0.0,15.666666666666666,0.0,15.666666666666666,0.0,15.666666666666666,0.0,15.666666666666666,,200.0,,200.0,,200.0,,200.0,,200.0,,200.0,,200.0,,200.0,,200.0
130335A,Dee River at Wura,2003-01-01,2002-11-01 to 2003-01-01,32.333333333333336,10.0,,180.0,,180.0,,180.0,0.0,19.0,0.0,19.0,0.0,19.0,0.0,19.0,0.0,19.0,0.0,19.0,0.0,19.0,,200.0,,200.0,,200.0,,200.0,,200.0,,200.0,,200.0,,200.0,,200.0
130335A,Dee River at Wura,2003-02-01,2002-12-01 to 2003-02-01,141.0,10.0,,180.0,,180.0,,180.0,11.026666666666666,19.0,0.0,19.0,700.4013333333334,19.0,952.6913333333333,19.0,0.0,19.0,60514.69,19.0,26675.35666666667,19.0,494.0,176.66666666666666,0.0,176.66666666666666,921.0,176.66666666666666,22.2,176.66666666666666,0.0,176.66666666666666,29.4,176.66666666666666,,200.0,,200.0,,200.0
130335A,Dee River at Wura,2003-03-01,2003-01-01 to 2003-03-01,141.66666666666666,10.0,0.632,123.0,0.417,123.0,2.274,123.0,11.652,15.666666666666666,0.019333333333333296,15.666666666666666,720.5056666666668,15.666666666666666,1006.7183333333334,15.666666666666666,1.6826666666666643,15.666666666666666,62251.704333333335,15.666666666666666,28350.193333333333,15.666666666666666,574.5,153.33333333333334,186.5,153.33333333333334,909.0,153.33333333333334,24.799999999999997,153.33333333333334,12.3,153.33333333333334,29.65,153.33333333333334,,200.0,,200.0,,200.0
130335A,Dee River at Wura,2003-04-01,2003-02-01 to 2003-04-01,146.0,10.0,0.518,66.0,0.40650000000000003,66.0,1.3605,66.0,11.667333333333332,12.333333333333334,0.03266666666666663,12.333333333333334,720.5360000000001,12.333333333333334,1008.0459999999999,12.333333333333334,2.820333333333331,12.333333333333334,62254.310666666664,12.333333333333334,28390.020000000004,12.333333333333334,673.6666666666666,130.0,395.3333333333333,130.0,903.6666666666666,130.0,25.366666666666664,130.0,16.133333333333336,130.0,29.433333333333334,130.0,,200.0,,200.0,,200.0
130335A,Dee River at Wura,2003-05-01,2003-03-01 to 2003-05-01,29.666666666666668,10.0,0.48066666666666674,9.0,0.4040000000000001,9.0,1.0443333333333333,9.0,0.6549999999999999,9.0,0.045999999999999965,9.0,20.151333333333334,9.0,56.585,9.0,3.972333333333331,9.0,1741.046333333333,9.0,1752.8033333333333,9.0,800.0,130.0,675.6666666666666,130.0,893.3333333333334,130.0,25.433333333333326,130.0,22.233333333333334,130.0,28.3,130.0,,200.0,,200.0,,200.0
130335A,Dee River at Wura,2003-06-01,2003-04-01 to 2003-06-01,19.666666666666668,10.0,0.40700000000000003,9.0,0.4003333333333334,9.0,0.427,9.0,0.043333333333333335,9.0,0.038999999999999965,9.0,0.063,9.0,3.7466666666666666,9.0,3.3409999999999975,9.0,5.3999999999999995,9.0,113.62666666666667,9.0,856.6666666666666,130.0,815.0,130.0,877.6666666666666,130.0,22.866666666666664,130.0,19.633333333333336,130.0,26.099999999999998,130.0,,200.0,,200.0,,200.0
130335A,Dee River at Wura,2003-07-01,2003-05-01 to 2003-07-01,19.666666666666668,10.0,0.40900000000000003,9.0,0.4040000000000001,9.0,0.4173333333333333,9.0,0.03966666666666666,9.0,0.03566666666666663,9.0,0.046000000000000006,9.0,3.4136666666666664,9.0,3.0773333333333306,9.0,3.9456666666666673,9.0,104.63333333333333,9.0,839.3333333333334,130.0,813.3333333333334,130.0,855.3333333333334,130.0,20.233333333333334,130.0,17.1,130.0,23.2,130.0,,200.0,,200.0,,200.0
130335A,Dee River at Wura,2003-08-01,2003-06-01 to 2003-08-01,31.333333333333332,10.0,0.4093333333333333,9.0,0.40466666666666673,9.0,0.43166666666666664,9.0,0.034333333333333334,9.0,0.02966666666666663,9.0,0.04766666666666667,9.0,2.953333333333333,9.0,2.555666666666664,9.0,4.104,9.0,90.36333333333334,9.0,820.6666666666666,130.0,795.6666666666666,130.0,834.3333333333334,130.0,19.399999999999995,130.0,16.3,130.0,21.900000000000002,130.0,,200.0,,200.0,,200.0
130335A,Dee River at Wura,2003-09-01,2003-07-01 to 2003-09-01,21.333333333333332,10.0,0.4056666666666667,9.0,0.40199999999999997,9.0,0.4256666666666667,9.0,0.02666666666666667,9.0,0.02266666666666663,9.0,0.039,9.0,2.2853333333333334,9.0,1.9649999999999974,9.0,3.366333333333333,9.0,70.32,9.0,822.6666666666666,130.0,804.6666666666666,130.0,830.3333333333334,130.0,20.466666666666665,130.0,17.333333333333332,130.0,22.833333333333332,130.0,,200.0,,200.0,,200.0
130335A,Dee River at Wura,2003-10-01,2003-08-01 to 2003-10-01,55.333333333333336,10.0,0.414,9.0,0.3980000000000001,9.0,0.5396666666666667,9.0,0.031,9.0,0.01766666666666663,9.0,0.22666666666666666,9.0,2.6650000000000005,9.0,1.5229999999999977,9.0,19.566333333333333,9.0,82.08666666666666,9.0,835.3333333333334,130.0,795.0,130.0,986.3333333333334,130.0,22.366666666666664,130.0,19.099999999999998,130.0,26.0,130.0,,200.0,,200.0,,200.0
130335A,Dee River at Wura,2003-11-01,2003-09-01 to 2003-11-01,43.0,10.0,0.422,9.0,0.4013333333333334,9.0,0.5496666666666666,9.0,0.031,9.0,0.016999999999999963,9.0,0.22666666666666668,9.0,2.6766666666666663,9.0,1.4543333333333308,9.0,19.566333333333336,9.0,81.67,9.0,901.6666666666666,130.0,859.6666666666666,130.0,1054.3333333333333,130.0,24.433333333333334,130.0,21.766666666666666,130.0,28.400000000000002,130.0,,200.0,,200.0,,200.0
130335A,Dee River at Wura,2003-12-01,2003-10-01 to 2003-12-01,77.33333333333333,10.0,0.4673333333333334,9.0,0.408,9.0,0.9276666666666668,9.0,0.138,9.0,0.01899999999999996,9.0,4.443,9.0,11.912666666666667,9.0,1.627333333333331,9.0,383.86066666666665,9.0,368.51,9.0,909.0,130.0,711.6666666666666,130.0,1120.0,130.0,25.8,130.0,23.46666666666667,130.0,29.53333333333333,130.0,7.2,176.66666666666666,6.5,176.66666666666666,7.7,176.66666666666666
130335A,Dee River at Wura,2004-01-01,2003-11-01 to 2004-01-01,62.666666666666664,10.0,0.596,9.0,0.43933333333333335,9.0,1.5576666666666668,9.0,1.276,9.0,0.0333333333333333,9.0,32.536,9.0,110.23666666666668,9.0,2.851333333333331,9.0,2811.1103333333335,9.0,3416.556666666667,9.0,785.6666666666666,130.0,502.6666666666667,130.0,980.6666666666666,130.0,27.066666666666666,130.0,25.03333333333333,130.0,29.700000000000003,130.0,7.2,176.66666666666666,6.5,176.66666666666666,7.7,176.66666666666666
130335A,Dee River at Wura,2004-02-01,2003-12-01 to 2004-02-01,84.33333333333333,10.0,0.6793333333333335,9.0,0.474,9.0,1.9713333333333332,9.0,1.5046666666666668,9.0,0.052333333333333294,9.0,38.86566666666666,9.0,129.981,9.0,4.507333333333331,9.0,3357.9936666666667,9.0,3988.3566666666666,9.0,643.3333333333334,130.0,276.0,130.0,1077.0,130.0,27.933333333333334,130.0,26.0,130.0,30.2,130.0,7.2,176.66666666666666,6.5,176.66666666666666,7.7,176.66666666666666
130335A,Dee River at Wura,2004-03-01,2004-01-01 to 2004-03-01,50.0,10.0,0.68,9.0,0.5016666666666666,9.0,1.6986666666666663,9.0,1.4270000000000003,9.0,0.0673333333333333,9.0,34.78666666666667,9.0,123.28633333333335,9.0,5.788999999999998,9.0,3005.568333333333,9.0,3780.8233333333337,9.0,611.0,130.0,365.6666666666667,130.0,1021.3333333333334,130.0,27.799999999999997,130.0,25.733333333333334,130.0,30.099999999999998,130.0,,200.0,,200.0,,200.0
130335A,Dee River at Wura,2004-04-01,2004-02-01 to 2004-04-01,31.0,10.0,0.5720000000000001,9.0,0.5016666666666667,9.0,0.9833333333333334,9.0,0.294,9.0,0.0673333333333333,9.0,6.515666666666667,9.0,25.404,9.0,5.788999999999998,9.0,562.9393333333334,9.0,744.66,9.0,693.0,130.0,546.0,130.0,984.0,130.0,26.46666666666667,130.0,24.599999999999998,130.0,28.533333333333335,130.0,,200.0,,200.0,,200.0
130335A,Dee River at Wura,2004-05-01,2004-03-01 to 2004-05-01,4.666666666666667,10.0,0.5053333333333333,9.0,0.4856666666666667,9.0,0.572,9.0,0.07366666666666667,9.0,0.0563333333333333,9.0,0.18766666666666665,9.0,6.3790000000000004,9.0,4.838666666666665,9.0,16.185666666666666,9.0,195.9333333333333,9.0,725.3333333333334,130.0,670.6666666666666,130.0,776.6666666666666,130.0,23.7,130.0,21.633333333333336,130.0,25.900000000000002,130.0,,200.0,,200.0,,200.0
130335A,Dee River at Wura,2004-06-01,2004-04-01 to 2004-06-01,5.0,10.0,0.47933333333333333,9.0,0.46900000000000003,9.0,0.48866666666666664,9.0,0.051666666666666666,9.0,0.04566666666666663,9.0,0.05833333333333333,9.0,4.467,9.0,3.9313333333333307,9.0,5.0040000000000004,9.0,135.51,9.0,695.6666666666666,130.0,676.0,130.0,714.3333333333334,130.0,20.599999999999998,130.0,18.5,130.0,22.7,130.0,,200.0,,200.0,,200.0
130335A,Dee River at Wura,2004-07-01,2004-05-01 to 2004-07-01,0.3333333333333333,10.0,0.45966666666666667,9.0,0.4483333333333333,9.0,0.4713333333333333,9.0,0.04033333333333333,9.0,0.03466666666666663,9.0,0.04733333333333333,9.0,3.499333333333334,9.0,2.995333333333331,9.0,4.053666666666667,9.0,107.32333333333334,9.0,671.3333333333334,130.0,658.0,130.0,696.0,130.0,17.966666666666665,130.0,15.533333333333333,130.0,20.26666666666667,130.0,,200.0,,200.0,,200.0
130335A,Dee River at Wura,2004-08-01,2004-06-01 to 2004-08-01,4.666666666666667,10.0,0.43733333333333335,9.0,0.425,9.0,0.44966666666666666,9.0,0.030000000000000002,9.0,0.0253333333333333,9.0,0.035666666666666666,9.0,2.5966666666666667,9.0,2.174333333333331,9.0,3.06,9.0,79.34,9.0,659.3333333333334,130.0,644.3333333333334,130.0,689.0,130.0,16.73333333333333,130.0,14.4,130.0,19.26666666666667,130.0,,200.0,,200.0,,200.0
130335A,Dee River at Wura,2004-09-01,2004-07-01 to 2004-09-01,7.0,10.0,0.4166666666666667,9.0,0.40399999999999997,9.0,0.43333333333333335,9.0,0.022000000000000002,9.0,0.018333333333333295,9.0,0.027999999999999997,9.0,1.9043333333333334,9.0,1.5549999999999977,9.0,2.404666666666667,9.0,58.56666666666666,9.0,653.6666666666666,130.0,639.3333333333334,130.0,686.6666666666666,130.0,17.466666666666665,130.0,15.199999999999998,130.0,20.233333333333334,130.0,,200.0,,200.0,,200.0
130335A,Dee River at Wura,2004-10-01,2004-08-01 to 2004-10-01,34.0,10.0,0.401,9.0,0.387,9.0,0.43566666666666665,9.0,0.017,9.0,0.01366666666666663,9.0,0.029333333333333333,9.0,1.466,9.0,1.1373333333333309,9.0,2.52,9.0,44.98,9.0,649.6666666666666,130.0,636.0,130.0,683.6666666666666,130.0,19.666666666666668,130.0,17.233333333333334,130.0,22.933333333333334,130.0,7.0,176.66666666666666,6.9,176.66666666666666,7.2,176.66666666666666
130335A,Dee River at Wura,2004-11-01,2004-09-01 to 2004-11-01,43.0,10.0,0.38833333333333336,9.0,0.37399999999999994,9.0,0.42333333333333334,9.0,0.013666666666666667,9.0,0.01066666666666663,9.0,0.02566666666666667,9.0,1.1746666666666667,9.0,0.8926666666666643,9.0,2.2033333333333336,9.0,35.64666666666667,9.0,648.0,130.0,632.3333333333334,130.0,685.6666666666666,130.0,22.366666666666664,130.0,19.900000000000002,130.0,25.599999999999998,130.0,7.05,153.33333333333334,6.9,153.33333333333334,7.25,153.33333333333334
130335A,Dee River at Wura,2004-12-01,2004-10-01 to 2004-12-01,95.0,10.0,0.44,9.0,0.36200000000000004,9.0,1.703,9.0,0.7813333333333333,9.0,0.008333333333333297,9.0,114.69966666666666,9.0,67.503,9.0,0.6913333333333309,9.0,9910.022666666666,9.0,2092.2833333333333,9.0,696.3333333333334,130.0,450.6666666666667,130.0,830.6666666666666,130.0,24.433333333333334,130.0,21.566666666666663,130.0,27.23333333333333,130.0,7.0,130.0,6.433333333333334,130.0,7.233333333333333,130.0
130335A,Dee River at Wura,2005-01-01,2004-11-01 to 2005-01-01,127.33333333333333,10.0,0.5676666666666667,9.0,0.3956666666666666,9.0,2.7406666666666673,9.0,2.873666666666667,9.0,0.03866666666666663,9.0,187.62699999999998,9.0,248.28166666666667,9.0,3.3266666666666644,9.0,16210.958666666667,9.0,7696.426666666667,9.0,770.3333333333334,130.0,265.3333333333333,130.0,995.0,130.0,25.766666666666666,130.0,22.5,130.0,28.633333333333336,130.0,6.833333333333333,130.0,5.5,130.0,7.266666666666667,130.0
130335A,Dee River at Wura,2005-02-01,2004-12-01 to 2005-02-01,129.33333333333334,10.0,0.6486666666666667,9.0,0.455,9.0,2.904666666666667,9.0,3.0353333333333334,9.0,0.10266666666666663,9.0,188.29099999999997,9.0,262.26533333333333,9.0,8.85633333333333,9.0,16268.328000000001,9.0,8087.3533333333335,9.0,834.0,130.0,252.33333333333334,130.0,1120.0,130.0,27.0,130.0,23.833333333333332,130.0,29.96666666666667,130.0,6.7,130.0,4.866666666666666,130.0,7.233333333333333,130.0
130335A,Dee River at Wura,2005-03-01,2005-01-01 to 2005-03-01,78.66666666666667,10.0,0.6436666666666667,9.0,0.5153333333333333,9.0,1.6663333333333334,9.0,2.33,9.0,0.16466666666666663,9.0,73.68233333333333,9.0,201.31833333333336,9.0,14.227333333333329,9.0,6366.139,9.0,6198.0,9.0,827.0,130.0,462.6666666666667,130.0,1024.3333333333333,130.0,27.23333333333333,130.0,24.7,130.0,30.266666666666666,130.0,6.766666666666667,130.0,5.333333333333333,130.0,7.266666666666667,130.0
130335A,Dee River at Wura,2005-04-01,2005-02-01 to 2005-04-01,28.333333333333332,10.0,0.5650000000000001,9.0,0.534,9.0,0.665,9.0,0.3006666666666667,9.0,0.19499999999999998,9.0,0.8323333333333333,9.0,25.972333333333335,9.0,16.847999999999995,9.0,71.88466666666666,9.0,756.4266666666667,9.0,776.0,130.0,669.3333333333334,130.0,870.0,130.0,26.366666666666664,130.0,24.566666666666663,130.0,28.7,130.0,6.966666666666666,130.0,6.3,130.0,7.266666666666667,130.0
130335A,Dee River at Wura,2005-05-01,2005-03-01 to 2005-05-01,21.333333333333332,10.0,0.5376666666666666,9.0,0.5326666666666667,9.0,0.5576666666666666,9.0,0.20200000000000004,9.0,0.19233333333333333,9.0,0.24766666666666667,9.0,17.434,9.0,16.602999999999998,9.0,21.355333333333334,9.0,534.61,9.0,728.0,130.0,700.6666666666666,130.0,754.0,130.0,23.666666666666668,130.0,21.366666666666664,130.0,25.8,130.0,7.2,130.0,7.0,130.0,7.433333333333334,130.0
130335A,Dee River at Wura,2005-06-01,2005-04-01 to 2005-06-01,35.0,10.0,0.5346666666666667,9.0,0.529,9.0,0.5663333333333332,9.0,0.19600000000000004,9.0,0.18499999999999997,9.0,0.26766666666666666,9.0,16.927666666666664,9.0,15.969333333333331,9.0,23.098,9.0,513.5833333333334,9.0,689.0,130.0,645.0,130.0,708.3333333333334,130.0,21.266666666666662,130.0,18.599999999999998,130.0,23.366666666666664,130.0,7.333333333333333,130.0,7.0,130.0,7.566666666666666,130.0
130335A,Dee River at Wura,2005-07-01,2005-05-01 to 2005-07-01,26.666666666666668,10.0,0.529,9.0,0.5193333333333333,9.0,0.5593333333333333,9.0,0.18466666666666667,9.0,0.16766666666666663,9.0,0.251,9.0,15.955999999999998,9.0,14.457333333333331,9.0,21.658,9.0,489.3066666666667,9.0,667.6666666666666,130.0,601.6666666666666,130.0,693.6666666666666,130.0,19.166666666666664,130.0,16.366666666666664,130.0,21.566666666666663,130.0,7.333333333333333,130.0,6.966666666666666,130.0,7.566666666666666,130.0
130335A,Dee River at Wura,2005-08-01,2005-06-01 to 2005-08-01,33.0,10.0,0.5156666666666667,9.0,0.5016666666666666,9.0,0.5499999999999999,9.0,0.16166666666666665,9.0,0.13899999999999996,9.0,0.2306666666666667,9.0,13.970666666666666,9.0,11.994999999999997,9.0,19.901,9.0,427.76,9.0,667.0,130.0,598.6666666666666,130.0,689.6666666666666,130.0,18.549999999999997,137.0,16.1,137.0,20.749999999999996,137.0,7.233333333333333,130.0,6.933333333333334,130.0,7.3999999999999995,130.0
130335A,Dee River at Wura,2005-09-01,2005-07-01 to 2005-09-01,19.0,10.0,0.49433333333333335,9.0,0.47700000000000004,9.0,0.5193333333333334,9.0,0.12933333333333333,9.0,0.10533333333333329,9.0,0.17266666666666666,9.0,11.182666666666668,9.0,9.071999999999997,9.0,14.889666666666669,9.0,344.11999999999995,9.0,679.6666666666666,130.0,640.0,130.0,695.3333333333334,130.0,17.9,144.0,15.7,144.0,20.5,144.0,7.1,130.0,6.966666666666666,130.0,7.233333333333334,130.0
130335A,Dee River at Wura,2005-10-01,2005-08-01 to 2005-10-01,45.333333333333336,10.0,0.4693333333333333,9.0,0.45133333333333336,9.0,0.4956666666666667,9.0,0.09566666666666668,9.0,0.0753333333333333,9.0,0.13233333333333333,9.0,8.258666666666668,9.0,6.479999999999997,9.0,11.418999999999999,9.0,253.47333333333333,9.0,695.3333333333334,130.0,680.3333333333334,130.0,719.3333333333334,130.0,,151.0,,151.0,,151.0,7.066666666666666,130.0,6.933333333333334,130.0,7.2,130.0
130335A,Dee River at Wura,2005-11-01,2005-09-01 to 2005-11-01,47.0,10.0,0.4443333333333333,9.0,0.42700000000000005,9.0,0.465,9.0,0.06766666666666667,9.0,0.052333333333333294,9.0,0.08933333333333333,9.0,5.841,9.0,4.478333333333331,9.0,7.718333333333334,9.0,177.1833333333333,9.0,702.6666666666666,130.0,687.3333333333334,130.0,729.6666666666666,130.0,,151.0,,151.0,,151.0,7.033333333333332,90.0,6.8999999999999995,90.0,7.166666666666667,90.0
130335A,Dee River at Wura,2005-12-01,2005-10-01 to 2005-12-01,50.666666666666664,10.0,0.4123333333333333,9.0,0.37833333333333335,9.0,0.44399999999999995,9.0,0.045000000000000005,9.0,0.02966666666666663,9.0,0.06833333333333334,9.0,3.871,9.0,2.529999999999998,9.0,5.904,9.0,118.65666666666668,9.0,708.0,130.0,692.6666666666666,130.0,735.6666666666666,130.0,,151.0,,151.0,,151.0,7.066666666666667,50.0,6.866666666666667,50.0,7.266666666666667,50.0
130335A,Dee River at Wura,2006-01-01,2005-11-01 to 2006-01-01,47.333333333333336,10.0,0.359,9.333333333333334,0.3153333333333333,9.333333333333334,0.391,9.333333333333334,0.02266666666666667,9.333333333333334,0.01266666666666663,9.333333333333334,0.036,9.333333333333334,1.9513333333333334,9.333333333333334,1.0756666666666643,9.333333333333334,3.096,9.333333333333334,59.150000000000006,9.333333333333334,718.6666666666666,130.0,689.3333333333334,130.0,742.6666666666666,130.0,,151.0,,151.0,,151.0,7.2,10.0,6.966666666666666,10.0,7.466666666666666,10.0
130335A,Dee River at Wura,2006-02-01,2005-12-01 to 2006-02-01,31.333333333333332,10.0,0.265,9.666666666666666,0.19899999999999998,9.666666666666666,0.3236666666666667,9.666666666666666,0.007,9.666666666666666,0.0006666666666666297,9.666666666666666,0.015333333333333332,9.666666666666666,0.602,9.666666666666666,0.053333333333330964,9.666666666666666,1.3103333333333333,9.666666666666666,18.666666666666668,9.666666666666666,734.3333333333334,136.66666666666666,708.3333333333334,136.66666666666666,760.0,136.66666666666666,28.4,150.66666666666666,25.5,150.66666666666666,32.2,150.66666666666666,7.2,56.666666666666664,6.933333333333334,56.666666666666664,7.566666666666666,56.666666666666664
130335A,Dee River at Wura,2006-03-01,2006-01-01 to 2006-03-01,33.0,10.0,0.15033333333333335,10.0,0.08433333333333333,10.0,0.213,10.0,0.0003333333333333333,10.0,0.0,10.0,0.0013333333333333333,10.0,0.027333333333333334,10.0,0.0,10.0,0.10066666666666667,10.0,0.85,10.0,746.0,160.0,711.0,160.0,780.0,160.0,28.4,167.0,25.5,167.0,32.2,167.0,7.2,120.0,6.949999999999999,120.0,7.6,120.0
130335A,Dee River at Wura,2006-04-01,2006-02-01 to 2006-04-01,15.666666666666666,10.0,0.03233333333333333,10.0,-0.03733333333333333,10.0,0.09899999999999999,10.0,0.0,10.0,0.0,10.0,0.0,10.0,0.0,10.0,0.0,10.0,0.0,10.0,0.0,10.0,759.0,183.33333333333334,748.0,183.33333333333334,781.0,183.33333333333334,28.4,183.33333333333334,25.5,183.33333333333334,32.2,183.33333333333334,7.0,183.33333333333334,6.8,183.33333333333334,7.4,183.33333333333334
130335A,Dee River at Wura,2006-05-01,2006-03-01 to 2006-05-01,17.0,10.0,-0.05866666666666667,11.666666666666666,-0.10066666666666667,11.666666666666666,-0.02266666666666667,11.666666666666666,0.0,11.666666666666666,0.0,11.666666666666666,0.0,11.666666666666666,0.0,11.666666666666666,0.0,11.666666666666666,0.0,11.666666666666666,0.0,11.666666666666666,,200.0,,200.0,,200.0,,200.0,,200.0,,200.0,,200.0,,200.0,,200.0
130335A,Dee River at Wura,2006-06-01,2006-04-01 to 2006-06-01,42.666666666666664,10.0,-0.09600000000000002,13.333333333333334,-0.131,13.333333333333334,-0.05233333333333334,13.333333333333334,0.0,13.333333333333334,0.0,13.333333333333334,0.0,13.333333333333334,0.0,13.333333333333334,0.0,13.333333333333334,0.0,13.333333333333334,0.0,13.333333333333334,,200.0,,200.0,,200.0,,200.0,,200.0,,200.0,,200.0,,200.0,,200.0
130335A,Dee River at Wura,2006-07-01,2006-05-01 to 2006-07-01,45.333333333333336,10.0,-0.058666666666666666,13.333333333333334,-0.09033333333333333,13.333333333333334,-0.018333333333333337,13.333333333333334,0.0,13.333333333333334,0.0,13.333333333333334,0.0,13.333333333333334,0.0,13.333333333333334,0.0,13.333333333333334,0.0,13.333333333333334,0.0,13.333333333333334,,200.0,,200.0,,200.0,,200.0,,200.0,,200.0,,200.0,,200.0,,200.0
130335A,Dee River at Wura,2006-08-01,2006-06-01 to 2006-08-01,49.333333333333336,10.0,-0.017666666666666667,11.666666666666666,-0.07533333333333334,11.666666666666666,0.04633333333333334,11.666666666666666,0.0,11.666666666666666,0.0,11.666666666666666,0.0,11.666666666666666,0.0,11.666666666666666,0.0,11.666666666666666,0.0,11.666666666666666,0.0,11.666666666666666,,200.0,,200.0,,200.0,,200.0,,200.0,,200.0,,200.0,,200.0,,200.0
130335A,Dee River at Wura,2006-09-01,2006-07-01 to 2006-09-01,17.666666666666668,10.0,-0.026333333333333337,11.666666666666666,-0.07533333333333334,11.666666666666666,0.03133333333333333,11.666666666666666,0.0,11.666666666666666,0.0,11.666666666666666,0.0,11.666666666666666,0.0,11.666666666666666,0.0,11.666666666666666,0.0,11.666666666666666,0.0,11.666666666666666,,200.0,,200.0,,200.0,,200.0,,200.0,,200.0,,200.0,,200.0,,200.0
130335A,Dee River at Wura,2006-10-01,2006-08-01 to 2006-10-01,10.0,10.0,-0.08533333333333333,13.333333333333334,-0.118,13.333333333333334,-0.03866666666666667,13.333333333333334,0.0,13.333333333333334,0.0,13.333333333333334,0.0,13.333333333333334,0.0,13.333333333333334,0.0,13.333333333333334,0.0,13.333333333333334,0.0,13.333333333333334,,200.0,,200.0,,200.0,,200.0,,200.0,,200.0,,200.0,,200.0,,200.0
130335A,Dee River at Wura,2006-11-01,2006-09-01 to 2006-11-01,19.666666666666668,10.0,-0.12633333333333333,15.0,-0.133,15.0,-0.10533333333333333,15.0,0.0,15.0,0.0,15.0,0.0,15.0,0.0,15.0,0.0,15.0,0.0,15.0,0.0,15.0,,200.0,,200.0,,200.0,,200.0,,200.0,,200.0,,200.0,,200.0,,200.0
130335A,Dee River at Wura,2006-12-01,2006-10-01 to 2006-12-01,29.0,10.0,-0.133,15.0,-0.133,15.0,-0.133,15.0,0.0,15.0,0.0,15.0,0.0,15.0,0.0,15.0,0.0,15.0,0.0,15.0,0.0,15.0,,200.0,,200.0,,200.0,,200.0,,200.0,,200.0,,200.0,,200.0,,200.0
130335A,Dee River at Wura,2007-01-01,2006-11-01 to 2007-01-01,32.666666666666664,10.0,-0.133,15.0,-0.133,15.0,-0.133,15.0,0.0,15.0,0.0,15.0,0.0,15.0,0.0,15.0,0.0,15.0,0.0,15.0,0.0,15.0,,200.0,,200.0,,200.0,,200.0,,200.0,,200.0,,200.0,,200.0,,200.0
130335A,Dee River at Wura,2007-02-01,2006-12-01 to 2007-02-01,40.333333333333336,10.0,-0.133,15.0,-0.133,15.0,-0.133,15.0,0.0,15.0,0.0,15.0,0.0,15.0,0.0,15.0,0.0,15.0,0.0,15.0,0.0,15.0,,200.0,,200.0,,200.0,,200.0,,200.0,,200.0,,200.0,,200.0,,200.0
130335A,Dee River at Wura,2007-03-01,2007-01-01 to 2007-03-01,33.0,10.0,-0.133,15.0,-0.133,15.0,-0.133,15.0,0.0,15.0,0.0,15.0,0.0,15.0,0.0,15.0,0.0,15.0,0.0,15.0,0.0,15.0,,200.0,,200.0,,200.0,,200.0,,200.0,,200.0,,200.0,,200.0,,200.0
130335A,Dee River at Wura,2007-04-01,2007-02-01 to 2007-04-01,31.0,10.0,-0.133,15.0,-0.133,15.0,-0.133,15.0,0.0,15.0,0.0,15.0,0.0,15.0,0.0,15.0,0.0,15.0,0.0,15.0,0.0,15.0,,200.0,,200.0,,200.0,,200.0,,200.0,,200.0,,200.0,,200.0,,200.0
130335A,Dee River at Wura,2007-05-01,2007-03-01 to 2007-05-01,14.0,10.0,-0.133,15.0,-0.133,15.0,-0.133,15.0,0.0,15.0,0.0,15.0,0.0,15.0,0.0,15.0,0.0,15.0,0.0,15.0,0.0,15.0,,200.0,,200.0,,200.0,,200.0,,200.0,,200.0,,200.0,,200.0,,200.0
130335A,Dee River at Wura,2007-06-01,2007-04-01 to 2007-06-01,58.666666666666664,10.0,-0.133,15.0,-0.133,15.0,-0.133,15.0,0.0,15.0,0.0,15.0,0.0,15.0,0.0,15.0,0.0,15.0,0.0,15.0,0.0,15.0,,200.0,,200.0,,200.0,,200.0,,200.0,,200.0,,200.0,,200.0,,200.0
130335A,Dee River at Wura,2007-07-01,2007-05-01 to 2007-07-01,55.666666666666664,10.0,-0.133,15.0,-0.133,15.0,-0.133,15.0,0.0,15.0,0.0,15.0,0.0,15.0,0.0,15.0,0.0,15.0,0.0,15.0,0.0,15.0,,200.0,,200.0,,200.0,,200.0,,200.0,,200.0,,200.0,,200.0,,200.0
130335A,Dee River at Wura,2007-08-01,2007-06-01 to 2007-08-01,57.666666666666664,10.0,-0.133,15.0,-0.133,15.0,-0.133,15.0,0.0,15.0,0.0,15.0,0.0,15.0,0.0,15.0,0.0,15.0,0.0,15.0,0.0,15.0,,200.0,,200.0,,200.0,,200.0,,200.0,,200.0,,200.0,,200.0,,200.0
130335A,Dee River at Wura,2007-09-01,2007-07-01 to 2007-09-01,12.333333333333334,10.0,-0.133,15.0,-0.133,15.0,-0.133,15.0,0.0,15.0,0.0,15.0,0.0,15.0,0.0,15.0,0.0,15.0,0.0,15.0,0.0,15.0,,200.0,,200.0,,200.0,,200.0,,200.0,,200.0,,200.0,,200.0,,200.0
130335A,Dee River at Wura,2007-10-01,2007-08-01 to 2007-10-01,25.333333333333332,10.0,-0.133,15.0,-0.133,15.0,-0.133,15.0,0.0,15.0,0.0,15.0,0.0,15.0,0.0,15.0,0.0,15.0,0.0,15.0,0.0,15.0,,200.0,,200.0,,200.0,,200.0,,200.0,,200.0,,200.0,,200.0,,200.0
130335A,Dee River at Wura,2007-11-01,2007-09-01 to 2007-11-01,32.666666666666664,10.0,-0.133,15.0,-0.133,15.0,-0.133,15.0,0.0,15.0,0.0,15.0,0.0,15.0,0.0,15.0,0.0,15.0,0.0,15.0,0.0,15.0,,200.0,,200.0,,200.0,,200.0,,200.0,,200.0,,200.0,,200.0,,200.0
130335A,Dee River at Wura,2007-12-01,2007-10-01 to 2007-12-01,44.0,10.0,-0.133,15.0,-0.133,15.0,-0.133,15.0,0.0,15.0,0.0,15.0,0.0,15.0,0.0,15.0,0.0,15.0,0.0,15.0,0.0,15.0,,200.0,,200.0,,200.0,,200.0,,200.0,,200.0,,200.0,,200.0,,200.0
130335A,Dee River at Wura,2008-01-01,2007-11-01 to 2008-01-01,58.666666666666664,10.0,-0.0006666666666666673,15.0,-0.133,15.0,0.665,15.0,0.5693333333333334,15.0,0.0,15.0,19.743333333333332,15.0,49.18933333333334,15.0,0.0,15.0,1705.8096666666668,15.0,1524.87,15.0,,200.0,,200.0,,200.0,,200.0,,200.0,,200.0,,200.0,,200.0,,200.0
130335A,Dee River at Wura,2008-02-01,2007-12-01 to 2008-02-01,134.33333333333334,10.0,0.427,13.333333333333334,0.05433333333333331,13.333333333333334,2.980333333333333,13.333333333333334,7.534333333333333,20.0,0.01766666666666663,20.0,330.31333333333333,20.0,650.9596666666666,20.0,1.5119999999999976,20.0,28539.043333333335,20.0,18976.213333333333,20.0,427.0,183.33333333333334,127.0,183.33333333333334,940.0,183.33333333333334,26.5,183.33333333333334,22.6,183.33333333333334,30.9,183.33333333333334,,186.66666666666666,,186.66666666666666,,186.66666666666666
130335A,Dee River at Wura,2008-03-01,2008-01-01 to 2008-03-01,133.0,10.0,0.6233333333333333,15.0,0.23399999999999999,15.0,3.2179999999999995,15.0,7.567666666666667,25.0,0.03166666666666663,25.0,330.42133333333334,25.0,653.8493333333333,25.0,2.721666666666664,25.0,28548.36,25.0,19065.79,25.0,520.5,166.66666666666666,287.0,166.66666666666666,834.5,166.66666666666666,25.949999999999996,166.66666666666666,22.35,166.66666666666666,29.45,166.66666666666666,6.9,123.33333333333333,6.7,123.33333333333333,7.3,123.33333333333333
130335A,Dee River at Wura,2008-04-01,2008-02-01 to 2008-04-01,106.0,10.0,0.672,16.666666666666668,0.412,16.666666666666668,2.608333333333333,16.666666666666668,7.011,30.0,0.04199999999999996,30.0,310.6983333333333,30.0,605.7603333333333,30.0,3.5999999999999974,30.0,26844.307,30.0,17573.93333333333,30.0,585.0,103.33333333333333,396.3333333333333,103.33333333333333,802.0,103.33333333333333,24.73333333333333,103.33333333333333,21.133333333333333,103.33333333333333,27.8,103.33333333333333,6.9,60.0,6.7,60.0,7.199999999999999,60.0
130335A,Dee River at Wura,2008-05-01,2008-03-01 to 2008-05-01,23.333333333333332,10.0,0.4246666666666667,20.0,0.40166666666666667,20.0,0.476,20.0,0.055,30.0,0.0313333333333333,30.0,0.14066666666666666,30.0,4.756333333333333,30.0,2.692666666666664,30.0,12.124666666666664,30.0,146.34666666666666,30.0,675.3333333333334,56.666666666666664,574.0,56.666666666666664,729.3333333333334,56.666666666666664,22.299999999999997,56.666666666666664,19.133333333333333,56.666666666666664,24.53333333333333,56.666666666666664,6.966666666666666,10.0,6.766666666666667,10.0,7.233333333333333,10.0
130335A,Dee River at Wura,2008-06-01,2008-04-01 to 2008-06-01,10.666666666666666,10.0,0.4106666666666667,20.0,0.3993333333333333,20.0,0.424,20.0,0.028666666666666663,30.0,0.0223333333333333,30.0,0.041,30.0,2.4643333333333333,30.0,1.9149999999999976,30.0,3.528,30.0,74.7,30.0,692.0,10.0,641.6666666666666,10.0,714.6666666666666,10.0,20.13333333333333,10.0,17.03333333333333,10.0,22.53333333333333,10.0,7.033333333333334,13.333333333333334,6.833333333333333,13.333333333333334,7.333333333333333,13.333333333333334
130335A,Dee River at Wura,2008-07-01,2008-05-01 to 2008-07-01,40.0,10.0,0.4123333333333333,16.666666666666668,0.397,16.666666666666668,0.4336666666666667,16.666666666666668,0.023000000000000003,30.0,0.016666666666666632,30.0,0.037333333333333336,30.0,1.9720000000000002,30.0,1.425333333333331,30.0,3.2113333333333336,30.0,60.53,30.0,669.6666666666666,10.0,641.6666666666666,10.0,687.3333333333334,10.0,18.566666666666666,10.0,15.733333333333333,10.0,21.033333333333335,10.0,7.1,16.666666666666668,6.9,16.666666666666668,7.433333333333334,16.666666666666668
130335A,Dee River at Wura,2008-08-01,2008-06-01 to 2008-08-01,33.0,10.0,0.4163333333333334,13.333333333333334,0.39966666666666667,13.333333333333334,0.4383333333333333,13.333333333333334,0.021333333333333333,30.0,0.015333333333333296,30.0,0.034333333333333334,30.0,1.8496666666666666,30.0,1.310333333333331,30.0,2.952,30.0,56.74,30.0,654.0,10.0,636.6666666666666,10.0,665.6666666666666,10.0,17.799999999999997,10.0,14.933333333333332,10.0,21.066666666666666,10.0,7.133333333333333,20.0,6.9,20.0,7.466666666666666,20.0
130335A,Dee River at Wura,2008-09-01,2008-07-01 to 2008-09-01,38.666666666666664,10.0,0.41733333333333333,10.0,0.4033333333333333,10.0,0.442,10.0,0.021333333333333333,30.0,0.016333333333333297,30.0,0.036333333333333336,30.0,1.8636666666666664,30.0,1.396666666666664,30.0,3.110333333333333,30.0,57.156666666666666,30.0,653.3333333333334,10.0,636.0,10.0,660.6666666666666,10.0,18.666666666666668,10.0,16.03333333333333,10.0,21.733333333333334,10.0,7.1499999999999995,66.66666666666667,6.9,66.66666666666667,7.4,66.66666666666667
130335A,Dee River at Wura,2008-10-01,2008-08-01 to 2008-10-01,20.333333333333332,10.0,0.41999999999999993,10.0,0.4093333333333333,10.0,0.43166666666666664,10.0,0.022333333333333334,30.0,0.017999999999999964,30.0,0.028999999999999998,30.0,1.9593333333333334,30.0,1.555333333333331,30.0,2.462333333333333,30.0,60.126666666666665,30.0,655.0,10.0,643.3333333333334,10.0,664.0,10.0,20.599999999999998,10.0,17.96666666666667,10.0,23.8,10.0,7.2,113.33333333333333,6.9,113.33333333333333,7.4,113.33333333333333
130335A,Dee River at Wura,2008-11-01,2008-09-01 to 2008-11-01,41.0,10.0,0.418,10.0,0.40499999999999997,10.0,0.43500000000000005,10.0,0.021666666666666667,30.0,0.016999999999999963,30.0,0.031,30.0,1.9013333333333335,30.0,1.4543333333333308,30.0,2.6496666666666666,30.0,57.74333333333333,30.0,653.3333333333334,10.0,629.3333333333334,10.0,662.6666666666666,10.0,23.899999999999995,10.0,21.099999999999998,10.0,26.466666666666665,10.0,,160.0,,160.0,,160.0
130335A,Dee River at Wura,2008-12-01,2008-10-01 to 2008-12-01,59.666666666666664,10.0,0.43766666666666665,10.0,0.4023333333333334,10.0,0.6549999999999999,10.0,0.06233333333333333,30.0,0.016333333333333297,30.0,1.3456666666666666,30.0,5.413333333333334,30.0,1.382333333333331,30.0,116.23700000000001,30.0,167.23,30.0,733.0,10.0,598.6666666666666,10.0,1320.6666666666667,10.0,26.066666666666663,10.0,23.0,10.0,28.899999999999995,10.0,,160.0,,160.0,,160.0
130335A,Dee River at Wura,2009-01-01,2008-11-01 to 2009-01-01,68.0,10.0,0.5043333333333333,10.0,0.4146666666666667,10.0,1.6193333333333333,10.0,0.3833333333333333,30.0,0.011333333333333298,30.0,35.669666666666664,30.0,33.12866666666667,30.0,0.9356666666666641,30.0,3081.845,30.0,1026.41,30.0,712.3333333333334,10.0,429.3333333333333,10.0,1384.3333333333333,10.0,27.366666666666664,10.0,24.233333333333334,10.0,30.46666666666667,10.0,7.1,110.0,6.9,110.0,7.4,110.0
130335A,Dee River at Wura,2009-02-01,2008-12-01 to 2009-02-01,91.33333333333333,10.0,0.6350000000000001,10.0,0.455,10.0,2.3379999999999996,10.0,1.2723333333333333,30.0,0.008333333333333299,30.0,54.072,30.0,109.93333333333334,30.0,0.6909999999999976,30.0,4671.792,30.0,3175.7666666666664,30.0,710.0,10.0,384.6666666666667,10.0,1947.6666666666667,10.0,27.53333333333333,10.0,24.866666666666664,10.0,30.433333333333334,10.0,6.9,60.0,5.6,60.0,7.300000000000001,60.0
130335A,Dee River at Wura,2009-03-01,2009-01-01 to 2009-03-01,71.66666666666667,10.0,0.661,10.0,0.5013333333333333,10.0,2.1693333333333333,10.0,1.2313333333333334,30.0,0.0076666666666666316,30.0,52.76266666666667,30.0,106.39766666666668,30.0,0.633333333333331,30.0,4558.665666666667,30.0,3066.1633333333334,30.0,633.3333333333334,10.0,399.6666666666667,10.0,1300.3333333333333,10.0,26.733333333333334,10.0,24.46666666666667,10.0,29.066666666666666,10.0,6.933333333333334,10.0,6.0,10.0,7.266666666666667,10.0
130335A,Dee River at Wura,2009-04-01,2009-02-01 to 2009-04-01,61.0,10.0,0.6350000000000001,10.0,0.531,10.0,1.2476666666666667,10.0,0.9073333333333333,30.0,0.010666666666666632,30.0,18.437,30.0,78.41866666666667,30.0,0.8926666666666643,30.0,1592.9136666666664,30.0,2198.3666666666663,30.0,662.0,10.0,570.6666666666666,10.0,1248.3333333333333,10.0,25.433333333333334,10.0,22.900000000000002,10.0,27.333333333333332,10.0,6.933333333333334,10.0,6.033333333333334,10.0,7.2,10.0
130335A,Dee River at Wura,2009-05-01,2009-03-01 to 2009-05-01,17.333333333333332,10.0,0.5460000000000002,10.0,0.539,10.0,0.5626666666666668,10.0,0.016,30.0,0.0133333333333333,30.0,0.028,30.0,1.3986666666666665,30.0,1.1086666666666642,30.0,2.3759999999993937,30.0,42.913333333333334,30.0,661.3333333333334,10.0,624.3333333333334,10.0,682.0,10.0,22.866666666666664,10.0,20.266666666666666,10.0,24.666666666666668,10.0,7.066666666666666,10.0,6.933333333333333,10.0,7.2,10.0
130335A,Dee River at Wura,2009-06-01,2009-04-01 to 2009-06-01,16.333333333333332,10.0,0.5393333333333334,10.0,0.532,10.0,0.5476666666666667,10.0,0.013,30.0,0.010999999999999966,30.0,0.017333333333333333,30.0,1.1216666666666668,30.0,0.9073333333333311,30.0,1.4686666666660602,30.0,34.01,30.0,642.6666666666666,10.0,622.6666666666666,10.0,659.0,10.0,20.03333333333333,10.0,16.866666666666667,10.0,22.2,10.0,7.133333333333333,10.0,7.0,10.0,7.233333333333333,10.0
130335A,Dee River at Wura,2009-07-01,2009-05-01 to 2009-07-01,7.0,10.0,0.5310000000000001,10.0,0.5233333333333333,10.0,0.5373333333333333,10.0,0.01,30.0,0.008333333333333299,30.0,0.012333333333333333,30.0,0.8623333333333334,30.0,0.6769999999999977,30.0,1.0509999999993938,30.0,26.42,30.0,616.3333333333334,10.0,606.3333333333334,10.0,626.6666666666666,10.0,17.46666666666667,10.0,14.766666666666666,10.0,19.433333333333334,10.0,7.166666666666667,10.0,7.033333333333334,10.0,7.300000000000001,10.0
130335A,Dee River at Wura,2009-08-01,2009-06-01 to 2009-08-01,5.333333333333333,10.0,0.517,10.0,0.5033333333333333,10.0,0.5276666666666667,10.0,0.006333333333333334,40.0,0.003999999999999965,40.0,0.009333333333333334,40.0,0.5526666666666668,40.0,0.3169999999999977,40.0,0.7919999999993936,40.0,16.823333333333334,40.0,601.6666666666666,10.0,593.0,10.0,610.6666666666666,10.0,17.13333333333333,10.0,13.633333333333333,10.0,19.733333333333334,10.0,7.2,10.0,7.066666666666666,10.0,7.333333333333333,10.0
130335A,Dee River at Wura,2009-09-01,2009-07-01 to 2009-09-01,0.3333333333333333,10.0,0.4916666666666667,10.0,0.4743333333333333,10.0,0.5056666666666667,10.0,0.0026666666666666666,50.0,0.001666666666666632,50.0,0.004333333333333334,50.0,0.2416666666666667,50.0,0.1296666666666643,50.0,0.3599999999993937,50.0,7.496666666666667,50.0,596.3333333333334,10.0,592.3333333333334,10.0,601.6666666666666,10.0,18.566666666666666,10.0,15.6,10.0,21.233333333333334,10.0,7.2,10.0,7.1,10.0,7.333333333333333,10.0
130335A,Dee River at Wura,2009-10-01,2009-08-01 to 2009-10-01,3.3333333333333335,10.0,0.4566666666666667,10.0,0.435,10.0,0.47433333333333333,10.0,0.0006666666666666666,60.0,0.0,60.0,0.0016666666666666668,60.0,0.061,60.0,0.0,60.0,0.12966666666606033,60.0,1.89,60.0,588.3333333333334,10.0,573.6666666666666,10.0,603.3333333333334,10.0,20.966666666666665,13.333333333333334,17.73333333333333,13.333333333333334,23.96666666666667,13.333333333333334,7.166666666666667,10.0,7.033333333333334,10.0,7.3,10.0
130335A,Dee River at Wura,2009-11-01,2009-09-01 to 2009-11-01,3.6666666666666665,10.0,0.41133333333333333,10.0,0.37999999999999995,10.0,0.435,10.0,0.0,60.0,0.0,60.0,0.0,60.0,0.0,60.0,0.0,60.0,0.0,60.0,0.0,60.0,598.0,10.0,571.6666666666666,10.0,626.3333333333334,10.0,23.266666666666666,16.666666666666668,20.299999999999997,16.666666666666668,26.866666666666664,16.666666666666668,7.166666666666667,10.0,7.033333333333334,10.0,7.366666666666667,10.0
130335A,Dee River at Wura,2009-12-01,2009-10-01 to 2009-12-01,35.333333333333336,10.0,0.3743333333333334,10.0,0.31299999999999994,10.0,0.7766666666666667,10.0,0.11166666666666668,60.0,0.0,60.0,3.9456666666666664,60.0,9.650333333333334,60.0,0.0,60.0,340.89133333333274,60.0,299.16,60.0,648.0,10.0,575.6666666666666,10.0,1230.3333333333333,10.0,25.2,20.0,21.766666666666662,20.0,29.5,20.0,7.2,10.0,6.1000000000000005,10.0,7.5,10.0
130335A,Dee River at Wura,2010-01-01,2009-11-01 to 2010-01-01,48.333333333333336,10.0,0.4096666666666667,10.0,0.32266666666666666,10.0,0.9433333333333334,10.0,0.18133333333333335,46.666666666666664,0.010999999999999966,46.666666666666664,4.580333333333333,46.666666666666664,15.661000000000001,46.666666666666664,0.9503333333333309,46.666666666666664,395.71199999999936,46.666666666666664,485.49666666666667,46.666666666666664,931.6666666666666,10.0,749.6666666666666,10.0,1797.0,10.0,26.7,20.0,23.466666666666665,20.0,31.133333333333336,20.0,6.833333333333333,10.0,5.233333333333333,10.0,7.3999999999999995,10.0
130335A,Dee River at Wura,2010-02-01,2009-12-01 to 2010-02-01,124.33333333333333,10.0,0.8746666666666667,10.0,0.36599999999999994,10.0,3.4873333333333334,10.0,13.985,36.666666666666664,0.026333333333333302,36.666666666666664,450.269,36.666666666666664,1208.3043333333333,36.666666666666664,2.260666666666664,36.666666666666664,38903.227333333336,36.666666666666664,33879.50666666667,36.666666666666664,857.0,10.0,595.6666666666666,10.0,1991.3333333333333,10.0,27.03333333333333,16.666666666666668,23.866666666666664,16.666666666666668,31.266666666666666,16.666666666666668,6.733333333333333,10.0,4.6000000000000005,10.0,7.866666666666667,10.0
130335A,Dee River at Wura,2010-03-01,2010-01-01 to 2010-03-01,132.0,10.0,1.133,10.0,0.49866666666666665,10.0,4.649666666666667,10.0,17.136666666666667,26.666666666666668,0.12099999999999995,26.666666666666668,566.23,26.666666666666668,1480.5936666666666,26.666666666666668,10.425333333333331,26.666666666666668,48922.272,26.666666666666668,42320.47666666667,26.666666666666668,782.0,10.0,467.0,10.0,1605.3333333333333,10.0,26.833333333333332,13.333333333333334,23.799999999999997,13.333333333333334,30.866666666666664,13.333333333333334,6.6000000000000005,10.0,4.766666666666667,10.0,7.966666666666668,10.0
130335A,Dee River at Wura,2010-04-01,2010-02-01 to 2010-04-01,118.0,10.0,1.1760000000000002,10.0,0.5479999999999999,10.0,4.6226666666666665,10.0,17.189666666666668,26.666666666666668,0.16199999999999995,26.666666666666668,565.9896666666667,26.666666666666668,1485.1926666666666,26.666666666666668,13.953333333333331,26.666666666666668,48901.51466666666,26.666666666666668,42452.43,26.666666666666668,532.3333333333334,10.0,304.3333333333333,10.0,1096.0,10.0,26.266666666666666,10.0,23.433333333333334,10.0,30.399999999999995,10.0,6.966666666666666,10.0,5.466666666666666,10.0,8.100000000000001,10.0
130335A,Dee River at Wura,2010-05-01,2010-03-01 to 2010-05-01,43.0,10.0,0.765,10.0,0.566,10.0,2.1376666666666666,10.0,3.4149999999999996,20.0,0.16599999999999995,20.0,120.35300000000001,20.0,295.06666666666666,20.0,14.31333333333333,20.0,10398.477666666668,20.0,9136.453333333333,20.0,636.6666666666666,10.0,477.3333333333333,10.0,973.6666666666666,10.0,24.599999999999998,10.0,21.766666666666662,10.0,28.466666666666665,10.0,7.1000000000000005,10.0,6.133333333333334,10.0,7.566666666666666,10.0
130335A,Dee River at Wura,2010-06-01,2010-04-01 to 2010-06-01,5.333333333333333,10.0,0.5566666666666666,10.0,0.5186666666666667,10.0,0.645,10.0,0.17133333333333334,13.333333333333334,0.0883333333333333,13.333333333333334,0.47066666666666673,13.333333333333334,14.814333333333332,13.333333333333334,7.617333333333331,13.333333333333334,40.629666666666665,13.333333333333334,446.94,13.333333333333334,764.0,10.0,681.3333333333334,10.0,890.3333333333334,10.0,22.066666666666663,10.0,19.43333333333333,10.0,25.0,10.0,7.199999999999999,10.0,6.8999999999999995,10.0,7.333333333333333,10.0
130335A,Dee River at Wura,2010-07-01,2010-05-01 to 2010-07-01,6.666666666666667,10.0,0.5006666666666667,10.0,0.48733333333333334,10.0,0.5246666666666667,10.0,0.064,10.0,0.05066666666666663,10.0,0.09399999999999999,10.0,5.534666666666666,10.0,4.362999999999998,10.0,8.092666666666666,10.0,169.88,10.0,884.6666666666666,10.0,818.0,10.0,990.0,10.0,19.666666666666668,10.0,16.466666666666665,10.0,22.333333333333332,10.0,7.2,10.0,7.033333333333334,10.0,7.366666666666667,10.0
130335A,Dee River at Wura,2010-08-01,2010-06-01 to 2010-08-01,8.666666666666666,10.0,0.48933333333333334,10.0,0.48066666666666663,10.0,0.524,10.0,0.05266666666666667,10.0,0.04566666666666663,10.0,0.09266666666666667,10.0,4.553333333333334,10.0,3.9166666666666643,10.0,7.992,10.0,139.46666666666667,10.0,1092.0,10.0,918.3333333333334,10.0,1410.6666666666667,10.0,18.666666666666668,10.0,15.433333333333332,10.0,21.0,10.0,7.066666666666666,10.0,6.533333333333334,10.0,7.5,10.0
130335A,Dee River at Wura,2010-09-01,2010-07-01 to 2010-09-01,34.0,10.0,0.5403333333333333,10.0,0.4803333333333333,10.0,0.84,10.0,0.3293333333333333,13.333333333333334,0.0453333333333333,13.333333333333334,3.5563333333333333,13.333333333333334,28.46066666666667,13.333333333333334,3.887999999999998,13.333333333333334,307.26733333333334,13.333333333333334,856.69,13.333333333333334,1334.0,10.0,952.3333333333334,10.0,1844.3333333333333,10.0,19.5,10.0,16.333333333333332,10.0,22.63333333333333,10.0,6.866666666666667,10.0,5.666666666666667,10.0,7.5,10.0
130335A,Dee River at Wura,2010-10-01,2010-08-01 to 2010-10-01,31.0,10.0,0.615,10.0,0.5143333333333333,10.0,1.1976666666666667,10.0,0.5706666666666667,16.666666666666668,0.08799999999999997,16.666666666666668,7.904333333333334,16.666666666666668,49.30133333333333,16.666666666666668,7.588666666666664,16.666666666666668,682.9203333333334,16.666666666666668,1502.7466666666667,16.666666666666668,1353.6666666666667,13.333333333333334,841.6666666666666,13.333333333333334,1999.3333333333333,13.333333333333334,21.399999999999995,10.0,18.23333333333333,10.0,24.8,10.0,6.833333333333333,10.0,5.3999999999999995,10.0,7.633333333333333,10.0
130335A,Dee River at Wura,2010-11-01,2010-09-01 to 2010-11-01,55.666666666666664,10.0,0.7083333333333334,10.0,0.5423333333333332,10.0,2.014666666666667,10.0,1.396,20.0,0.13499999999999998,20.0,34.46966666666667,20.0,120.61233333333332,20.0,11.663999999999996,20.0,2978.1650000000004,20.0,3640.536666666667,20.0,1224.6666666666667,16.666666666666668,626.3333333333334,16.666666666666668,1733.0,16.666666666666668,23.53333333333333,10.0,20.566666666666663,10.0,26.833333333333332,10.0,6.966666666666666,10.0,5.366666666666667,10.0,7.933333333333334,10.0
130335A,Dee River at Wura,2010-12-01,2010-10-01 to 2010-12-01,136.0,10.0,1.1276666666666666,10.0,0.642,10.0,4.707999999999999,10.0,18.905333333333335,23.333333333333332,0.4293333333333333,23.333333333333332,673.9323333333333,23.333333333333332,1633.4246666666666,23.333333333333332,37.095,23.333333333333332,58227.75399999999,23.333333333333332,50563.31,23.333333333333332,824.0,20.0,344.0,20.0,1376.0,20.0,25.13333333333333,10.0,21.5,10.0,28.599999999999998,10.0,7.099999999999999,10.0,5.433333333333334,10.0,8.299999999999999,10.0
130335A,Dee River at Wura,2011-01-01,2010-11-01 to 2011-01-01,167.33333333333334,10.0,1.3983333333333334,10.0,0.7496666666666667,10.0,5.594666666666666,10.0,24.284000000000002,26.666666666666668,0.8523333333333332,26.666666666666668,742.4230000000001,26.666666666666668,2098.1536666666666,26.666666666666668,73.64233333333333,26.666666666666668,64145.34766666666,26.666666666666668,64969.91,26.666666666666668,722.6666666666666,63.333333333333336,182.0,63.333333333333336,1226.0,63.333333333333336,26.333333333333332,10.0,22.63333333333333,10.0,30.099999999999994,10.0,6.8,10.0,4.966666666666667,10.0,8.200000000000001,10.0
130335A,Dee River at Wura,2011-02-01,2010-12-01 to 2011-02-01,157.0,10.0,1.461,10.0,0.8220000000000001,10.0,5.241,10.0,24.209333333333333,30.0,1.0019999999999998,30.0,724.7036666666667,30.0,2091.6873333333333,30.0,86.57333333333334,30.0,62614.382999999994,30.0,64643.16,30.0,611.0,110.0,125.0,110.0,1167.0,110.0,27.566666666666666,56.666666666666664,24.466666666666665,56.666666666666664,31.366666666666664,56.666666666666664,6.3999999999999995,10.0,4.6000000000000005,10.0,7.766666666666667,10.0
130335A,Dee River at Wura,2011-03-01,2011-01-01 to 2011-03-01,78.66666666666667,10.0,1.2750000000000001,10.0,0.8153333333333334,10.0,3.3656666666666673,10.0,10.183,30.0,0.8823333333333333,30.0,139.26999999999998,30.0,879.8013333333333,30.0,76.219,30.0,12032.899333333335,30.0,27074.696666666667,30.0,792.0,156.66666666666666,163.0,156.66666666666666,1094.0,156.66666666666666,27.53333333333333,103.33333333333333,25.03333333333333,103.33333333333333,30.63333333333333,103.33333333333333,6.133333333333333,10.0,4.466666666666666,10.0,7.5,10.0
130335A,Dee River at Wura,2011-04-01,2011-02-01 to 2011-04-01,67.0,10.0,1.1403333333333334,10.0,0.7879999999999999,10.0,3.3113333333333337,10.0,6.55,30.0,0.6923333333333334,30.0,130.917,30.0,565.916,30.0,59.803,30.0,11311.200000000003,30.0,17171.24,30.0,1016.0,156.66666666666666,342.0,156.66666666666666,1337.0,156.66666666666666,26.066666666666666,150.0,23.5,150.0,28.866666666666664,150.0,6.2,56.666666666666664,4.3999999999999995,56.666666666666664,7.366666666666667,56.666666666666664
130335A,Dee River at Wura,2011-05-01,2011-03-01 to 2011-05-01,59.0,10.0,1.0993333333333333,10.0,0.7843333333333332,10.0,2.9770000000000003,10.0,6.108999999999999,30.0,0.6743333333333332,30.0,122.65499999999999,30.0,527.803,30.0,58.23866666666667,30.0,10597.363000000001,30.0,16188.876666666669,30.0,1195.5,153.33333333333334,772.5,153.33333333333334,1406.0,153.33333333333334,22.999999999999996,150.0,19.833333333333332,150.0,26.399999999999995,150.0,6.2,103.33333333333333,4.766666666666667,103.33333333333333,7.0,103.33333333333333
130335A,Dee River at Wura,2011-06-01,2011-04-01 to 2011-06-01,36.333333333333336,10.0,0.8986666666666667,10.0,0.7629999999999999,10.0,1.962,10.0,2.497,30.0,0.5823333333333333,30.0,65.536,30.0,215.73933333333332,30.0,50.30233333333334,30.0,5662.281666666667,30.0,6500.443333333334,30.0,1289.3333333333333,150.0,987.6666666666666,150.0,1460.0,150.0,19.999999999999996,150.0,17.066666666666666,150.0,23.16666666666666,150.0,6.2,150.0,5.333333333333333,150.0,6.633333333333334,150.0
130335A,Dee River at Wura,2011-07-01,2011-05-01 to 2011-07-01,18.333333333333332,10.0,0.7559999999999999,10.0,0.7086666666666668,10.0,0.8483333333333333,10.0,0.5766666666666667,30.0,0.34766666666666657,30.0,1.1543333333333334,30.0,49.815333333333335,30.0,30.028666666666666,30.0,99.71999999999998,30.0,1529.8166666666666,30.0,1447.3333333333333,150.0,1349.3333333333333,150.0,1560.6666666666667,150.0,17.53333333333333,150.0,15.566666666666665,150.0,19.83333333333333,150.0,6.233333333333333,150.0,5.933333333333334,150.0,6.433333333333334,150.0
130335A,Dee River at Wura,2011-08-01,2011-06-01 to 2011-08-01,26.666666666666668,10.0,0.7050000000000001,10.0,0.662,10.0,0.9423333333333334,10.0,0.377,30.0,0.18933333333333324,30.0,2.416,30.0,32.58433333333333,30.0,16.343333333333334,30.0,208.74266666666665,30.0,995.66,30.0,1483.5,156.66666666666666,1422.5,156.66666666666666,1603.5,156.66666666666666,16.866666666666664,150.0,15.466666666666663,150.0,18.499999999999996,150.0,6.366666666666667,150.0,6.133333333333333,150.0,6.666666666666667,150.0
130335A,Dee River at Wura,2011-09-01,2011-07-01 to 2011-09-01,20.666666666666668,10.0,0.6753333333333335,10.0,0.6336666666666667,10.0,0.9186666666666667,10.0,0.2723333333333333,30.0,0.11699999999999992,30.0,2.2643333333333335,30.0,23.554666666666666,30.0,10.093666666666666,30.0,195.63866666666664,30.0,724.7733333333332,30.0,1591.5,156.66666666666666,1535.0,156.66666666666666,1705.5,156.66666666666666,17.666666666666664,150.0,16.53333333333333,150.0,19.199999999999992,150.0,6.433333333333334,150.0,6.266666666666667,150.0,6.666666666666667,150.0
130335A,Dee River at Wura,2011-10-01,2011-08-01 to 2011-10-01,27.0,10.0,0.6496666666666667,10.0,0.607,10.0,0.9193333333333333,10.0,0.214,30.0,0.07033333333333326,30.0,2.267,30.0,18.515666666666664,30.0,6.051333333333333,30.0,195.869,30.0,568.5666666666667,30.0,1658.5,156.66666666666666,1626.0,156.66666666666666,1708.0,156.66666666666666,19.733333333333334,150.0,18.499999999999996,150.0,21.53333333333333,150.0,6.466666666666666,150.0,6.333333333333333,150.0,6.633333333333333,150.0
130335A,Dee River at Wura,2011-11-01,2011-09-01 to 2011-11-01,9.0,10.0,0.6126666666666667,10.0,0.587,10.0,0.699,10.0,0.09333333333333332,30.0,0.041999999999999926,30.0,0.3793333333333333,30.0,8.081666666666667,30.0,3.6033333333333335,30.0,32.76566666666667,30.0,244.51,30.0,1658.5,153.33333333333334,1626.0,153.33333333333334,1708.0,153.33333333333334,20.9,153.33333333333334,19.649999999999995,153.33333333333334,22.4,153.33333333333334,6.449999999999999,153.33333333333334,6.4,153.33333333333334,6.5,153.33333333333334
130335A,Dee River at Wura,2011-12-01,2011-10-01 to 2011-12-01,35.333333333333336,10.0,0.592,10.0,0.5713333333333334,10.0,0.6533333333333333,10.0,0.04833333333333333,30.0,0.021999999999999926,30.0,0.19133333333333333,30.0,4.189333333333333,30.0,1.8630000000000002,30.0,16.522333333333332,30.0,129.28,30.0,1624.0,156.66666666666666,1609.0,156.66666666666666,1644.0,156.66666666666666,22.2,156.66666666666666,20.7,156.66666666666666,23.8,156.66666666666666,6.5,156.66666666666666,6.4,156.66666666666666,6.5,156.66666666666666
130335A,Dee River at Wura,2012-01-01,2011-11-01 to 2012-01-01,70.33333333333333,10.0,0.6413333333333333,10.0,0.5713333333333334,10.0,2.533666666666667,10.0,2.3156666666666665,30.0,0.021999999999999926,30.0,251.44333333333336,30.0,200.09166666666667,30.0,1.8716666666666668,30.0,21724.695333333333,30.0,6202.25,30.0,,163.33333333333334,,163.33333333333334,,163.33333333333334,27.2,110.0,23.7,110.0,30.6,110.0,,160.0,,160.0,,160.0
130335A,Dee River at Wura,2012-02-01,2011-12-01 to 2012-02-01,102.33333333333333,10.0,0.8136666666666666,10.0,0.6126666666666666,10.0,3.2563333333333335,10.0,4.068666666666666,30.0,0.10833333333333327,30.0,272.58833333333337,30.0,351.541,30.0,9.331,30.0,23551.61766666666,30.0,10593.673333333334,30.0,790.0,113.33333333333333,336.0,113.33333333333333,1513.0,113.33333333333333,27.65,60.0,24.299999999999997,60.0,31.249999999999993,60.0,,160.0,,160.0,,160.0
130335A,Dee River at Wura,2012-03-01,2012-01-01 to 2012-03-01,101.33333333333333,10.0,0.9466666666666667,10.0,0.6396666666666666,10.0,4.703666666666667,10.0,6.389666666666667,30.0,0.15799999999999992,30.0,394.779,30.0,552.057,30.0,13.636666666666665,30.0,34108.877,30.0,16809.66,30.0,787.0,63.333333333333336,271.5,63.333333333333336,1340.5,63.333333333333336,27.266666666666666,10.0,23.899999999999995,10.0,31.266666666666662,10.0,7.3,156.66666666666666,6.0,156.66666666666666,8.2,156.66666666666666
130335A,Dee River at Wura,2012-04-01,2012-02-01 to 2012-04-01,61.0,10.0,0.9273333333333333,10.0,0.6596666666666667,10.0,2.8646666666666665,10.0,4.2090000000000005,30.0,0.19599999999999995,30.0,143.749,30.0,363.628,30.0,16.919999999999998,30.0,12419.885,30.0,10958.83,30.0,828.0,10.0,422.3333333333333,10.0,1310.0,10.0,26.23333333333333,10.0,23.099999999999994,10.0,30.266666666666662,10.0,7.3,153.33333333333334,6.5,153.33333333333334,7.85,153.33333333333334
130335A,Dee River at Wura,2012-05-01,2012-03-01 to 2012-05-01,40.666666666666664,10.0,0.7756666666666666,10.0,0.63,10.0,2.182333333333333,10.0,2.4936666666666665,30.0,0.1296666666666666,30.0,122.69533333333334,30.0,215.43733333333333,30.0,11.203333333333333,30.0,10600.848333333333,30.0,6669.026666666666,30.0,954.0,10.0,638.6666666666666,10.0,1366.3333333333333,10.0,23.666666666666668,10.0,20.466666666666665,10.0,27.499999999999996,10.0,7.233333333333333,150.0,6.633333333333333,150.0,7.7,150.0
130335A,Dee River at Wura,2012-06-01,2012-04-01 to 2012-06-01,38.333333333333336,10.0,0.6586666666666666,10.0,0.6133333333333333,10.0,0.770333333333333,10.0,0.21333333333333335,30.0,0.09899999999999994,30.0,0.6393333333333333,30.0,18.427,30.0,8.539333333333333,30.0,55.209666666666664,30.0,556.6666666666666,30.0,1179.6666666666667,10.0,944.3333333333334,10.0,1700.0,10.0,20.933333333333334,10.0,18.03333333333333,10.0,24.066666666666663,10.0,7.133333333333333,150.0,6.633333333333333,150.0,7.433333333333334,150.0
130335A,Dee River at Wura,2012-07-01,2012-05-01 to 2012-07-01,71.33333333333333,10.0,0.7400000000000001,10.0,0.6146666666666666,10.0,1.8699999999999994,10.0,2.0753333333333335,30.0,0.10199999999999992,30.0,69.02,30.0,179.31033333333335,30.0,8.783999999999999,30.0,5963.284666666666,30.0,5553.583333333333,30.0,1333.0,13.333333333333334,860.6666666666666,13.333333333333334,2013.6666666666667,13.333333333333334,18.599999999999998,10.0,15.433333333333332,10.0,21.966666666666658,10.0,7.05,153.33333333333334,6.449999999999999,153.33333333333334,7.4,153.33333333333334
130335A,Dee River at Wura,2012-08-01,2012-06-01 to 2012-08-01,62.0,10.0,0.7576666666666667,13.333333333333334,0.6350000000000001,13.333333333333334,1.884333333333333,13.333333333333334,2.09,30.0,0.11099999999999992,30.0,69.065,30.0,180.58666666666667,30.0,9.546999999999999,30.0,5967.172666666666,30.0,5593.150000000001,30.0,1445.6666666666667,16.666666666666668,956.6666666666666,16.666666666666668,2075.3333333333335,16.666666666666668,17.633333333333336,10.0,14.166666666666664,10.0,21.16666666666666,10.0,7.05,106.66666666666667,6.4,106.66666666666667,7.45,106.66666666666667
130335A,Dee River at Wura,2012-09-01,2012-07-01 to 2012-09-01,41.666666666666664,10.0,0.7533333333333333,16.666666666666668,0.6390000000000001,16.666666666666668,1.8496666666666661,16.666666666666668,2.045,30.0,0.0906666666666666,30.0,68.90733333333334,30.0,176.71133333333333,30.0,7.790333333333333,30.0,5953.550333333333,30.0,5476.889999999999,30.0,1492.3333333333333,20.0,1033.3333333333333,20.0,1973.3333333333333,20.0,18.53333333333333,10.0,14.83333333333333,10.0,22.299999999999997,10.0,7.05,60.0,6.8,60.0,7.45,60.0
130335A,Dee River at Wura,2012-10-01,2012-08-01 to 2012-10-01,14.666666666666666,10.0,0.6403333333333333,16.666666666666668,0.6230000000000001,16.666666666666668,0.6816666666666663,16.666666666666668,0.07633333333333332,30.0,0.04233333333333326,30.0,0.19766666666666666,30.0,6.630333333333334,30.0,3.6289999999999996,30.0,17.049666666666667,30.0,204.37333333333333,30.0,1561.0,20.0,1361.0,20.0,1861.0,20.0,20.466666666666665,10.0,17.03333333333333,10.0,23.66666666666666,10.0,7.033333333333334,10.0,6.8,10.0,7.366666666666667,10.0
130335A,Dee River at Wura,2012-11-01,2012-09-01 to 2012-11-01,21.666666666666668,10.0,0.6173333333333333,13.333333333333334,0.6033333333333333,13.333333333333334,0.6476666666666664,13.333333333333334,0.02366666666666667,30.0,0.010666666666666593,30.0,0.06866666666666667,30.0,2.0576666666666665,30.0,0.9073333333333328,30.0,5.918333333333334,30.0,62.05666666666667,30.0,1647.0,20.0,1423.0,20.0,1914.3333333333333,20.0,23.13333333333333,10.0,20.2,10.0,26.166666666666657,10.0,6.966666666666666,10.0,6.733333333333333,10.0,7.233333333333333,10.0
130335A,Dee River at Wura,2012-12-01,2012-10-01 to 2012-12-01,27.333333333333332,10.0,0.6066666666666666,10.0,0.598,10.0,0.6289999999999997,10.0,0.013,30.0,0.0069999999999999256,30.0,0.03766666666666667,30.0,1.1356666666666666,30.0,0.6046666666666661,30.0,3.24,30.0,34.64666666666667,30.0,1641.6666666666667,20.0,1469.0,20.0,1844.6666666666667,20.0,25.2,10.0,22.566666666666663,10.0,28.23333333333333,10.0,6.966666666666666,10.0,6.766666666666667,10.0,7.133333333333333,10.0
130335A,Dee River at Wura,2013-01-01,2012-11-01 to 2013-01-01,176.0,10.0,0.8483333333333333,10.0,0.601,10.0,4.385,10.0,28.040000000000003,30.0,0.008999999999999926,30.0,1030.43,30.0,2422.671333333333,30.0,0.7773333333333327,30.0,89029.13799999999,30.0,75102.25333333334,30.0,1674.5,70.0,1475.5,70.0,1840.5,70.0,26.833333333333332,10.0,23.766666666666662,10.0,30.16666666666666,10.0,6.949999999999999,60.0,6.75,60.0,7.1,60.0
130335A,Dee River at Wura,2013-02-01,2012-12-01 to 2013-02-01,198.66666666666666,10.0,1.0713333333333332,10.0,0.731,10.0,5.292666666666666,10.0,30.422333333333338,30.0,0.2276666666666666,30.0,1066.1473333333333,30.0,2628.5156666666667,30.0,19.670333333333332,30.0,92115.10133333334,30.0,80864.75666666667,30.0,1585.0,120.0,1492.0,120.0,1654.0,120.0,27.366666666666664,10.0,23.999999999999996,10.0,30.799999999999997,10.0,5.85,106.66666666666667,5.5,106.66666666666667,8.1,106.66666666666667
130335A,Dee River at Wura,2013-03-01,2013-01-01 to 2013-03-01,232.33333333333334,10.0,1.3916666666666666,10.0,0.8769999999999999,10.0,7.335,10.0,37.293,30.0,0.5196666666666666,30.0,1364.0623333333333,30.0,3222.1200000000003,30.0,44.899333333333324,30.0,117854.972,30.0,99266.49,30.0,911.0,116.66666666666667,175.0,116.66666666666667,1584.0,116.66666666666667,26.833333333333332,10.0,23.53333333333333,10.0,30.33333333333333,10.0,4.7,156.66666666666666,4.1,156.66666666666666,9.1,156.66666666666666
130335A,Dee River at Wura,2013-04-01,2013-02-01 to 2013-04-01,97.0,10.0,1.2993333333333335,10.0,0.9983333333333334,10.0,3.866666666666666,10.0,9.613333333333333,30.0,0.6966666666666667,30.0,336.03533333333337,30.0,830.582,30.0,60.17766666666666,30.0,29033.438666666665,30.0,25098.49,30.0,911.0,113.33333333333333,175.0,113.33333333333333,1584.0,113.33333333333333,26.35,60.0,23.449999999999996,60.0,29.89999999999999,60.0,4.7,156.66666666666666,4.1,156.66666666666666,9.1,156.66666666666666
130335A,Dee River at Wura,2013-05-01,2013-03-01 to 2013-05-01,83.33333333333333,10.0,1.2103333333333335,10.0,0.9743333333333332,10.0,3.2049999999999996,10.0,7.539333333333334,30.0,0.5986666666666666,30.0,301.86066666666665,30.0,651.4023333333333,30.0,51.696,30.0,26080.747333333333,30.0,20163.15666666667,30.0,911.0,110.0,175.0,110.0,1584.0,110.0,25.6,110.0,23.5,110.0,29.2,110.0,,160.0,,160.0,,160.0
130335A,Dee River at Wura,2013-06-01,2013-04-01 to 2013-06-01,41.333333333333336,10.0,0.9990000000000002,10.0,0.9233333333333333,10.0,1.289666666666666,10.0,0.7983333333333321,30.0,0.38833333333333325,30.0,4.154333333333333,30.0,69.00033333333333,30.0,33.522999999999996,30.0,358.9053333333333,30.0,2097.2433333333333,30.0,,160.0,,160.0,,160.0,,160.0,,160.0,,160.0,,160.0,,160.0,,160.0
130335A,Dee River at Wura,2013-07-01,2013-05-01 to 2013-07-01,20.0,10.0,0.9400000000000001,10.0,0.8906666666666667,10.0,1.0829999999999995,10.0,0.5246666666666655,30.0,0.2799999999999999,30.0,1.8573333333333333,30.0,45.35399999999999,30.0,24.163,30.0,160.43033333333332,30.0,1394.5233333333333,30.0,,160.0,,160.0,,160.0,,160.0,,160.0,,160.0,,160.0,,160.0,,160.0
130335A,Dee River at Wura,2013-08-01,2013-06-01 to 2013-08-01,1.6666666666666667,10.0,0.8776666666666667,10.0,0.8503333333333334,10.0,0.914666666666666,10.0,0.25633333333333214,30.0,0.18433333333333324,30.0,0.37366666666666665,30.0,22.157333333333337,30.0,15.897333333333334,30.0,32.256,30.0,675.4266666666667,30.0,,160.0,,160.0,,160.0,,160.0,,160.0,,160.0,,160.0,,160.0,,160.0
130335A,Dee River at Wura,2013-09-01,2013-07-01 to 2013-09-01,1.3333333333333333,10.0,0.8340000000000001,10.0,0.8173333333333334,10.0,0.8586666666666661,10.0,0.15033333333333215,30.0,0.12099999999999993,30.0,0.19933333333333333,30.0,12.976333333333335,30.0,10.425333333333333,30.0,17.208000000000002,30.0,399.99666666666667,30.0,,160.0,,160.0,,160.0,,160.0,,160.0,,160.0,,160.0,,160.0,,160.0
130335A,Dee River at Wura,2013-10-01,2013-08-01 to 2013-10-01,2.0,10.0,0.8003333333333335,10.0,0.7813333333333334,10.0,0.8299999999999995,10.0,0.08999999999999882,30.0,0.06133333333333326,30.0,0.1406666666666667,30.0,7.753333333333333,30.0,5.270333333333333,30.0,12.153333333333334,30.0,238.09,30.0,2145.0,110.0,2019.0,110.0,2318.0,110.0,25.1,110.0,22.3,110.0,28.1,110.0,7.2,156.66666666666666,6.9,156.66666666666666,7.4,156.66666666666666
130335A,Dee River at Wura,2013-11-01,2013-09-01 to 2013-11-01,38.333333333333336,10.0,0.7916666666666669,10.0,0.7663333333333333,10.0,0.9783333333333326,10.0,0.09299999999999882,30.0,0.0436666666666666,30.0,1.3076666666666668,30.0,8.002666666666666,30.0,3.758333333333333,30.0,112.96766666666666,30.0,241.53666666666666,30.0,2478.5,60.0,2006.0,60.0,3905.0,60.0,25.9,60.0,23.049999999999997,60.0,28.949999999999996,60.0,7.2,156.66666666666666,6.9,156.66666666666666,7.4,156.66666666666666
130335A,Dee River at Wura,2013-12-01,2013-10-01 to 2013-12-01,39.333333333333336,10.0,0.775,10.0,0.7520000000000001,10.0,0.9583333333333327,10.0,0.0749999999999988,30.0,0.030666666666666592,30.0,1.2813333333333332,30.0,6.467,30.0,2.621,30.0,110.67833333333333,30.0,196.20333333333335,30.0,2462.6666666666665,10.0,2084.3333333333335,10.0,3649.0,10.0,26.633333333333336,10.0,23.73333333333333,10.0,30.399999999999995,10.0,7.15,106.66666666666667,6.65,106.66666666666667,7.35,106.66666666666667
130335A,Dee River at Wura,2014-01-01,2013-11-01 to 2014-01-01,60.333333333333336,10.0,0.7650000000000001,10.0,0.745,10.0,0.950666666666666,10.0,0.06599999999999882,30.0,0.02533333333333326,30.0,1.2716666666666667,30.0,5.6933333333333325,30.0,2.16,30.0,109.829,30.0,172.21666666666667,30.0,2489.6666666666665,10.0,2108.6666666666665,10.0,3643.0,10.0,27.8,10.0,24.599999999999998,10.0,32.133333333333326,10.0,7.199999999999999,60.0,6.7,60.0,7.35,60.0
130335A,Dee River at Wura,2014-02-01,2013-12-01 to 2014-02-01,29.666666666666668,10.0,0.7963333333333334,10.0,0.7463333333333333,10.0,1.1259999999999992,10.0,0.25999999999999884,30.0,0.026666666666666592,30.0,5.685,30.0,22.45,30.0,2.2609999999999997,30.0,491.141,30.0,632.84,30.0,2362.0,10.0,1725.0,10.0,4230.333333333333,10.0,28.066666666666663,10.0,24.5,10.0,32.46666666666666,10.0,6.966666666666666,10.0,6.033333333333334,10.0,7.5,10.0
130335A,Dee River at Wura,2014-03-01,2014-01-01 to 2014-03-01,75.33333333333333,10.0,0.8833333333333333,10.0,0.7563333333333334,10.0,2.3269999999999995,10.0,2.451333333333332,30.0,0.034666666666666596,30.0,87.17733333333335,30.0,211.75766666666667,30.0,2.966333333333333,30.0,7532.078666666667,30.0,6501.37,30.0,2214.3333333333335,10.0,1083.6666666666667,10.0,4020.0,10.0,27.53333333333333,10.0,23.966666666666665,10.0,31.399999999999995,10.0,6.966666666666666,10.0,5.833333333333333,10.0,7.5,10.0
130335A,Dee River at Wura,2014-04-01,2014-02-01 to 2014-04-01,63.0,10.0,0.9596666666666667,10.0,0.7993333333333333,10.0,2.5009999999999994,10.0,2.627333333333332,30.0,0.0736666666666666,30.0,88.20266666666667,30.0,226.96933333333334,30.0,6.336000000000001,30.0,7620.667333333334,30.0,6957.036666666667,30.0,1947.6666666666667,10.0,676.3333333333334,10.0,3814.3333333333335,10.0,26.53333333333333,10.0,23.333333333333332,10.0,30.066666666666663,10.0,6.799999999999999,60.0,5.25,60.0,7.550000000000001,60.0
130335A,Dee River at Wura,2014-05-01,2014-03-01 to 2014-05-01,60.333333333333336,10.0,0.9446666666666667,10.0,0.8206666666666665,10.0,2.1966666666666663,10.0,2.422333333333332,30.0,0.08466666666666661,30.0,82.64166666666667,30.0,209.28033333333335,30.0,7.300666666666667,30.0,7140.197,30.0,6471.786666666667,30.0,1699.3333333333333,10.0,867.6666666666666,10.0,2035.6666666666667,10.0,24.666666666666668,10.0,22.0,10.0,28.266666666666666,10.0,7.1,110.0,5.8,110.0,7.3,110.0
130335A,Dee River at Wura,2014-06-01,2014-04-01 to 2014-06-01,17.0,10.0,0.8773333333333334,10.0,0.8266666666666667,10.0,1.0203333333333324,10.0,0.23933333333333218,30.0,0.08066666666666661,30.0,1.165,30.0,20.694,30.0,6.940666666666668,30.0,100.61266666666667,30.0,624.1633333333334,30.0,1626.6666666666667,10.0,1310.6666666666667,10.0,1850.6666666666667,10.0,22.399999999999995,10.0,19.666666666666664,10.0,25.766666666666662,10.0,,160.0,,160.0,,160.0
130335A,Dee River at Wura,2014-07-01,2014-05-01 to 2014-07-01,6.666666666666667,10.0,0.8146666666666667,10.0,0.797,10.0,0.8519999999999991,10.0,0.06566666666666549,30.0,0.043666666666666604,30.0,0.13466666666666666,30.0,5.703,30.0,3.7583333333333333,30.0,11.606333333333334,30.0,175.33666666666667,30.0,1683.0,10.0,1531.6666666666667,10.0,1849.3333333333333,10.0,19.433333333333334,10.0,16.666666666666664,10.0,22.5,10.0,,160.0,,160.0,,160.0
130335A,Dee River at Wura,2014-08-01,2014-06-01 to 2014-08-01,15.666666666666666,10.0,0.7896666666666667,10.0,0.7799999999999999,10.0,0.807999999999999,10.0,0.03599999999999882,30.0,0.02833333333333327,30.0,0.05433333333333334,30.0,3.1430000000000002,30.0,2.419,30.0,4.680000000000001,30.0,95.97666666666667,30.0,1637.6666666666667,56.666666666666664,1556.6666666666667,56.666666666666664,1740.6666666666667,56.666666666666664,18.499999999999996,56.666666666666664,15.966666666666663,56.666666666666664,20.999999999999996,56.666666666666664,,160.0,,160.0,,160.0
130335A,Dee River at Wura,2014-09-01,2014-07-01 to 2014-09-01,28.666666666666668,10.0,0.7803333333333334,10.0,0.7733333333333334,10.0,0.7993333333333325,10.0,0.027999999999998814,30.0,0.023999999999999938,30.0,0.043666666666666666,30.0,2.453,30.0,2.0446666666666666,30.0,3.7586666666666666,30.0,75.27999999999999,30.0,1577.6666666666667,103.33333333333333,1516.3333333333333,103.33333333333333,1972.3333333333333,103.33333333333333,18.9,103.33333333333333,16.266666666666662,103.33333333333333,21.566666666666663,103.33333333333333,7.3,110.0,7.2,110.0,7.4,110.0
130335A,Dee River at Wura,2014-10-01,2014-08-01 to 2014-10-01,29.666666666666668,10.0,0.7786666666666667,10.0,0.77,10.0,0.7989999999999992,10.0,0.026999999999998817,30.0,0.021999999999999936,30.0,0.043333333333333335,30.0,2.348666666666667,30.0,1.8716666666666668,30.0,3.7296666666666667,30.0,72.04666666666667,30.0,1618.3333333333333,150.0,1532.0,150.0,2099.0,150.0,21.599999999999998,150.0,18.83333333333333,150.0,24.899999999999995,150.0,7.25,60.0,7.1,60.0,7.35,60.0
130335A,Dee River at Wura,2014-11-01,2014-09-01 to 2014-11-01,41.333333333333336,10.0,0.7800000000000001,10.0,0.7693333333333333,10.0,0.8226666666666658,10.0,0.025999999999998816,30.0,0.018666666666666602,30.0,0.07533333333333335,30.0,2.2436666666666665,30.0,1.5836666666666666,30.0,6.4799999999999995,30.0,68.11,30.0,1653.5,153.33333333333334,1552.5,153.33333333333334,2352.5,153.33333333333334,22.849999999999994,153.33333333333334,19.549999999999994,153.33333333333334,26.899999999999995,153.33333333333334,7.2,10.0,7.066666666666666,10.0,7.3,10.0
130335A,Dee River at Wura,2014-12-01,2014-10-01 to 2014-12-01,91.66666666666667,10.0,0.8243333333333333,10.0,0.7736666666666667,10.0,1.4506666666666659,10.0,0.4039999999999988,30.0,0.01633333333333327,30.0,19.157333333333334,30.0,34.905,30.0,1.382,30.0,1655.1646666666666,30.0,1081.3633333333335,30.0,1764.5,106.66666666666667,1122.5,106.66666666666667,2726.0,106.66666666666667,26.549999999999997,106.66666666666667,22.449999999999996,106.66666666666667,30.749999999999993,106.66666666666667,6.933333333333333,10.0,6.400000000000001,10.0,7.2,10.0
130335A,Dee River at Wura,2015-01-01,2014-11-01 to 2015-01-01,129.66666666666666,10.0,0.8783333333333333,10.0,0.7966666666666665,10.0,2.0606666666666658,10.0,0.7839999999999988,30.0,0.024999999999999935,30.0,36.858333333333334,30.0,67.73833333333333,30.0,2.131,30.0,3184.5166666666664,30.0,2099.2000000000003,30.0,1825.0,60.0,498.0,60.0,2862.5,60.0,28.45,60.0,24.599999999999994,60.0,31.849999999999994,60.0,6.7,10.0,6.0,10.0,7.033333333333332,10.0
130335A,Dee River at Wura,2015-02-01,2014-12-01 to 2015-02-01,194.66666666666666,10.0,1.1260000000000001,10.0,0.8460000000000001,10.0,5.776,10.0,12.693333333333333,30.0,0.07233333333333326,30.0,1087.278,30.0,1096.697,30.0,6.220666666666666,30.0,93940.79099999998,30.0,30908.676666666666,30.0,1495.6666666666667,10.0,370.6666666666667,10.0,2467.3333333333335,10.0,28.266666666666666,10.0,24.5,10.0,32.06666666666666,10.0,6.433333333333334,56.666666666666664,5.533333333333334,56.666666666666664,6.866666666666667,56.666666666666664
130335A,Dee River at Wura,2015-03-01,2015-01-01 to 2015-03-01,140.66666666666666,10.0,1.1793333333333333,10.0,0.9133333333333332,10.0,5.332333333333334,10.0,12.525333333333334,30.0,0.11399999999999993,30.0,1069.4463333333333,30.0,1082.1713333333332,30.0,9.820666666666666,30.0,92400.14933333332,30.0,30458.39,30.0,1349.3333333333333,10.0,448.6666666666667,10.0,1896.0,10.0,28.400000000000002,10.0,25.63333333333333,10.0,32.13333333333333,10.0,6.366666666666667,103.33333333333333,5.666666666666667,103.33333333333333,6.7,103.33333333333333
130335A,Dee River at Wura,2015-04-01,2015-02-01 to 2015-04-01,119.0,10.0,1.1856666666666666,10.0,0.941,10.0,4.807666666666666,10.0,12.168,30.0,0.10966666666666662,30.0,1051.8583333333333,30.0,1051.2966666666666,30.0,9.446333333333333,30.0,90880.56066666666,30.0,29498.52,30.0,1310.6666666666667,10.0,825.6666666666666,10.0,1735.3333333333333,10.0,27.099999999999994,10.0,24.0,10.0,31.03333333333333,10.0,6.366666666666667,150.0,5.8999999999999995,150.0,6.633333333333333,150.0
130335A,Dee River at Wura,2015-05-01,2015-03-01 to 2015-05-01,30.666666666666668,10.0,0.9923333333333333,10.0,0.9443333333333334,10.0,1.139666666666666,10.0,0.273333333333331,30.0,0.07199999999999994,30.0,1.4676666666666665,30.0,23.617333333333335,30.0,6.206333333333333,30.0,126.79199999999999,30.0,729.39,30.0,1756.0,10.0,1308.6666666666667,10.0,2011.3333333333333,10.0,24.766666666666666,10.0,21.899999999999995,10.0,28.066666666666663,10.0,6.5,150.0,6.233333333333333,150.0,6.666666666666667,150.0
130335A,Dee River at Wura,2015-06-01,2015-04-01 to 2015-06-01,26.333333333333332,10.0,0.9456666666666665,10.0,0.9236666666666666,10.0,0.9993333333333329,10.0,0.06933333333333097,26.666666666666668,0.036999999999999936,26.666666666666668,0.219,26.666666666666668,5.987666666666667,26.666666666666668,3.1970000000000005,26.666666666666668,18.90733333333333,26.666666666666668,181.59666666666666,26.666666666666668,2080.6666666666665,10.0,1757.0,10.0,2277.0,10.0,21.63333333333333,10.0,18.833333333333332,10.0,24.499999999999996,10.0,6.666666666666667,150.0,6.566666666666666,150.0,6.766666666666667,150.0
130335A,Dee River at Wura,2015-07-01,2015-05-01 to 2015-07-01,11.0,10.0,0.935,10.0,0.923,10.0,0.9636666666666661,10.0,0.0516666666666643,23.333333333333332,0.036333333333333266,23.333333333333332,0.113,23.333333333333332,4.483,23.333333333333332,3.139333333333333,23.333333333333332,9.749,23.333333333333332,137.71,23.333333333333332,2323.3333333333335,10.0,2003.3333333333333,10.0,2592.3333333333335,10.0,19.399999999999995,10.0,16.7,10.0,21.966666666666665,10.0,6.8,150.0,6.666666666666667,150.0,6.866666666666667,150.0
130335A,Dee River at Wura,2015-08-01,2015-06-01 to 2015-08-01,21.333333333333332,10.0,0.9263333333333333,10.0,0.9166666666666666,10.0,0.9389999999999995,10.0,0.040333333333330966,20.0,0.029999999999999933,20.0,0.05566666666666667,20.0,3.4856666666666665,20.0,2.592333333333333,20.0,4.809666666666666,20.0,106.79,20.0,2473.3333333333335,10.0,2315.3333333333335,10.0,2682.6666666666665,10.0,18.766666666666666,10.0,15.966666666666663,10.0,21.899999999999995,10.0,6.900000000000001,150.0,6.766666666666667,150.0,6.966666666666666,150.0
130335A,Dee River at Wura,2015-09-01,2015-07-01 to 2015-09-01,13.0,10.0,0.92,10.0,0.9096666666666667,10.0,0.9356666666666661,10.0,0.033999999999997636,20.0,0.023999999999999938,20.0,0.051333333333333335,20.0,2.9523333333333333,20.0,2.0736666666666665,20.0,4.435333333333333,20.0,90.79333333333334,20.0,2594.0,10.0,2413.6666666666665,10.0,2821.3333333333335,10.0,19.5,10.0,16.566666666666663,10.0,22.633333333333326,10.0,7.0,103.33333333333333,6.866666666666667,103.33333333333333,7.066666666666667,103.33333333333333
130335A,Dee River at Wura,2015-10-01,2015-08-01 to 2015-10-01,13.666666666666666,10.0,0.908,10.0,0.898,10.0,0.9239999999999995,10.0,0.0236666666666643,23.333333333333332,0.015666666666666603,23.333333333333332,0.039,23.333333333333332,2.048666666666666,23.333333333333332,1.3536666666666666,23.333333333333332,3.369666666666667,23.333333333333332,62.77666666666667,23.333333333333332,2608.0,10.0,2475.3333333333335,10.0,2759.0,10.0,21.63333333333333,10.0,18.899999999999995,10.0,25.2,10.0,7.1000000000000005,56.666666666666664,6.933333333333334,56.666666666666664,7.233333333333333,56.666666666666664
130335A,Dee River at Wura,2015-11-01,2015-09-01 to 2015-11-01,45.333333333333336,10.0,0.916,10.0,0.8889999999999999,10.0,1.1683333333333328,10.0,0.08233333333333097,26.666666666666668,0.009999999999999934,26.666666666666668,3.829,26.666666666666668,7.130333333333334,26.666666666666668,0.8496666666666667,26.666666666666668,330.8113333333333,26.666666666666668,214.25666666666666,26.666666666666668,2847.0,10.0,2354.6666666666665,10.0,3846.0,10.0,24.299999999999997,10.0,21.466666666666665,10.0,27.86666666666666,10.0,6.766666666666667,10.0,6.1000000000000005,10.0,7.300000000000001,10.0
130335A,Dee River at Wura,2015-12-01,2015-10-01 to 2015-12-01,53.666666666666664,10.0,0.9133333333333334,10.0,0.8883333333333333,10.0,1.1636666666666662,10.0,0.08033333333333097,26.666666666666668,0.009666666666666601,26.666666666666668,3.824333333333333,26.666666666666668,6.932666666666667,26.666666666666668,0.8210000000000001,26.666666666666668,330.39366666666666,26.666666666666668,208.85666666666665,26.666666666666668,3080.3333333333335,10.0,2564.0,10.0,4159.333333333333,10.0,26.666666666666668,10.0,23.999999999999996,10.0,30.36666666666666,10.0,6.666666666666667,10.0,5.833333333333333,10.0,7.266666666666667,10.0
130335A,Dee River at Wura,2016-01-01,2015-11-01 to 2016-01-01,64.0,10.0,0.9136666666666665,10.0,0.8883333333333333,10.0,1.1653333333333329,10.0,0.08066666666666429,26.666666666666668,0.009666666666666603,26.666666666666668,3.8256666666666668,26.666666666666668,6.9446666666666665,26.666666666666668,0.8210000000000001,26.666666666666668,330.509,26.666666666666668,209.22333333333333,26.666666666666668,3302.0,10.0,2806.0,10.0,4358.0,10.0,28.233333333333334,10.0,25.866666666666664,10.0,31.466666666666658,10.0,6.6000000000000005,10.0,5.766666666666667,10.0,7.166666666666667,10.0
130335A,Dee River at Wura,2016-02-01,2015-12-01 to 2016-02-01,55.333333333333336,10.0,0.9319999999999999,10.0,0.8933333333333334,10.0,1.416333333333333,10.0,0.24799999999999764,26.666666666666668,0.010999999999999935,26.666666666666668,14.327,26.666666666666668,21.40433333333333,26.666666666666668,0.9359999999999999,26.666666666666668,1237.8386666666668,26.666666666666668,622.5033333333333,26.666666666666668,3087.6666666666665,10.0,2438.3333333333335,10.0,4045.0,10.0,28.933333333333334,10.0,26.933333333333334,10.0,31.899999999999995,10.0,6.7,10.0,5.766666666666667,10.0,7.1,10.0
130335A,Dee River at Wura,2016-03-01,2016-01-01 to 2016-03-01,78.66666666666667,10.0,0.9436666666666667,10.0,0.9009999999999999,10.0,1.4589999999999996,10.0,0.24933333333333096,30.0,0.008333333333333267,30.0,14.404000000000002,30.0,21.535,30.0,0.6913333333333332,30.0,1244.4913333333334,30.0,626.5633333333334,30.0,2943.0,10.0,2308.0,10.0,3814.0,10.0,28.633333333333336,10.0,26.7,10.0,31.599999999999994,10.0,6.65,60.0,5.6000000000000005,60.0,7.1,60.0
130335A,Dee River at Wura,2016-04-01,2016-02-01 to 2016-04-01,66.0,10.0,0.9546666666666667,10.0,0.912,10.0,1.4683333333333328,10.0,0.2496666666666643,30.0,0.008666666666666602,30.0,14.403333333333334,30.0,21.578666666666667,30.0,0.7200000000000001,30.0,1244.4336666666666,30.0,627.52,30.0,2926.3333333333335,10.0,2253.6666666666665,10.0,3799.0,10.0,27.366666666666664,10.0,25.466666666666665,10.0,30.23333333333333,10.0,6.3,110.0,4.4,110.0,7.1,110.0
130335A,Dee River at Wura,2016-05-01,2016-03-01 to 2016-05-01,32.666666666666664,10.0,0.9243333333333332,10.0,0.9119999999999999,10.0,0.9663333333333329,10.0,0.0136666666666643,30.0,0.005666666666666602,30.0,0.09700000000000002,30.0,1.193,30.0,0.461,30.0,8.366333333333333,30.0,36.586666666666666,30.0,3078.6666666666665,10.0,2933.3333333333335,10.0,3167.3333333333335,10.0,25.166666666666668,10.0,23.066666666666663,10.0,27.766666666666662,10.0,,160.0,,160.0,,160.0
130335A,Dee River at Wura,2016-06-01,2016-04-01 to 2016-06-01,24.333333333333332,10.0,0.9143333333333334,10.0,0.9046666666666668,10.0,0.9303333333333329,10.0,0.007666666666664298,30.0,0.003999999999999935,30.0,0.017,30.0,0.6643333333333333,30.0,0.317,30.0,1.4543333333333333,30.0,20.05333333333333,30.0,3130.5,60.0,3012.0,60.0,3181.5,60.0,22.366666666666664,10.0,19.766666666666666,10.0,24.73333333333333,10.0,,160.0,,160.0,,160.0
130335A,Dee River at Wura,2016-07-01,2016-05-01 to 2016-07-01,54.333333333333336,10.0,0.9790000000000001,10.0,0.899,10.0,1.4329999999999996,10.0,0.9926666666666643,30.0,0.002,30.0,14.72,30.0,85.76833333333333,30.0,0.14433333333333334,30.0,1271.7933333333333,30.0,2658.6766666666667,30.0,3154.0,110.0,3075.0,110.0,3203.0,110.0,20.03333333333333,10.0,17.33333333333333,10.0,22.999999999999996,10.0,6.6,110.0,4.2,110.0,7.1,110.0
130335A,Dee River at Wura,2016-08-01,2016-06-01 to 2016-08-01,56.333333333333336,10.0,1.0153333333333332,10.0,0.93,10.0,1.476333333333333,10.0,1.007333333333331,30.0,0.006999999999999936,30.0,14.750666666666667,30.0,87.01533333333333,30.0,0.5763333333333333,30.0,1274.443,30.0,2697.3333333333335,30.0,2116.0,110.0,2018.0,110.0,2208.0,110.0,18.900000000000002,10.0,16.66666666666666,10.0,21.599999999999994,10.0,6.699999999999999,60.0,5.300000000000001,60.0,7.05,60.0
130335A,Dee River at Wura,2016-09-01,2016-07-01 to 2016-09-01,43.0,10.0,1.0453333333333334,10.0,0.9606666666666667,10.0,1.5026666666666664,10.0,1.013333333333331,30.0,0.011999999999999936,30.0,14.757666666666667,30.0,87.52833333333332,30.0,1.008333333333333,30.0,1275.0623333333333,30.0,2712.7233333333334,30.0,2090.0,60.0,1973.0,60.0,2194.0,60.0,19.866666666666667,10.0,17.566666666666663,10.0,22.566666666666663,10.0,6.8,10.0,5.766666666666667,10.0,7.1000000000000005,10.0
130335A,Dee River at Wura,2016-10-01,2016-08-01 to 2016-10-01,14.333333333333334,10.0,1.0023333333333333,10.0,0.985,10.0,1.023666666666666,10.0,0.029666666666664298,30.0,0.013666666666666603,30.0,0.05866666666666667,30.0,2.5356666666666667,30.0,1.1523333333333332,30.0,5.069,30.0,77.94666666666666,30.0,2056.0,56.666666666666664,1956.0,56.666666666666664,2143.3333333333335,56.666666666666664,21.73333333333333,56.666666666666664,19.4,56.666666666666664,23.83333333333333,56.666666666666664,6.966666666666666,13.333333333333334,6.666666666666667,13.333333333333334,7.166666666666667,13.333333333333334
130335A,Dee River at Wura,2016-11-01,2016-09-01 to 2016-11-01,36.333333333333336,10.0,0.9893333333333333,10.0,0.9763333333333333,10.0,1.0206666666666662,10.0,0.01699999999999763,30.0,0.009666666666666603,30.0,0.052333333333333336,30.0,1.4506666666666668,30.0,0.8210000000000001,30.0,4.507333333333333,30.0,44.026666666666664,30.0,2010.0,103.33333333333333,1888.6666666666667,103.33333333333333,2093.0,103.33333333333333,24.299999999999997,103.33333333333333,21.933333333333326,103.33333333333333,26.499999999999996,103.33333333333333,7.066666666666666,16.666666666666668,6.766666666666667,16.666666666666668,7.266666666666667,16.666666666666668
130335A,Dee River at Wura,2016-12-01,2016-10-01 to 2016-12-01,45.0,10.0,0.981,10.0,0.9649999999999999,10.0,1.0216666666666663,10.0,0.01199999999999763,30.0,0.004999999999999935,30.0,0.05399999999999999,30.0,1.0236666666666667,30.0,0.432,30.0,4.6370000000000005,30.0,31.439999999999998,30.0,1970.3333333333333,150.0,1856.3333333333333,150.0,2035.0,150.0,26.399999999999995,150.0,24.5,150.0,28.73333333333333,150.0,7.033333333333332,20.0,6.733333333333333,20.0,7.2,20.0
130335A,Dee River at Wura,2017-01-01,2016-11-01 to 2017-01-01,61.666666666666664,10.0,0.9706666666666667,10.0,0.9513333333333334,10.0,1.0159999999999996,10.0,0.007666666666664298,30.0,0.002666666666666602,30.0,0.04833333333333333,30.0,0.6403333333333333,30.0,0.23033333333333336,30.0,4.147333333333333,30.0,19.56,30.0,1961.5,183.33333333333334,1823.5,183.33333333333334,2031.5,183.33333333333334,27.65,183.33333333333334,25.849999999999998,183.33333333333334,29.949999999999996,183.33333333333334,6.933333333333334,20.0,6.6000000000000005,20.0,7.1000000000000005,20.0
130335A,Dee River at Wura,2017-02-01,2016-12-01 to 2017-02-01,45.0,10.0,0.9456666666666665,10.0,0.9196666666666667,10.0,0.988333333333333,10.0,0.004333333333330965,30.0,0.0009999999999999352,30.0,0.022333333333333334,30.0,0.35766666666666674,30.0,0.08633333333333333,30.0,1.901,30.0,11.07,30.0,1945.0,216.66666666666666,1831.0,216.66666666666666,2006.0,216.66666666666666,28.5,216.66666666666666,26.6,216.66666666666666,30.8,216.66666666666666,6.933333333333333,20.0,6.6000000000000005,20.0,7.133333333333333,20.0
130335A,Dee River at Wura,2017-03-01,2017-01-01 to 2017-03-01,137.66666666666666,10.0,1.0386666666666666,10.0,0.883,10.0,3.450333333333333,10.0,8.29433333333333,30.0,0.0,30.0,494.15366666666665,30.0,716.6256666666667,30.0,0.0,30.0,42694.86266666667,30.0,22215.38,30.0,2049.0,170.0,65.0,170.0,4310.0,170.0,27.9,170.0,23.4,170.0,30.2,170.0,6.833333333333333,20.0,5.699999999999999,20.0,7.466666666666666,20.0
130335A,Dee River at Wura,2017-04-01,2017-02-01 to 2017-04-01,119.33333333333333,10.0,1.1616666666666668,10.0,0.96,10.0,3.961,10.0,9.406999999999998,30.0,0.024333333333333266,30.0,510.468,30.0,812.7773333333333,30.0,2.1023333333333336,30.0,44104.421,30.0,25099.796666666665,30.0,1534.5,90.0,206.0,90.0,2826.5,90.0,26.049999999999997,90.0,22.149999999999995,90.0,28.599999999999994,90.0,6.833333333333333,20.0,5.533333333333334,20.0,7.599999999999999,20.0
130335A,Dee River at Wura,2017-05-01,2017-03-01 to 2017-05-01,141.33333333333334,10.0,1.2583333333333333,10.0,1.055,10.0,4.092333333333333,10.0,9.480666666666664,30.0,0.04333333333333327,30.0,510.9936666666667,30.0,819.1456666666667,30.0,3.7439999999999998,30.0,44149.83866666667,30.0,25297.22666666667,30.0,1558.6666666666667,10.0,475.0,10.0,2513.3333333333335,10.0,24.666666666666668,10.0,21.366666666666664,10.0,26.799999999999994,10.0,6.8,20.0,5.3999999999999995,20.0,7.533333333333334,20.0
130335A,Dee River at Wura,2017-06-01,2017-04-01 to 2017-06-01,30.333333333333332,10.0,1.2220000000000002,10.0,1.1496666666666666,10.0,1.6796666666666666,10.0,1.2009999999999976,30.0,0.051333333333333266,30.0,16.87333333333333,30.0,103.77633333333334,30.0,4.4206666666666665,30.0,1457.8273333333334,30.0,3119.656666666667,30.0,1434.3333333333333,10.0,974.0,10.0,1665.0,10.0,21.466666666666665,10.0,18.999999999999996,10.0,23.66666666666666,10.0,6.966666666666666,20.0,6.3999999999999995,20.0,7.3,20.0
130335A,Dee River at Wura,2017-07-01,2017-05-01 to 2017-07-01,30.333333333333332,10.0,1.1536666666666668,10.0,1.136,10.0,1.2153333333333334,10.0,0.09299999999999764,30.0,0.0326666666666666,30.0,0.5613333333333334,30.0,8.043333333333333,30.0,2.7936666666666667,30.0,48.455999999999996,30.0,248.2166666666667,30.0,1668.0,10.0,1393.6666666666667,10.0,1806.0,10.0,19.466666666666665,10.0,17.299999999999997,10.0,21.399999999999995,10.0,7.133333333333333,63.333333333333336,6.733333333333333,63.333333333333336,7.366666666666667,63.333333333333336
130335A,Dee River at Wura,2017-08-01,2017-06-01 to 2017-08-01,15.666666666666666,10.0,1.1300000000000001,10.0,1.123,10.0,1.1569999999999998,10.0,0.024999999999997632,30.0,0.018333333333333268,30.0,0.068,30.0,2.1746666666666665,30.0,1.5406666666666666,30.0,5.832,30.0,66.29333333333334,30.0,1710.3333333333333,10.0,1615.6666666666667,10.0,1769.3333333333333,10.0,18.366666666666667,10.0,16.166666666666668,10.0,20.533333333333328,10.0,7.266666666666666,106.66666666666667,7.033333333333334,106.66666666666667,7.533333333333334,106.66666666666667
130335A,Dee River at Wura,2017-09-01,2017-07-01 to 2017-09-01,15.0,10.0,1.1183333333333334,10.0,1.112,10.0,1.1403333333333332,10.0,0.014999999999997632,30.0,0.01233333333333327,30.0,0.046000000000000006,30.0,1.3216666666666665,30.0,1.0223333333333333,30.0,3.9309999999999996,30.0,40.70666666666667,30.0,1739.0,10.0,1674.0,10.0,1784.3333333333333,10.0,19.366666666666664,10.0,16.899999999999995,10.0,22.099999999999994,10.0,7.400000000000001,150.0,7.166666666666667,150.0,7.633333333333333,150.0
130335A,Dee River at Wura,2017-10-01,2017-08-01 to 2017-10-01,69.33333333333333,10.0,1.1906666666666668,10.0,1.1016666666666668,10.0,1.923,10.0,2.0789999999999975,30.0,0.007999999999999936,30.0,40.453,30.0,179.66033333333334,30.0,0.6476666666666666,30.0,3495.1103333333335,30.0,5569.213333333333,30.0,1604.6666666666667,10.0,1202.6666666666667,10.0,1886.3333333333333,10.0,21.7,10.0,18.833333333333332,10.0,24.73333333333333,10.0,7.450000000000001,183.33333333333334,7.25,183.33333333333334,7.6499999999999995,183.33333333333334
130335A,Dee River at Wura,2017-11-01,2017-09-01 to 2017-11-01,61.0,10.0,1.2236666666666667,10.0,1.1276666666666666,10.0,1.9960000000000002,10.0,2.185666666666664,30.0,0.05833333333333327,30.0,41.199333333333335,30.0,188.8613333333333,30.0,5.011,30.0,3559.608,30.0,5844.740000000001,30.0,1437.6666666666667,10.0,1005.3333333333334,10.0,1834.3333333333333,10.0,23.96666666666667,10.0,21.16666666666666,10.0,27.299999999999997,10.0,7.5,216.66666666666666,7.3,216.66666666666666,7.6,216.66666666666666
130335A,Dee River at Wura,2017-12-01,2017-10-01 to 2017-12-01,81.33333333333333,10.0,1.2793333333333334,10.0,1.1376666666666668,10.0,2.443,10.0,2.8296666666666646,30.0,0.06333333333333327,30.0,56.292,30.0,244.506,30.0,5.457333333333334,30.0,4863.614666666666,30.0,7569.993333333335,30.0,1262.0,10.0,629.3333333333334,10.0,1789.3333333333333,10.0,26.066666666666663,10.0,23.2,10.0,28.599999999999994,10.0,,250.0,,250.0,,250.0
130335A,Dee River at Wura,2018-01-01,2017-11-01 to 2018-01-01,41.333333333333336,10.0,1.2213333333333332,16.666666666666668,1.1486666666666665,16.666666666666668,1.7,16.666666666666668,0.7939999999999977,30.0,0.06799999999999994,30.0,16.043666666666667,30.0,68.604,30.0,5.875,30.0,1386.158666666667,30.0,2117.03,30.0,1323.0,10.0,936.3333333333334,10.0,1649.0,10.0,27.2,10.0,25.166666666666668,10.0,29.199999999999992,10.0,7.1,216.66666666666666,6.9,216.66666666666666,7.2,216.66666666666666
130335A,Dee River at Wura,2018-02-01,2017-12-01 to 2018-02-01,68.0,10.0,1.1973333333333331,23.333333333333332,1.1276666666666666,23.333333333333332,1.6239999999999999,23.333333333333332,0.6976666666666643,30.0,0.020999999999999935,30.0,15.290000000000001,30.0,60.282666666666664,30.0,1.7996666666666667,30.0,1321.0273333333334,30.0,1864.6200000000001,30.0,1451.6666666666667,10.0,1096.0,10.0,1661.0,10.0,28.166666666666668,10.0,25.766666666666662,10.0,30.099999999999994,10.0,7.1,183.33333333333334,6.95,183.33333333333334,7.2,183.33333333333334
130335A,Dee River at Wura,2018-03-01,2018-01-01 to 2018-03-01,48.666666666666664,10.0,1.1496666666666666,30.0,1.1243333333333334,30.0,1.1900000000000002,30.0,0.05933333333333096,30.0,0.018999999999999934,30.0,0.21166666666666667,30.0,5.117333333333334,30.0,1.6126666666666667,30.0,18.273666666666667,30.0,154.4933333333333,30.0,1589.6666666666667,10.0,1431.3333333333333,10.0,1662.3333333333333,10.0,28.03333333333333,10.0,26.099999999999998,10.0,30.033333333333328,10.0,7.1,150.0,6.966666666666666,150.0,7.2,150.0
130335A,Dee River at Wura,2018-04-01,2018-02-01 to 2018-04-01,35.666666666666664,10.0,1.1293333333333333,30.0,1.1156666666666668,30.0,1.1460000000000001,30.0,0.0276666666666643,30.0,0.014999999999999935,30.0,0.049999999999999996,30.0,2.3956666666666666,30.0,1.2526666666666666,30.0,4.291333333333333,30.0,69.85666666666667,30.0,1640.0,10.0,1605.3333333333333,10.0,1669.0,10.0,26.833333333333332,10.0,24.5,10.0,28.966666666666665,10.0,7.1,150.0,7.033333333333334,150.0,7.233333333333334,150.0
130335A,Dee River at Wura,2018-05-01,2018-03-01 to 2018-05-01,4.666666666666667,10.0,1.1103333333333332,30.0,1.0996666666666668,30.0,1.1239999999999999,30.0,0.012999999999997632,30.0,0.007666666666666602,30.0,0.026,30.0,1.1306666666666667,30.0,0.6336666666666666,30.0,2.2319999999999998,30.0,34.79,30.0,1639.6666666666667,10.0,1609.0,10.0,1668.6666666666667,10.0,24.299999999999997,10.0,22.03333333333333,10.0,26.399999999999995,10.0,7.1,150.0,7.033333333333334,150.0,7.233333333333333,150.0
130335A,Dee River at Wura,2018-06-01,2018-04-01 to 2018-06-01,5.666666666666667,10.0,1.091,30.0,1.0823333333333334,30.0,1.0999999999999999,30.0,0.004666666666664297,30.0,0.002666666666666602,30.0,0.007666666666666666,30.0,0.3993333333333333,30.0,0.21599999999999997,30.0,0.648,30.0,12.103333333333333,30.0,1606.6666666666667,10.0,1578.6666666666667,10.0,1636.3333333333333,10.0,21.03333333333333,10.0,18.73333333333333,10.0,22.999999999999996,10.0,7.1,150.0,7.033333333333334,150.0,7.233333333333334,150.0
130335A,Dee River at Wura,2018-07-01,2018-05-01 to 2018-07-01,15.0,10.0,1.082,30.0,1.0726666666666667,30.0,1.0936666666666666,30.0,0.0023333333333309648,30.0,0.0006666666666666019,30.0,0.004666666666666667,30.0,0.18333333333333332,30.0,0.057666666666666665,30.0,0.403,30.0,5.670000000000001,30.0,1537.3333333333333,10.0,1500.3333333333333,10.0,1591.0,10.0,18.53333333333333,10.0,16.266666666666662,10.0,20.766666666666662,10.0,7.133333333333333,150.0,7.0,150.0,7.233333333333333,150.0
130335A,Dee River at Wura,2018-08-01,2018-06-01 to 2018-08-01,14.0,10.0,1.0666666666666667,23.333333333333332,1.0519999999999998,23.333333333333332,1.0836666666666666,23.333333333333332,0.0009999999999976315,30.0,0.0,30.0,0.0026666666666666666,30.0,0.06699999999999999,30.0,0.0,30.0,0.23033333333333336,30.0,2.0633333333333335,30.0,1457.6666666666667,10.0,1426.3333333333333,10.0,1508.6666666666667,10.0,17.5,10.0,15.633333333333331,10.0,19.433333333333326,10.0,7.2,103.33333333333333,7.033333333333334,103.33333333333333,7.300000000000001,103.33333333333333
130335A,Dee River at Wura,2018-09-01,2018-07-01 to 2018-09-01,13.0,10.0,1.0343333333333333,16.666666666666668,1.002,16.666666666666668,1.063,16.666666666666668,0.0006666666666642982,23.333333333333332,0.0,23.333333333333332,0.002,23.333333333333332,0.049666666666666665,23.333333333333332,0.0,23.333333333333332,0.17266666666666666,23.333333333333332,1.54,23.333333333333332,1402.6666666666667,10.0,1373.3333333333333,10.0,1451.6666666666667,10.0,18.966666666666665,10.0,16.666666666666668,10.0,21.433333333333326,10.0,7.266666666666667,56.666666666666664,7.1000000000000005,56.666666666666664,7.366666666666667,56.666666666666664
130335A,Dee River at Wura,2018-10-01,2018-08-01 to 2018-10-01,31.666666666666668,10.0,0.9953333333333333,10.0,0.943,10.0,1.0346666666666666,10.0,0.0,16.666666666666668,0.0,16.666666666666668,0.0,16.666666666666668,0.0,16.666666666666668,0.0,16.666666666666668,0.0,16.666666666666668,0.0,16.666666666666668,1398.0,10.0,1357.6666666666667,10.0,1437.6666666666667,10.0,21.633333333333336,10.0,19.166666666666668,10.0,24.566666666666663,10.0,7.3,10.0,7.133333333333333,10.0,7.433333333333334,10.0
130335A,Dee River at Wura,2018-11-01,2018-09-01 to 2018-11-01,36.666666666666664,10.0,0.9223333333333333,10.0,0.8506666666666667,10.0,0.9843333333333334,10.0,0.0,10.0,0.0,10.0,0.0,10.0,0.0,10.0,0.0,10.0,0.0,10.0,0.0,10.0,1438.3333333333333,10.0,1393.6666666666667,10.0,1482.0,10.0,24.8,10.0,22.13333333333333,10.0,28.03333333333333,10.0,7.3,10.0,7.133333333333333,10.0,7.5,10.0
130335A,Dee River at Wura,2018-12-01,2018-10-01 to 2018-12-01,50.333333333333336,10.0,0.8206666666666668,10.0,0.7450000000000001,10.0,0.892,10.0,0.0,10.0,0.0,10.0,0.0,10.0,0.0,10.0,0.0,10.0,0.0,10.0,0.0,10.0,1460.0,56.666666666666664,1403.6666666666667,56.666666666666664,1520.6666666666667,56.666666666666664,26.96666666666667,10.0,24.400000000000002,10.0,30.66666666666666,10.0,7.3,56.666666666666664,7.1,56.666666666666664,7.599999999999999,56.666666666666664
130335A,Dee River at Wura,2019-01-01,2018-11-01 to 2019-01-01,31.333333333333332,10.0,0.6773333333333333,10.0,0.597,10.0,0.7536666666666667,10.0,0.0,10.0,0.0,10.0,0.0,10.0,0.0,10.0,0.0,10.0,0.0,10.0,0.0,10.0,1466.3333333333333,103.33333333333333,1414.3333333333333,103.33333333333333,1527.0,103.33333333333333,28.066666666666666,10.0,25.53333333333333,10.0,31.799999999999994,10.0,7.3,103.33333333333333,7.1,103.33333333333333,7.599999999999999,103.33333333333333
130335A,Dee River at Wura,2019-02-01,2018-12-01 to 2019-02-01,27.666666666666668,10.0,0.5333333333333333,11.666666666666666,0.47500000000000003,11.666666666666666,0.597,11.666666666666666,0.0,11.666666666666666,0.0,11.666666666666666,0.0,11.666666666666666,0.0,11.666666666666666,0.0,11.666666666666666,0.0,11.666666666666666,0.0,11.666666666666666,1449.5,153.33333333333334,1390.0,153.33333333333334,1519.5,153.33333333333334,28.549999999999997,60.0,25.899999999999995,60.0,32.849999999999994,60.0,7.3,166.66666666666666,7.1,166.66666666666666,7.6,166.66666666666666
130335A,Dee River at Wura,2019-03-01,2019-01-01 to 2019-03-01,41.0,10.0,0.43533333333333335,13.333333333333334,0.4013333333333333,13.333333333333334,0.47500000000000003,13.333333333333334,0.0,13.333333333333334,0.0,13.333333333333334,0.0,13.333333333333334,0.0,13.333333333333334,0.0,13.333333333333334,0.0,13.333333333333334,0.0,13.333333333333334,1449.0,170.0,1385.0,170.0,1512.0,170.0,28.8,123.33333333333333,26.2,123.33333333333333,32.8,123.33333333333333,7.3,183.33333333333334,7.1,183.33333333333334,7.5,183.33333333333334
130335A,Dee River at Wura,2019-04-01,2019-02-01 to 2019-04-01,34.0,10.0,0.38366666666666666,15.0,0.378,15.0,0.4013333333333333,15.0,0.0,15.0,0.0,15.0,0.0,15.0,0.0,15.0,0.0,15.0,0.0,15.0,0.0,15.0,,186.66666666666666,,186.66666666666666,,186.66666666666666,,186.66666666666666,,186.66666666666666,,186.66666666666666,,200.0,,200.0,,200.0
130335A,Dee River at Wura,2019-05-01,2019-03-01 to 2019-05-01,31.333333333333332,10.0,0.378,15.0,0.378,15.0,0.378,15.0,0.0,15.0,0.0,15.0,0.0,15.0,0.0,15.0,0.0,15.0,0.0,15.0,0.0,15.0,,200.0,,200.0,,200.0,,200.0,,200.0,,200.0,,200.0,,200.0,,200.0
130335A,Dee River at Wura,2019-06-01,2019-04-01 to 2019-06-01,6.333333333333333,10.0,0.378,15.0,0.378,15.0,0.378,15.0,0.0,15.0,0.0,15.0,0.0,15.0,0.0,15.0,0.0,15.0,0.0,15.0,0.0,15.0,,200.0,,200.0,,200.0,,200.0,,200.0,,200.0,,200.0,,200.0,,200.0
130335A,Dee River at Wura,2019-07-01,2019-05-01 to 2019-07-01,7.333333333333333,10.0,0.378,15.0,0.378,15.0,0.378,15.0,0.0,15.0,0.0,15.0,0.0,15.0,0.0,15.0,0.0,15.0,0.0,15.0,0.0,15.0,,200.0,,200.0,,200.0,,200.0,,200.0,,200.0,,200.0,,200.0,,200.0
130335A,Dee River at Wura,2019-08-01,2019-06-01 to 2019-08-01,10.333333333333334,10.0,0.378,15.0,0.378,15.0,0.378,15.0,0.0,15.0,0.0,15.0,0.0,15.0,0.0,15.0,0.0,15.0,0.0,15.0,0.0,15.0,,200.0,,200.0,,200.0,,200.0,,200.0,,200.0,,200.0,,200.0,,200.0
130335A,Dee River at Wura,2019-09-01,2019-07-01 to 2019-09-01,7.333333333333333,10.0,0.378,15.0,0.378,15.0,0.378,15.0,0.0,15.0,0.0,15.0,0.0,15.0,0.0,15.0,0.0,15.0,0.0,15.0,0.0,15.0,,200.0,,200.0,,200.0,,200.0,,200.0,,200.0,,200.0,,200.0,,200.0
130335A,Dee River at Wura,2019-10-01,2019-08-01 to 2019-10-01,18.666666666666668,10.0,0.379,15.0,0.378,15.0,0.4116666666666666,15.0,0.0,15.0,0.0,15.0,0.0,15.0,0.0,15.0,0.0,15.0,0.0,15.0,0.0,15.0,,200.0,,200.0,,200.0,,200.0,,200.0,,200.0,,200.0,,200.0,,200.0
130335A,Dee River at Wura,2019-11-01,2019-09-01 to 2019-11-01,18.333333333333332,10.0,0.38066666666666665,15.0,0.378,15.0,0.4446666666666667,15.0,0.0,15.0,0.0,15.0,0.0,15.0,0.0,15.0,0.0,15.0,0.0,15.0,0.0,15.0,,200.0,,200.0,,200.0,,200.0,,200.0,,200.0,,200.0,,200.0,,200.0
130335A,Dee River at Wura,2019-12-01,2019-10-01 to 2019-12-01,25.0,10.0,0.38066666666666665,15.0,0.378,15.0,0.4446666666666666,15.0,0.0,15.0,0.0,15.0,0.0,15.0,0.0,15.0,0.0,15.0,0.0,15.0,0.0,15.0,,200.0,,200.0,,200.0,,200.0,,200.0,,200.0,,200.0,,200.0,,200.0
130335A,Dee River at Wura,2020-01-01,2019-11-01 to 2020-01-01,26.0,10.0,0.37966666666666665,15.0,0.378,15.0,0.41100000000000003,15.0,0.0,15.0,0.0,15.0,0.0,15.0,0.0,15.0,0.0,15.0,0.0,15.0,0.0,15.0,,200.0,,200.0,,200.0,,200.0,,200.0,,200.0,,200.0,,200.0,,200.0
130335A,Dee River at Wura,2020-02-01,2019-12-01 to 2020-02-01,70.66666666666667,10.0,0.4916666666666667,15.0,0.378,15.0,0.8683333333333333,15.0,0.0386666666666643,20.0,0.0,20.0,5.859666666666667,20.0,3.328,20.0,0.0,20.0,506.2606666666666,20.0,96.50999999999999,20.0,,200.0,,200.0,,200.0,,200.0,,200.0,,200.0,,200.0,,200.0,,200.0
130335A,Dee River at Wura,2020-03-01,2020-01-01 to 2020-03-01,74.0,10.0,0.7633333333333333,13.333333333333334,0.5263333333333333,13.333333333333334,2.2106666666666666,13.333333333333334,1.5726666666666642,25.0,0.0,25.0,92.332,25.0,135.86233333333334,25.0,0.0,25.0,7977.470333333334,25.0,4205.076666666667,25.0,1585.0,136.66666666666666,62.0,136.66666666666666,2446.0,136.66666666666666,26.9,136.66666666666666,24.4,136.66666666666666,30.6,136.66666666666666,,186.66666666666666,,186.66666666666666,,186.66666666666666
130335A,Dee River at Wura,2020-04-01,2020-02-01 to 2020-04-01,64.66666666666667,10.0,0.9780000000000001,11.666666666666666,0.73,11.666666666666666,2.4360000000000004,11.666666666666666,1.5726666666666642,30.0,0.0,30.0,92.332,30.0,135.86233333333334,30.0,0.0,30.0,7977.470333333334,30.0,4205.076666666667,30.0,1734.0,73.33333333333333,859.5,73.33333333333333,2311.5,73.33333333333333,25.699999999999996,73.33333333333333,23.65,73.33333333333333,28.449999999999996,73.33333333333333,5.9,123.33333333333333,5.6,123.33333333333333,6.1,123.33333333333333
130335A,Dee River at Wura,2020-05-01,2020-03-01 to 2020-05-01,23.333333333333332,10.0,1.0770000000000002,10.0,0.9336666666666668,10.0,2.1743333333333337,10.0,1.5339999999999978,30.0,0.0,30.0,86.47233333333332,30.0,132.53433333333334,30.0,0.0,30.0,7471.209666666667,30.0,4108.566666666667,30.0,1670.3333333333333,10.0,1011.6666666666666,10.0,2139.3333333333335,10.0,23.833333333333332,10.0,21.366666666666664,10.0,26.866666666666664,10.0,6.050000000000001,60.0,5.8,60.0,6.25,60.0
130335A,Dee River at Wura,2020-06-01,2020-04-01 to 2020-06-01,15.0,10.0,1.0263333333333333,10.0,0.9996666666666666,10.0,1.0583333333333333,10.0,0.0,30.0,0.0,30.0,0.0,30.0,0.0,30.0,0.0,30.0,0.0,30.0,0.0,30.0,1569.0,10.0,1396.6666666666667,10.0,1777.0,10.0,20.900000000000002,10.0,18.299999999999997,10.0,23.499999999999996,10.0,6.166666666666667,10.0,6.0,10.0,6.333333333333333,10.0
130335A,Dee River at Wura,2020-07-01,2020-05-01 to 2020-07-01,13.666666666666666,10.0,1.0213333333333334,10.0,0.9973333333333333,10.0,1.0543333333333333,10.0,0.0,23.333333333333332,0.0,23.333333333333332,0.0,23.333333333333332,0.0,23.333333333333332,0.0,23.333333333333332,0.0,23.333333333333332,0.0,23.333333333333332,1342.3333333333333,10.0,1218.0,10.0,1475.0,10.0,18.366666666666664,10.0,15.733333333333333,10.0,20.899999999999995,10.0,6.3999999999999995,10.0,6.3,10.0,6.5,10.0
130335A,Dee River at Wura,2020-08-01,2020-06-01 to 2020-08-01,11.666666666666666,10.0,1.0073333333333334,10.0,0.9826666666666667,10.0,1.036,10.0,0.0,16.666666666666668,0.0,16.666666666666668,0.0,16.666666666666668,0.0,16.666666666666668,0.0,16.666666666666668,0.0,16.666666666666668,0.0,16.666666666666668,1203.0,10.0,1143.3333333333333,10.0,1260.6666666666667,10.0,17.666666666666668,10.0,15.6,10.0,19.46666666666666,10.0,6.533333333333334,10.0,6.5,10.0,6.566666666666666,10.0
130335A,Dee River at Wura,2020-09-01,2020-07-01 to 2020-09-01,13.666666666666666,10.0,0.9693333333333335,10.0,0.9356666666666666,10.0,0.9993333333333334,10.0,0.0,10.0,0.0,10.0,0.0,10.0,0.0,10.0,0.0,10.0,0.0,10.0,0.0,10.0,1144.6666666666667,10.0,1101.0,10.0,1183.6666666666667,10.0,18.833333333333332,10.0,16.499999999999996,10.0,20.899999999999995,10.0,6.6,10.0,6.566666666666666,10.0,6.6,10.0
130335A,Dee River at Wura,2020-10-01,2020-08-01 to 2020-10-01,17.666666666666668,10.0,0.9016666666666667,10.0,0.8596666666666666,10.0,0.9453333333333332,10.0,0.0,10.0,0.0,10.0,0.0,10.0,0.0,10.0,0.0,10.0,0.0,10.0,0.0,10.0,1124.0,20.0,1093.3333333333333,20.0,1150.6666666666667,20.0,21.5,20.0,18.666666666666668,20.0,23.83333333333333,20.0,6.666666666666667,56.666666666666664,6.6,56.666666666666664,6.933333333333333,56.666666666666664
130335A,Dee River at Wura,2020-11-01,2020-09-01 to 2020-11-01,13.666666666666666,10.0,0.7943333333333334,10.0,0.726,10.0,0.8603333333333333,10.0,0.0,10.0,0.0,10.0,0.0,10.0,0.0,10.0,0.0,10.0,0.0,10.0,0.0,10.0,1124.6666666666667,30.0,1094.0,30.0,1151.3333333333333,30.0,24.73333333333333,30.0,21.466666666666665,30.0,27.966666666666665,30.0,6.8,103.33333333333333,6.633333333333333,103.33333333333333,7.266666666666666,103.33333333333333
130335A,Dee River at Wura,2020-12-01,2020-10-01 to 2020-12-01,31.0,10.0,0.6370000000000001,11.666666666666666,0.5613333333333334,11.666666666666666,0.726,11.666666666666666,0.0,11.666666666666666,0.0,11.666666666666666,0.0,11.666666666666666,0.0,11.666666666666666,0.0,11.666666666666666,0.0,11.666666666666666,0.0,11.666666666666666,1117.6666666666667,40.0,1065.3333333333333,40.0,1158.6666666666667,40.0,27.266666666666666,40.0,24.2,40.0,30.799999999999997,40.0,6.866666666666667,150.0,6.633333333333333,150.0,7.3999999999999995,150.0
130335A,Dee River at Wura,2021-01-01,2020-11-01 to 2021-01-01,27.666666666666668,10.0,0.49866666666666676,13.333333333333334,0.4386666666666667,13.333333333333334,0.5710000000000001,13.333333333333334,0.0,13.333333333333334,0.0,13.333333333333334,0.0,13.333333333333334,0.0,13.333333333333334,0.0,13.333333333333334,0.0,13.333333333333334,0.0,13.333333333333334,1106.0,80.0,1049.0,80.0,1152.0,80.0,28.45,80.0,25.449999999999996,80.0,32.55,80.0,6.9,166.66666666666666,6.6499999999999995,166.66666666666666,7.3,166.66666666666666
130335A,Dee River at Wura,2021-02-01,2020-12-01 to 2021-02-01,30.333333333333332,10.0,0.4100000000000001,15.0,0.386,15.0,0.4483333333333333,15.0,0.0,15.0,0.0,15.0,0.0,15.0,0.0,15.0,0.0,15.0,0.0,15.0,0.0,15.0,1085.0,133.33333333333334,1004.0,133.33333333333334,1150.0,133.33333333333334,29.2,133.33333333333334,26.1,133.33333333333334,33.3,133.33333333333334,6.8,183.33333333333334,6.6,183.33333333333334,7.0,183.33333333333334
130335A,Dee River at Wura,2021-03-01,2021-01-01 to 2021-03-01,48.0,10.0,0.38700000000000007,15.0,0.386,15.0,0.39566666666666667,15.0,0.0,15.0,0.0,15.0,0.0,15.0,0.0,15.0,0.0,15.0,0.0,15.0,0.0,15.0,,186.66666666666666,,186.66666666666666,,186.66666666666666,,186.66666666666666,,186.66666666666666,,186.66666666666666,,200.0,,200.0,,200.0
130335A,Dee River at Wura,2021-04-01,2021-02-01 to 2021-04-01,46.333333333333336,10.0,0.386,15.0,0.386,15.0,0.386,15.0,0.0,15.0,0.0,15.0,0.0,15.0,0.0,15.0,0.0,15.0,0.0,15.0,0.0,15.0,,200.0,,200.0,,200.0,,200.0,,200.0,,200.0,,200.0,,200.0,,200.0
130335A,Dee River at Wura,2021-05-01,2021-03-01 to 2021-05-01,44.0,10.0,0.386,15.0,0.386,15.0,0.386,15.0,0.0,15.0,0.0,15.0,0.0,15.0,0.0,15.0,0.0,15.0,0.0,15.0,0.0,15.0,,200.0,,200.0,,200.0,,200.0,,200.0,,200.0,,200.0,,200.0,,200.0
130335A,Dee River at Wura,2021-06-01,2021-04-01 to 2021-06-01,18.0,10.0,0.335,15.0,0.31466666666666665,15.0,0.386,15.0,0.0,15.0,0.0,15.0,0.0,15.0,0.0,15.0,0.0,15.0,0.0,15.0,0.0,15.0,,200.0,,200.0,,200.0,,200.0,,200.0,,200.0,,200.0,,200.0,,200.0
130335A,Dee River at Wura,2021-07-01,2021-05-01 to 2021-07-01,26.333333333333332,10.0,0.26366666666666677,15.0,0.24333333333333332,15.0,0.3146666666666667,15.0,0.0,15.0,0.0,15.0,0.0,15.0,0.0,15.0,0.0,15.0,0.0,15.0,0.0,15.0,,200.0,,200.0,,200.0,,200.0,,200.0,,200.0,,200.0,,200.0,,200.0
130335A,Dee River at Wura,2021-08-01,2021-06-01 to 2021-08-01,30.333333333333332,10.0,0.19233333333333338,15.0,0.172,15.0,0.24333333333333332,15.0,0.0,15.0,0.0,15.0,0.0,15.0,0.0,15.0,0.0,15.0,0.0,15.0,0.0,15.0,,200.0,,200.0,,200.0,,200.0,,200.0,,200.0,,200.0,,200.0,,200.0
130335A,Dee River at Wura,2021-09-01,2021-07-01 to 2021-09-01,18.666666666666668,10.0,0.172,15.0,0.172,15.0,0.172,15.0,0.0,15.0,0.0,15.0,0.0,15.0,0.0,15.0,0.0,15.0,0.0,15.0,0.0,15.0,,200.0,,200.0,,200.0,,200.0,,200.0,,200.0,,200.0,,200.0,,200.0
130335A,Dee River at Wura,2021-10-01,2021-08-01 to 2021-10-01,42.0,10.0,0.22000000000000006,15.0,0.172,15.0,0.5953333333333334,15.0,0.010666666666664298,20.0,0.0,20.0,1.1423333333333334,20.0,0.9223333333333333,20.0,0.0,20.0,98.69766666666668,20.0,28.596666666666668,20.0,,200.0,,200.0,,200.0,,200.0,,200.0,,200.0,,200.0,,200.0,,200.0
130335A,Dee River at Wura,2021-11-01,2021-09-01 to 2021-11-01,96.66666666666667,10.0,0.46800000000000014,13.333333333333334,0.32833333333333337,13.333333333333334,1.0723333333333334,13.333333333333334,0.0936666666666643,25.0,0.0,25.0,4.199333333333333,25.0,8.084,25.0,0.0,25.0,362.808,25.0,243.44999999999996,25.0,994.0,183.33333333333334,442.0,183.33333333333334,1418.0,183.33333333333334,26.2,136.66666666666666,22.8,136.66666666666666,28.8,136.66666666666666,4.9,183.33333333333334,4.1,183.33333333333334,6.6,183.33333333333334
130335A,Dee River at Wura,2021-12-01,2021-10-01 to 2021-12-01,128.66666666666666,10.0,0.8483333333333333,11.666666666666666,0.6210000000000001,11.666666666666666,2.1519999999999997,11.666666666666666,1.5326666666666642,30.0,0.0,30.0,42.0,30.0,132.427,30.0,0.0,30.0,3628.7856666666667,30.0,4098.08,30.0,852.0,123.33333333333333,323.5,123.33333333333333,1500.0,123.33333333333333,27.15,73.33333333333333,23.299999999999997,73.33333333333333,30.499999999999993,73.33333333333333,5.5,123.33333333333333,4.25,123.33333333333333,6.8,123.33333333333333
130335A,Dee River at Wura,2022-01-01,2021-11-01 to 2022-01-01,95.33333333333333,10.0,1.0973333333333335,10.0,0.9,10.0,2.049,10.0,1.5226666666666642,30.0,0.0,30.0,40.86633333333333,30.0,131.552,30.0,0.0,30.0,3530.836666666666,30.0,4070.9499999999994,30.0,884.0,63.333333333333336,491.0,63.333333333333336,1361.0,63.333333333333336,27.333333333333332,10.0,24.2,10.0,30.03333333333333,10.0,5.7,63.333333333333336,4.7,63.333333333333336,6.733333333333333,63.333333333333336
130335A,Dee River at Wura,2022-02-01,2021-12-01 to 2022-02-01,41.0,10.0,1.1206666666666667,10.0,1.0013333333333334,10.0,1.8576666666666668,10.0,1.4396666666666642,23.333333333333332,0.0,23.333333333333332,37.809333333333335,23.333333333333332,124.39033333333333,23.333333333333332,0.0,23.333333333333332,3266.7263333333335,23.333333333333332,3856.0966666666664,23.333333333333332,892.3333333333334,20.0,658.3333333333334,20.0,1246.0,20.0,27.833333333333332,10.0,25.233333333333334,10.0,30.16666666666666,10.0,6.266666666666666,20.0,5.3999999999999995,20.0,6.8999999999999995,20.0
130335A,Dee River at Wura,2022-03-01,2022-01-01 to 2022-03-01,59.666666666666664,10.0,1.078,10.0,0.9626666666666667,10.0,2.4613333333333336,10.0,1.2436666666666643,23.333333333333332,0.0,23.333333333333332,145.34433333333334,23.333333333333332,107.45233333333333,23.333333333333332,0.0,23.333333333333332,12557.735999999999,23.333333333333332,3331.02,23.333333333333332,927.3333333333334,16.666666666666668,610.6666666666666,16.666666666666668,1055.3333333333333,16.666666666666668,27.366666666666664,10.0,24.966666666666665,10.0,29.466666666666665,10.0,6.366666666666667,16.666666666666668,5.7,16.666666666666668,7.3,16.666666666666668
130335A,Dee River at Wura,2022-04-01,2022-02-01 to 2022-04-01,61.0,10.0,1.1000000000000003,10.0,0.9986666666666667,10.0,2.466,10.0,1.2429999999999977,16.666666666666668,0.0,16.666666666666668,145.33566666666667,16.666666666666668,107.40499999999999,16.666666666666668,0.0,16.666666666666668,12556.987333333333,16.666666666666668,3329.5533333333333,16.666666666666668,886.6666666666666,13.333333333333334,602.0,13.333333333333334,975.0,13.333333333333334,26.099999999999998,10.0,23.73333333333333,10.0,28.266666666666662,10.0,6.566666666666666,13.333333333333334,6.033333333333334,13.333333333333334,7.333333333333333,13.333333333333334
130335A,Dee River at Wura,2022-05-01,2022-03-01 to 2022-05-01,100.33333333333333,10.0,1.1940000000000002,10.0,1.0626666666666666,10.0,3.16,10.0,2.087666666666664,23.333333333333332,0.0,23.333333333333332,173.99533333333332,23.333333333333332,180.37166666666667,23.333333333333332,0.0,23.333333333333332,15033.168,23.333333333333332,5591.516666666666,23.333333333333332,781.0,10.0,366.3333333333333,10.0,886.3333333333334,10.0,24.2,10.0,21.599999999999998,10.0,26.23333333333333,10.0,6.666666666666667,10.0,6.2,10.0,7.6000000000000005,10.0
130335A,Dee River at Wura,2022-06-01,2022-04-01 to 2022-06-01,50.333333333333336,10.0,1.1976666666666667,10.0,1.1446666666666667,10.0,1.8276666666666668,10.0,0.8533333333333308,23.333333333333332,0.002999999999999935,23.333333333333332,28.685999999999996,23.333333333333332,73.718,23.333333333333332,0.25933333333333336,23.333333333333332,2478.456,23.333333333333332,2284.5066666666667,23.333333333333332,727.0,10.0,545.6666666666666,10.0,776.3333333333334,10.0,21.13333333333333,10.0,19.133333333333333,10.0,23.099999999999994,10.0,6.8999999999999995,10.0,6.733333333333333,10.0,7.266666666666667,10.0
130335A,Dee River at Wura,2022-07-01,2022-05-01 to 2022-07-01,82.33333333333333,10.0,1.2603333333333333,10.0,1.1666666666666667,10.0,2.0573333333333332,10.0,1.3799999999999975,30.0,0.006666666666666601,30.0,34.43233333333333,30.0,119.21566666666666,30.0,0.576,30.0,2974.9393333333337,30.0,3694.9300000000003,30.0,678.6666666666666,10.0,448.3333333333333,10.0,869.3333333333334,10.0,18.5,10.0,16.099999999999998,10.0,20.73333333333333,10.0,6.966666666666668,56.666666666666664,6.733333333333333,56.666666666666664,7.400000000000001,56.666666666666664
130335A,Dee River at Wura,2022-08-01,2022-06-01 to 2022-08-01,47.333333333333336,10.0,1.2446666666666666,10.0,1.1873333333333334,10.0,1.4556666666666667,10.0,0.5606666666666643,30.0,0.015666666666666603,30.0,5.973333333333334,30.0,48.43566666666666,30.0,1.3536666666666666,30.0,516.0963333333333,30.0,1500.7533333333333,30.0,676.6666666666666,10.0,555.3333333333334,10.0,847.0,10.0,16.933333333333334,10.0,14.933333333333332,10.0,19.399999999999995,10.0,6.866666666666666,103.33333333333333,6.7,103.33333333333333,7.066666666666666,103.33333333333333
130335A,Dee River at Wura,2022-09-01,2022-07-01 to 2022-09-01,65.66666666666667,10.0,1.2426666666666668,10.0,1.1850000000000003,10.0,1.4560000000000002,10.0,0.558333333333331,30.0,0.0146666666666666,30.0,5.974333333333334,30.0,48.23466666666667,30.0,1.2526666666666666,30.0,516.1683333333334,30.0,1494.7233333333334,30.0,713.3333333333334,10.0,588.0,10.0,895.3333333333334,10.0,17.73333333333333,10.0,15.866666666666665,10.0,19.66666666666666,10.0,6.800000000000001,103.33333333333333,6.666666666666667,103.33333333333333,7.0,103.33333333333333
130335A,Dee River at Wura,2022-10-01,2022-08-01 to 2022-10-01,55.666666666666664,10.0,1.2223333333333335,10.0,1.1796666666666666,10.0,1.4546666666666666,10.0,0.34466666666666423,30.0,0.01233333333333327,30.0,5.926000000000001,30.0,29.79133333333333,30.0,1.0366666666666666,30.0,511.97766666666666,30.0,922.9866666666667,30.0,710.0,10.0,527.3333333333334,10.0,814.0,10.0,20.13333333333333,10.0,18.23333333333333,10.0,22.899999999999995,10.0,6.833333333333333,56.666666666666664,6.733333333333333,56.666666666666664,7.400000000000001,56.666666666666664
130335A,Dee River at Wura,2022-11-01,2022-09-01 to 2022-11-01,78.0,10.0,1.2273333333333334,10.0,1.1713333333333333,10.0,1.78,10.0,0.5983333333333309,30.0,0.005333333333333269,30.0,17.884333333333334,30.0,51.70533333333333,30.0,0.4316666666666665,30.0,1545.1776666666665,30.0,1578.22,30.0,674.6666666666666,10.0,461.6666666666667,10.0,1274.0,10.0,22.5,10.0,20.4,10.0,25.53333333333333,10.0,6.933333333333334,10.0,5.966666666666666,10.0,7.533333333333334,10.0
130335A,Dee River at Wura,2022-12-01,2022-10-01 to 2022-12-01,76.66666666666667,10.0,1.292,10.0,1.1853333333333333,10.0,2.3193333333333332,10.0,1.8706666666666643,30.0,0.0216666666666666,30.0,40.65133333333333,30.0,161.636,30.0,1.8429999999999997,30.0,3512.2463333333326,30.0,4986.62,30.0,635.6666666666666,10.0,349.0,10.0,1280.6666666666667,10.0,24.266666666666662,10.0,21.433333333333334,10.0,27.7,10.0,6.933333333333334,10.0,5.5,10.0,7.533333333333334,10.0
130335A,Dee River at Wura,2023-01-01,2022-11-01 to 2023-01-01,78.0,10.0,1.2830000000000001,10.0,1.1966666666666665,10.0,2.1366666666666667,10.0,1.5939999999999976,30.0,0.030333333333333268,30.0,35.08566666666666,30.0,137.713,30.0,2.606333333333333,30.0,3031.3873333333327,30.0,4245.009999999999,30.0,647.6666666666666,10.0,453.6666666666667,10.0,1246.3333333333333,10.0,25.03333333333333,10.0,22.53333333333333,10.0,27.399999999999995,10.0,6.933333333333334,10.0,5.533333333333334,10.0,7.133333333333333,10.0
130335A,Dee River at Wura,2023-02-01,2022-12-01 to 2023-02-01,56.666666666666664,10.0,1.2823333333333335,10.0,1.2066666666666668,10.0,1.867,10.0,1.3839999999999977,30.0,0.03966666666666661,30.0,24.289666666666665,30.0,119.57966666666665,30.0,3.413,30.0,2098.613,30.0,3689.0733333333324,30.0,805.6666666666666,10.0,590.3333333333334,10.0,1113.6666666666667,10.0,25.866666666666664,10.0,23.5,10.0,28.16666666666666,10.0,6.900000000000001,10.0,6.066666666666667,10.0,7.033333333333332,10.0
130335A,Dee River at Wura,2023-03-01,2023-01-01 to 2023-03-01,52.333333333333336,10.0,1.2466666666666668,10.0,1.1946666666666668,10.0,1.868,10.0,0.6276666666666643,30.0,0.024333333333333266,30.0,24.352666666666668,30.0,54.226,30.0,2.0879999999999996,30.0,2104.0706666666665,30.0,1663.1066666666666,30.0,808.3333333333334,10.0,524.3333333333334,10.0,1158.0,10.0,26.266666666666662,10.0,24.733333333333334,10.0,28.599999999999994,10.0,6.8999999999999995,10.0,6.533333333333334,10.0,7.199999999999999,10.0
130335A,Dee River at Wura,2023-04-01,2023-02-01 to 2023-04-01,34.0,10.0,1.2313333333333334,10.0,1.1846666666666665,10.0,1.842666666666667,10.0,0.5953333333333309,30.0,0.015999999999999934,30.0,24.233999999999998,30.0,51.452333333333335,30.0,1.3536666666666664,30.0,2093.8176666666664,30.0,1576.756666666667,30.0,808.0,10.0,520.6666666666666,10.0,1151.6666666666667,10.0,25.466666666666665,10.0,24.066666666666663,10.0,28.23333333333333,10.0,6.866666666666667,10.0,6.5,10.0,7.166666666666667,10.0
130335A,Dee River at Wura,2023-05-01,2023-03-01 to 2023-05-01,30.0,10.0,1.2136666666666667,10.0,1.1736666666666666,10.0,1.7536666666666665,10.0,0.5299999999999976,30.0,0.006333333333333268,30.0,22.883666666666667,30.0,45.79466666666667,30.0,0.5039999999999997,30.0,1977.1343333333332,30.0,1419.2733333333333,30.0,688.0,10.0,485.0,10.0,820.0,10.0,22.633333333333336,10.0,20.5,10.0,25.866666666666664,10.0,6.933333333333334,10.0,6.833333333333333,10.0,7.166666666666667,10.0
130335A,Dee River at Wura,2023-06-01,2023-04-01 to 2023-06-01,15.666666666666666,10.0,1.1806666666666668,10.0,1.1713333333333333,10.0,1.2,10.0,0.010333333333330965,30.0,0.005,30.0,0.031,30.0,0.9009999999999999,30.0,0.40333333333333304,30.0,2.6493333333330304,30.0,27.333333333333332,30.0,703.0,10.0,656.6666666666666,10.0,732.3333333333334,10.0,19.399999999999995,10.0,17.066666666666666,10.0,21.966666666666665,10.0,6.966666666666666,10.0,6.866666666666667,10.0,7.033333333333334,10.0
130335A,Dee River at Wura,2023-07-01,2023-05-01 to 2023-07-01,24.333333333333332,10.0,1.179,10.0,1.1689999999999998,10.0,1.2056666666666667,10.0,0.00999999999999763,30.0,0.004333333333333268,30.0,0.043666666666666666,30.0,0.8473333333333333,30.0,0.34566666666666634,30.0,3.7439999999996965,30.0,26.026666666666667,30.0,698.0,10.0,671.3333333333334,10.0,719.0,10.0,17.233333333333334,10.0,15.0,10.0,19.266666666666662,10.0,6.966666666666666,10.0,6.866666666666667,10.0,7.066666666666666,10.0
130335A,Dee River at Wura,2023-08-01,2023-06-01 to 2023-08-01,24.0,10.0,1.1703333333333334,10.0,1.1589999999999998,10.0,1.193,10.0,0.006666666666664298,30.0,0.002666666666666602,30.0,0.03233333333333333,30.0,0.5676666666666667,30.0,0.21599999999999972,30.0,2.764666666666363,30.0,17.360000000000003,30.0,693.6666666666666,13.333333333333334,669.0,13.333333333333334,718.3333333333334,13.333333333333334,16.933333333333334,10.0,15.6,10.0,18.099999999999994,10.0,6.966666666666666,10.0,6.866666666666667,10.0,7.1,10.0
130335A,Dee River at Wura,2023-09-01,2023-07-01 to 2023-09-01,24.0,10.0,1.141,10.0,1.1096666666666666,10.0,1.1833333333333333,10.0,0.003999999999997631,30.0,0.0009999999999999352,30.0,0.027999999999999997,30.0,0.3346666666666667,30.0,0.0719999999999997,30.0,2.404666666666363,30.0,10.370000000000001,30.0,692.3333333333334,16.666666666666668,669.3333333333334,16.666666666666668,718.6666666666666,16.666666666666668,18.2,10.0,16.766666666666666,10.0,19.699999999999992,10.0,7.0,10.0,6.8999999999999995,10.0,7.133333333333333,10.0
130335A,Dee River at Wura,2023-10-01,2023-08-01 to 2023-10-01,5.666666666666667,10.0,1.0626666666666666,10.0,1.0046666666666668,10.0,1.117,10.0,0.0003333333333309649,23.333333333333332,0.0,23.333333333333332,0.001666666666666662,23.333333333333332,0.030666666666666665,23.333333333333332,0.0,23.333333333333332,0.12933333333303018,23.333333333333332,0.9499999999999998,23.333333333333332,696.0,20.0,670.6666666666666,20.0,721.3333333333334,20.0,20.566666666666666,10.0,18.899999999999995,10.0,22.399999999999995,10.0,7.066666666666666,10.0,6.966666666666666,10.0,7.166666666666667,10.0
130335A,Dee River at Wura,2023-11-01,2023-09-01 to 2023-11-01,28.333333333333332,10.0,0.9470000000000001,10.0,0.8796666666666667,10.0,1.011,10.0,0.0,16.666666666666668,0.0,16.666666666666668,0.0003333333333333287,16.666666666666668,0.0006666666666666666,16.666666666666668,0.0,16.666666666666668,0.0286666666663635,16.666666666666668,0.016666666666666666,16.666666666666668,709.0,20.0,686.0,20.0,735.3333333333334,20.0,23.13333333333333,10.0,21.299999999999997,10.0,25.299999999999994,10.0,7.133333333333333,10.0,7.0,10.0,7.233333333333333,10.0
130335A,Dee River at Wura,2023-12-01,2023-10-01 to 2023-12-01,91.0,10.0,0.8846666666666668,10.0,0.7873333333333333,10.0,1.4756666666666665,10.0,0.31866666666666427,16.666666666666668,0.0,16.666666666666668,16.945333333333334,16.666666666666668,27.544666666666668,16.666666666666668,0.0,16.666666666666668,1464.0766666666661,16.666666666666668,853.8866666666667,16.666666666666668,746.6666666666666,20.0,700.0,20.0,885.6666666666666,20.0,25.599999999999998,10.0,23.599999999999998,10.0,28.399999999999995,10.0,7.033333333333334,10.0,6.066666666666667,10.0,7.266666666666667,10.0
130335A,Dee River at Wura,2024-01-01,2023-11-01 to 2024-01-01,114.33333333333333,10.0,1.0330000000000001,10.0,0.8856666666666667,10.0,2.1936666666666667,10.0,2.268999999999998,23.333333333333332,0.005333333333333269,23.333333333333332,47.186,23.333333333333332,196.05466666666666,23.333333333333332,0.446333333333333,23.333333333333332,4076.870333333333,23.333333333333332,6077.696666666667,23.333333333333332,728.6666666666666,20.0,539.6666666666666,20.0,1031.3333333333333,20.0,27.23333333333333,10.0,24.5,10.0,30.399999999999995,10.0,6.8999999999999995,10.0,5.266666666666667,10.0,7.333333333333333,10.0
130335A,Dee River at Wura,2024-02-01,2023-12-01 to 2024-02-01,92.33333333333333,10.0,1.179,10.0,1.022,10.0,2.4923333333333333,10.0,2.6049999999999973,30.0,0.028999999999999932,30.0,51.855999999999995,30.0,225.09066666666664,30.0,2.4766666666666666,30.0,4480.358333333333,30.0,6919.743333333333,30.0,719.3333333333334,16.666666666666668,423.3333333333333,16.666666666666668,1027.6666666666667,16.666666666666668,28.066666666666663,10.0,25.299999999999997,10.0,31.899999999999995,10.0,6.733333333333334,10.0,5.1000000000000005,10.0,7.266666666666667,10.0
130335A,Dee River at Wura,2024-03-01,2024-01-01 to 2024-03-01,35.333333333333336,10.0,1.2690000000000001,10.0,1.1596666666666666,10.0,2.037,10.0,2.3079999999999976,30.0,0.04133333333333327,30.0,34.94466666666666,30.0,199.422,30.0,3.542333333333333,30.0,3019.205,30.0,6124.006666666667,30.0,704.0,13.333333333333334,428.0,13.333333333333334,896.6666666666666,13.333333333333334,27.46666666666667,10.0,25.166666666666668,10.0,30.499999999999996,10.0,6.7,10.0,5.933333333333334,10.0,7.099999999999999,10.0
130335A,Dee River at Wura,2024-04-01,2024-02-01 to 2024-04-01,38.0,10.0,1.245666666666667,10.0,1.1663333333333332,10.0,1.7913333333333334,10.0,1.3476666666666641,30.0,0.050999999999999934,30.0,19.566666666666666,30.0,116.435,30.0,4.377666666666666,30.0,1690.5456666666662,30.0,3465.89,30.0,625.3333333333334,10.0,423.6666666666667,10.0,764.3333333333334,10.0,25.8,10.0,24.23333333333333,10.0,28.433333333333326,10.0,6.766666666666667,10.0,6.6000000000000005,10.0,7.1000000000000005,10.0
130335A,Dee River at Wura,2024-05-01,2024-03-01 to 2024-05-01,33.333333333333336,10.0,1.2083333333333335,10.0,1.1466666666666667,10.0,1.6023333333333334,10.0,1.023666666666664,30.0,0.030999999999999934,30.0,14.944333333333335,30.0,88.42533333333334,30.0,2.6496666666666666,30.0,1291.1759999999997,30.0,2655.6566666666668,30.0,561.6666666666666,10.0,435.6666666666667,10.0,704.3333333333334,10.0,23.366666666666664,10.0,21.5,10.0,25.33333333333333,10.0,6.833333333333333,10.0,6.7,10.0,7.066666666666666,10.0
130335A,Dee River at Wura,2024-06-01,2024-04-01 to 2024-06-01,39.666666666666664,10.0,1.189,10.0,1.128,10.0,1.5843333333333334,10.0,1.0053333333333307,30.0,0.019999999999999934,30.0,14.918999999999999,30.0,86.83666666666666,30.0,1.6846666666666665,30.0,1288.9869999999996,30.0,2606.1233333333334,30.0,496.3333333333333,10.0,371.3333333333333,10.0,643.0,10.0,19.966666666666665,10.0,17.666666666666664,10.0,22.83333333333333,10.0,6.966666666666668,10.0,6.766666666666667,10.0,7.266666666666667,10.0
130335A,Dee River at Wura,2024-07-01,2024-05-01 to 2024-07-01,18.333333333333332,10.0,1.1186666666666667,10.0,1.1063333333333334,10.0,1.1436666666666666,10.0,0.016999999999997333,30.0,0.005666666666666602,30.0,0.06133333333333333,30.0,1.469,30.0,0.4606666666666664,30.0,5.2703333333330304,30.0,45.25,30.0,550.6666666666666,10.0,490.3333333333333,10.0,589.6666666666666,10.0,17.466666666666665,10.0,14.899999999999999,10.0,20.23333333333333,10.0,7.033333333333332,20.0,6.866666666666667,20.0,7.2,20.0
130335A,Dee River at Wura,2024-08-01,2024-06-01 to 2024-08-01,50.333333333333336,10.0,1.1963333333333335,10.0,1.1006666666666667,10.0,2.183666666666667,10.0,2.81533333333333,30.0,0.002666666666666602,30.0,80.25533333333333,30.0,243.25199999999998,30.0,0.21599999999999966,30.0,6934.017666666667,30.0,7540.5233333333335,30.0,548.3333333333334,10.0,389.0,10.0,762.0,10.0,16.766666666666666,10.0,13.533333333333331,10.0,19.899999999999995,10.0,7.033333333333334,30.0,6.066666666666667,30.0,7.5,30.0
130335A,Dee River at Wura,2024-09-01,2024-07-01 to 2024-09-01,38.666666666666664,10.0,1.204,10.0,1.1033333333333333,10.0,2.1953333333333336,10.0,2.8263333333333303,30.0,0.003999999999999935,30.0,80.27966666666666,30.0,244.1966666666667,30.0,0.34566666666666634,30.0,6936.119999999999,30.0,7568.866666666668,30.0,541.0,10.0,380.3333333333333,10.0,762.0,10.0,18.333333333333332,10.0,15.633333333333333,10.0,20.399999999999995,10.0,6.8999999999999995,40.0,5.966666666666666,40.0,7.3,40.0
130335A,Dee River at Wura,2024-10-01,2024-08-01 to 2024-10-01,47.333333333333336,10.0,1.2060000000000002,10.0,1.103,10.0,2.1986666666666665,10.0,2.8276666666666634,30.0,0.003999999999999935,30.0,80.28333333333333,30.0,244.30700000000002,30.0,0.34566666666666634,30.0,6936.436666666667,30.0,7572.286666666666,30.0,559.6666666666666,10.0,396.6666666666667,10.0,781.6666666666666,10.0,20.633333333333333,10.0,18.166666666666668,10.0,22.63333333333333,10.0,6.733333333333334,40.0,5.833333333333333,40.0,7.133333333333334,40.0
130335A,Dee River at Wura,2024-11-01,2024-09-01 to 2024-11-01,21.0,10.0,1.1106666666666667,13.333333333333334,1.0906666666666667,13.333333333333334,1.1336666666666666,13.333333333333334,0.017333333333330373,30.0,0.0033333333333332685,30.0,0.043000000000000003,30.0,1.5056666666666667,30.0,0.28799999999999965,30.0,3.6716666666666664,30.0,45.44,30.0,615.3333333333334,10.0,584.0,10.0,648.3333333333334,10.0,23.099999999999998,10.0,21.666666666666668,10.0,24.366666666666664,10.0,6.65,80.0,6.55,80.0,6.75,80.0
130335A,Dee River at Wura,2024-12-01,2024-10-01 to 2024-12-01,56.333333333333336,10.0,1.0833333333333335,16.666666666666668,1.056,16.666666666666668,1.1073333333333333,16.666666666666668,0.0029999999999970393,30.0,0.0006666666666666019,30.0,0.01,30.0,0.27366666666666667,30.0,0.057666666666666366,30.0,0.835,30.0,8.479999999999999,30.0,668.3333333333334,10.0,639.0,10.0,693.0,10.0,25.366666666666664,10.0,23.766666666666666,10.0,26.66666666666666,10.0,6.75,70.0,6.65,70.0,6.9,70.0
130335A,Dee River at Wura,2025-01-01,2024-11-01 to 2025-01-01,90.66666666666667,10.0,1.1156666666666668,20.0,1.041,20.0,1.2753333333333332,20.0,0.25999999999999707,30.0,0.0,30.0,3.035,30.0,22.471333333333334,30.0,0.0,30.0,262.20933333333335,30.0,696.6033333333334,30.0,815.3333333333334,10.0,673.0,10.0,933.6666666666666,10.0,26.900000000000002,10.0,25.066666666666663,10.0,28.466666666666665,10.0,6.6,60.0,5.9,60.0,7.05,60.0
130335A,Dee River at Wura,2025-02-01,2024-12-01 to 2025-02-01,107.66666666666667,10.0,1.1570000000000003,20.0,1.0543333333333333,20.0,1.3603333333333332,20.0,0.43433333333333035,30.0,0.0009999999999999352,30.0,3.7470000000000003,30.0,37.529333333333334,30.0,0.08633333333333304,30.0,323.74066666666664,30.0,1118.21,30.0,1073.0,10.0,798.0,10.0,1266.0,10.0,27.299999999999997,10.0,25.566666666666663,10.0,29.16666666666666,10.0,6.366666666666667,10.0,5.466666666666666,10.0,6.933333333333334,10.0
130335A,Dee River at Wura,2025-03-01,2025-01-01 to 2025-03-01,139.0,10.0,1.1916666666666667,20.0,1.0833333333333333,20.0,2.359,20.0,0.9806666666666638,30.0,0.001666666666666602,30.0,72.366,30.0,84.74499999999999,30.0,0.12966666666666637,30.0,6252.408,30.0,2581.9,30.0,1286.0,10.0,649.6666666666666,10.0,1573.0,10.0,26.866666666666664,10.0,25.23333333333333,10.0,28.966666666666658,10.0,6.233333333333333,10.0,4.866666666666666,10.0,6.766666666666667,10.0
130335A,Dee River at Wura,2025-04-01,2025-02-01 to 2025-04-01,127.0,10.0,1.3110000000000002,20.0,1.131,20.0,3.079,20.0,4.690999999999996,30.0,0.009666666666666603,30.0,123.522,30.0,405.3086666666666,30.0,0.8063333333333329,30.0,10672.271999999999,30.0,12176.346666666666,30.0,1181.3333333333333,10.0,501.6666666666667,10.0,1423.3333333333333,10.0,25.63333333333333,10.0,23.96666666666667,10.0,27.999999999999996,10.0,6.166666666666667,10.0,4.766666666666667,10.0,6.7,10.0
130335A,Dee River at Wura,2025-05-01,2025-03-01 to 2025-05-01,119.0,10.0,1.3036666666666668,20.0,1.1506666666666667,20.0,3.0286666666666666,20.0,4.52133333333333,30.0,0.00933333333333327,30.0,122.82233333333335,30.0,390.6366666666666,30.0,0.7776666666666664,30.0,10611.820666666667,30.0,11766.713333333333,30.0,998.6666666666666,10.0,454.3333333333333,10.0,1166.0,10.0,23.53333333333333,10.0,21.666666666666668,10.0,25.66666666666666,10.0,6.5,10.0,5.466666666666666,10.0,6.8,10.0
130335A,Dee River at Wura,2025-06-01,2025-04-01 to 2025-06-01,58.0,10.0,1.3076666666666668,16.666666666666668,1.1723333333333332,16.666666666666668,2.069,16.666666666666668,3.97833333333333,30.0,0.010333333333333269,30.0,54.21533333333333,30.0,343.71166666666664,30.0,0.8783333333333331,30.0,4684.19,30.0,10311.74,30.0,858.0,10.0,672.0,10.0,933.6666666666666,10.0,20.466666666666665,10.0,17.966666666666665,10.0,23.033333333333328,10.0,6.633333333333334,10.0,6.066666666666666,10.0,6.966666666666666,10.0
130335A,Dee River at Wura,2025-07-01,2025-05-01 to 2025-07-01,32.0,10.0,1.1720000000000004,13.333333333333334,1.1583333333333332,13.333333333333334,1.1963333333333332,13.333333333333334,0.011333333333330966,30.0,0.004333333333333269,30.0,0.03333333333333333,30.0,0.9603333333333333,30.0,0.3599999999999997,30.0,2.8796666666666666,30.0,29.48,30.0,893.3333333333334,10.0,869.6666666666666,10.0,922.3333333333334,10.0,17.8,10.0,15.733333333333334,10.0,19.699999999999996,10.0,6.933333333333334,10.0,6.8,10.0,7.133333333333333,10.0
130335A,Dee River at Wura,2025-08-01,2025-06-01 to 2025-08-01,22.333333333333332,10.0,1.163,10.0,1.1523333333333332,10.0,1.1860000000000002,10.0,0.010333333333330965,30.0,0.005999999999999936,30.0,0.028666666666666663,30.0,0.8753333333333333,30.0,0.4896666666666663,30.0,2.4623333333333335,30.0,26.843333333333334,30.0,876.6666666666666,10.0,852.3333333333334,10.0,904.0,10.0,16.53333333333333,10.0,14.466666666666667,10.0,18.466666666666665,10.0,7.0,10.0,6.900000000000001,10.0,7.266666666666667,10.0
130335A,Dee River at Wura,2025-09-01,2025-07-01 to 2025-09-01,19.666666666666668,10.0,1.1496666666666666,10.0,1.1353333333333333,10.0,1.1686666666666667,10.0,0.008333333333330965,30.0,0.004333333333333268,30.0,0.02033333333333333,30.0,0.7073333333333333,30.0,0.34566666666666634,30.0,1.7280000000000004,30.0,21.80666666666667,30.0,859.6666666666666,10.0,838.3333333333334,10.0,884.3333333333334,10.0,17.433333333333334,10.0,15.6,10.0,19.16666666666666,10.0,7.033333333333332,10.0,6.933333333333334,10.0,7.3,10.0
130335A,Dee River at Wura,2025-10-01,2025-08-01 to 2025-10-01,23.0,10.0,1.124666666666667,10.0,1.0959999999999999,10.0,1.148,10.0,0.004999999999997631,30.0,0.0023333333333332685,30.0,0.013,30.0,0.4316666666666667,30.0,0.18733333333333305,30.0,1.0943333333333334,30.0,13.26,30.0,879.0,10.0,853.3333333333334,10.0,902.6666666666666,10.0,20.099999999999998,10.0,17.866666666666664,10.0,22.299999999999994,10.0,7.0,10.0,6.8999999999999995,10.0,7.233333333333333,10.0
130335A,Dee River at Wura,2025-11-01,2025-09-01 to 2025-11-01,42.0,10.0,1.0896666666666668,10.0,1.0486666666666666,10.0,1.132,10.0,0.001333333333330965,30.0,0.0,30.0,0.005333333333333333,30.0,0.12566666666666668,30.0,0.0,30.0,0.43166666666666664,30.0,3.776666666666666,30.0,918.6666666666666,10.0,892.3333333333334,10.0,947.0,10.0,23.333333333333332,10.0,21.099999999999998,10.0,25.899999999999995,10.0,6.900000000000001,10.0,6.8,10.0,7.133333333333333,10.0
130335A,Dee River at Wura,2025-12-01,2025-10-01 to 2025-12-01,73.33333333333333,10.0,1.0456666666666667,10.0,0.9663333333333332,10.0,1.319,10.0,0.1216666666666643,30.0,0.0,30.0,3.910666666666667,30.0,10.525333333333334,30.0,0.0,30.0,337.867,30.0,326.2866666666667,30.0,985.6666666666666,10.0,874.6666666666666,10.0,1181.3333333333333,10.0,25.833333333333332,10.0,23.833333333333332,10.0,28.199999999999992,10.0,6.833333333333333,10.0,6.3999999999999995,10.0,7.1,10.0
130335A,Dee River at Wura,2026-01-01,2025-11-01 to 2026-01-01,90.0,10.0,1.1793333333333333,10.0,0.9943333333333332,10.0,2.21,10.0,3.817999999999998,30.0,0.0006666666666666019,30.0,57.595666666666666,30.0,329.902,30.0,0.043333333333333036,30.0,4976.236666666667,30.0,10226.96,30.0,1012.3333333333334,10.0,635.3333333333334,10.0,1372.3333333333333,10.0,26.899999999999995,10.0,25.03333333333333,10.0,29.766666666666662,10.0,6.633333333333333,10.0,5.5,10.0,7.133333333333333,10.0
130335A,Dee River at Wura,2026-02-01,2025-12-01 to 2026-02-01,76.0,10.0,1.2173333333333334,10.0,1.0456666666666665,10.0,2.23,10.0,3.8266666666666644,30.0,0.005999999999999936,30.0,57.61466666666667,30.0,330.63666666666666,30.0,0.5039999999999997,30.0,4977.892666666667,30.0,10247.523333333333,30.0,1015.3333333333334,10.0,628.3333333333334,10.0,1393.6666666666667,10.0,26.933333333333334,10.0,25.23333333333333,10.0,29.266666666666662,10.0,6.566666666666666,10.0,5.3999999999999995,10.0,7.033333333333334,10.0
130335A,Dee River at Wura,2026-03-01,2026-01-01 to 2026-03-01,74.66666666666667,10.0,1.3756666666666668,10.0,1.141333333333333,10.0,3.6826666666666665,10.0,7.183666666666665,30.0,0.009999999999999936,30.0,278.1586666666667,30.0,620.6643333333333,30.0,0.8353333333333329,30.0,24032.88,30.0,19238.383333333335,30.0,950.3333333333334,10.0,424.0,10.0,1325.6666666666667,10.0,26.466666666666665,10.0,24.466666666666665,10.0,29.133333333333326,10.0,6.5,10.0,5.066666666666667,10.0,7.066666666666666,10.0
130335A,Dee River at Wura,2026-04-01,2026-02-01 to 2026-04-01,45.0,10.0,1.2796666666666667,10.0,1.1543333333333332,10.0,2.8409999999999997,10.0,3.4953333333333307,30.0,0.00933333333333327,30.0,224.52199999999996,30.0,301.9683333333333,30.0,0.7919999999999997,30.0,19398.686333333335,30.0,9358.130000000001,30.0,925.3333333333334,10.0,665.6666666666666,10.0,1171.6666666666667,10.0,25.066666666666663,10.0,23.099999999999998,10.0,26.73333333333333,10.0,6.733333333333333,10.0,6.0,10.0,7.1000000000000005,10.0
130335A,Dee River at Wura,2026-05-01,2026-03-01 to 2026-05-01,38.666666666666664,10.0,1.2753333333333334,10.0,1.1496666666666666,10.0,2.8346666666666667,10.0,3.486666666666664,30.0,0.003999999999999937,30.0,224.50166666666667,30.0,301.23066666666665,30.0,0.331333333333333,30.0,19396.929666666667,30.0,9337.473333333333,30.0,896.3333333333334,10.0,640.3333333333334,10.0,1124.0,10.0,22.83333333333333,10.0,20.566666666666663,10.0,24.86666666666666,10.0,6.8999999999999995,10.0,6.2,10.0,7.266666666666667,10.0
130335A,Dee River at Wura,2026-06-01,2026-04-01 to 2026-06-01,6.0,10.0,1.1696666666666669,10.0,1.15,10.0,1.1989999999999998,10.0,0.007999999999997632,30.0,0.0,30.0,0.048666666666666664,30.0,0.6806666666666666,30.0,0.0,30.0,4.204666666666667,30.0,20.423333333333336,30.0,881.6666666666666,10.0,852.0,10.0,946.3333333333334,10.0,20.099999999999994,10.0,17.999999999999996,10.0,21.633333333333326,10.0,7.1000000000000005,10.0,6.966666666666666,10.0,7.366666666666667,10.0
130335A,Dee River at Wura,2026-07-01,2026-05-01 to 2026-07-01,6.0,10.0,1.151,10.0,1.141333333333333,10.0,1.1633333333333333,10.0,0.0,30.0,0.0,30.0,0.0,30.0,0.0,30.0,0.0,30.0,0.0,30.0,0.0,30.0,839.6666666666666,10.0,813.0,10.0,865.6666666666666,10.0,18.066666666666666,10.0,16.133333333333333,10.0,19.699999999999992,10.0,7.166666666666667,10.0,7.033333333333334,10.0,7.433333333333334,10.0
130335A,Dee River at Wura,2026-08-01,2026-06-01 to 2026-08-01,0.6666666666666666,10.0,1.1423333333333334,10.0,1.131,10.0,1.1523333333333332,10.0,0.0,30.0,0.0,30.0,0.0,30.0,0.0,30.0,0.0,30.0,0.0,30.0,0.0,30.0,810.3333333333334,10.0,790.0,10.0,833.3333333333334,10.0,17.2,10.0,15.366666666666665,10.0,18.799999999999997,10.0,7.2,10.0,7.066666666666666,10.0,7.5,10.0
130335A,Dee River at Wura,2026-09-01,2026-07-01 to 2026-09-01,0.0,91.66666666666667,1.1345,91.66666666666667,1.1215,91.66666666666667,1.1465,91.66666666666667,0.0,105.0,0.0,105.0,0.0,105.0,0.0,105.0,0.0,105.0,0.0,105.0,0.0,105.0,800.0,91.66666666666667,777.5,91.66666666666667,822.5,91.66666666666667,17.049999999999997,91.66666666666667,15.299999999999997,91.66666666666667,18.799999999999994,91.66666666666667,7.2,91.66666666666667,7.1,91.66666666666667,7.5,91.66666666666667
130355A,Dee River at Kenbula,1992-01-01,1991-11-01 to 1992-01-01,,255.0,,255.0,,255.0,,255.0,,255.0,,255.0,,255.0,,255.0,,255.0,,255.0,,255.0,,255.0,,255.0,,255.0,,255.0,,255.0,,255.0,,255.0,,255.0,,255.0
130355A,Dee River at Kenbula,1992-02-01,1991-12-01 to 1992-02-01,,255.0,0.56,132.0,0.35,132.0,1.095,132.0,0.372,137.5,0.0,137.5,6.702,137.5,32.124,137.5,0.0,137.5,579.053,137.5,931.6,137.5,,255.0,,255.0,,255.0,,255.0,,255.0,,255.0,,255.0,,255.0,,255.0
130355A,Dee River at Kenbula,1992-03-01,1992-01-01 to 1992-03-01,,255.0,0.5875,91.0,0.4355,91.0,1.157,91.0,0.4125,98.33333333333333,0.006,98.33333333333333,9.6355,98.33333333333333,35.626000000000005,98.33333333333333,0.5185,98.33333333333333,832.4855,98.33333333333333,1072.285,98.33333333333333,,255.0,,255.0,,255.0,,255.0,,255.0,,255.0,,255.0,,255.0,,255.0
130355A,Dee River at Kenbula,1992-04-01,1992-02-01 to 1992-04-01,,255.0,0.5676666666666667,9.0,0.4606666666666667,9.0,0.9583333333333334,9.0,0.28099999999999997,16.666666666666668,0.006333333333333333,16.666666666666668,6.439,16.666666666666668,24.257666666666665,16.666666666666668,0.5473333333333333,16.666666666666668,556.3006666666666,16.666666666666668,730.07,16.666666666666668,,255.0,,255.0,,255.0,,255.0,,255.0,,255.0,,255.0,,255.0,,255.0
130355A,Dee River at Kenbula,1992-05-01,1992-03-01 to 1992-05-01,,255.0,0.566,25.666666666666668,0.513,25.666666666666668,0.8290000000000001,25.666666666666668,0.17600000000000002,29.666666666666668,0.008333333333333333,29.666666666666668,4.357333333333334,29.666666666666668,15.180333333333332,29.666666666666668,0.7056666666666667,29.666666666666668,376.44466666666654,29.666666666666668,470.09,29.666666666666668,,255.0,,255.0,,255.0,,255.0,,255.0,,255.0,,255.0,,255.0,,255.0
130355A,Dee River at Kenbula,1992-06-01,1992-04-01 to 1992-06-01,,255.0,0.5386666666666667,25.666666666666668,0.5116666666666667,25.666666666666668,0.61,25.666666666666668,0.032,26.333333333333332,0.007666666666666666,26.333333333333332,0.18333333333333335,26.333333333333332,2.7449999999999997,26.333333333333332,0.648,26.333333333333332,15.811333333333332,26.333333333333332,83.98999999999994,26.333333333333332,,255.0,,255.0,,255.0,,255.0,,255.0,,255.0,,255.0,,255.0,,255.0
130355A,Dee River at Kenbula,1992-07-01,1992-05-01 to 1992-07-01,,255.0,0.536,25.666666666666668,0.513,25.666666666666668,0.6013333333333334,25.666666666666668,0.03,26.333333333333332,0.008333333333333333,26.333333333333332,0.17466666666666664,26.333333333333332,2.5726666666666667,26.333333333333332,0.7056666666666667,26.333333333333332,15.077,26.333333333333332,79.1566666666666,26.333333333333332,,255.0,,255.0,,255.0,,255.0,,255.0,,255.0,,255.0,,255.0,,255.0
130355A,Dee River at Kenbula,1992-08-01,1992-06-01 to 1992-08-01,,255.0,0.5236666666666666,9.0,0.5123333333333333,9.0,0.559,9.0,0.015,10.0,0.007999999999999998,10.0,0.046000000000000006,10.0,1.287,10.0,0.6913333333333332,10.0,3.9456666666666664,10.0,39.29666666666659,10.0,,255.0,,255.0,,255.0,,255.0,,255.0,,255.0,,255.0,,255.0,,255.0
130355A,Dee River at Kenbula,1992-09-01,1992-07-01 to 1992-09-01,,255.0,0.521,9.0,0.5073333333333334,9.0,0.569,9.0,0.013666666666666667,10.0,0.006333333333333333,10.0,0.06066666666666667,10.0,1.1660000000000001,10.0,0.533,10.0,5.227,10.0,35.66333333333326,10.0,3961.0,213.33333333333334,3597.0,213.33333333333334,4567.0,213.33333333333334,22.4,213.33333333333334,17.4,213.33333333333334,28.0,213.33333333333334,,236.66666666666666,,236.66666666666666,,236.66666666666666
130355A,Dee River at Kenbula,1992-10-01,1992-08-01 to 1992-10-01,,255.0,0.5096666666666666,9.0,0.492,9.0,0.565,9.0,0.010333333333333333,10.0,0.0033333333333333335,10.0,0.05833333333333334,10.0,0.8816666666666667,10.0,0.27366666666666667,10.0,5.025333333333333,10.0,26.846666666666593,10.0,4549.5,171.66666666666666,3946.0,171.66666666666666,5118.5,171.66666666666666,23.65,171.66666666666666,17.85,171.66666666666666,28.75,171.66666666666666,3.5,195.0,2.8,195.0,4.3,195.0
130355A,Dee River at Kenbula,1992-11-01,1992-09-01 to 1992-11-01,,255.0,0.5036666666666667,9.0,0.47533333333333333,9.0,0.5756666666666667,9.0,0.010666666666666666,10.0,0.0016666666666666668,10.0,0.07833333333333334,10.0,0.9073333333333334,10.0,0.12966666666666668,10.0,6.753333333333333,10.0,27.269999999999925,10.0,4549.5,153.33333333333334,3946.0,153.33333333333334,5118.5,153.33333333333334,25.03333333333333,130.0,19.066666666666666,130.0,30.8,130.0,3.45,153.33333333333334,2.65,153.33333333333334,4.5,153.33333333333334
130355A,Dee River at Kenbula,1992-12-01,1992-10-01 to 1992-12-01,,255.0,0.5003333333333333,9.0,0.45999999999999996,9.0,0.5776666666666667,9.0,0.009333333333333332,10.0,0.0,10.0,0.08233333333333333,10.0,0.8000000000000002,10.0,0.0,10.0,7.099,10.0,24.433333333333255,10.0,4503.0,153.33333333333334,3583.5,153.33333333333334,5794.0,153.33333333333334,27.066666666666666,130.0,21.433333333333334,130.0,32.800000000000004,130.0,3.3333333333333335,130.0,2.5666666666666664,130.0,4.333333333333333,130.0
130355A,Dee River at Kenbula,1993-01-01,1992-11-01 to 1993-01-01,45.0,173.33333333333334,0.5093333333333333,9.0,0.45733333333333337,9.0,0.5863333333333333,9.0,0.012666666666666666,10.0,0.0,10.0,0.08900000000000001,10.0,1.0816666666666668,10.0,0.0,10.0,7.660666666666667,10.0,33.163333333333256,10.0,3689.0,153.33333333333334,2812.0,153.33333333333334,5057.0,153.33333333333334,28.46666666666667,130.0,23.5,130.0,34.266666666666666,130.0,3.266666666666667,130.0,2.5666666666666664,130.0,4.166666666666667,130.0
130355A,Dee River at Kenbula,1993-02-01,1992-12-01 to 1993-02-01,46.5,91.66666666666667,0.48933333333333334,9.0,0.426,9.0,0.5636666666666666,9.0,0.008666666666666666,10.0,0.0,10.0,0.05466666666666667,10.0,0.7496666666666667,10.0,0.0,10.0,4.694333333333333,10.0,23.12999999999992,10.0,3916.0,130.0,3057.0,130.0,4956.0,130.0,28.900000000000002,130.0,24.76666666666667,130.0,34.1,130.0,3.1999999999999997,130.0,2.6,130.0,3.9,130.0
130355A,Dee River at Kenbula,1993-03-01,1993-01-01 to 1993-03-01,31.333333333333332,10.0,0.462,9.0,0.37566666666666665,9.0,0.5443333333333333,9.0,0.005,10.0,0.0,10.0,0.028333333333333335,10.0,0.4323333333333333,10.0,0.0,10.0,2.419333333333333,10.0,13.28666666666659,10.0,4378.333333333333,130.0,3495.6666666666665,130.0,4946.0,130.0,28.633333333333336,130.0,23.3,130.0,33.93333333333334,130.0,3.25,153.33333333333334,2.7,153.33333333333334,3.8499999999999996,153.33333333333334
130355A,Dee River at Kenbula,1993-04-01,1993-02-01 to 1993-04-01,16.333333333333332,10.0,0.355,9.0,0.2493333333333333,9.0,0.4630000000000001,9.0,0.001,10.0,0.0,10.0,0.017333333333333336,10.0,0.10033333333333333,10.0,0.0,10.0,1.4833333333333332,10.0,2.9933333333332577,10.0,5401.0,130.0,4533.333333333333,130.0,5904.0,130.0,26.866666666666664,130.0,20.96666666666667,130.0,33.03333333333333,130.0,3.2,176.66666666666666,2.6,176.66666666666666,3.9,176.66666666666666
130355A,Dee River at Kenbula,1993-05-01,1993-03-01 to 1993-05-01,4.666666666666667,10.0,0.3125,66.0,0.19349999999999998,66.0,0.42250000000000004,66.0,0.0006666666666666666,13.0,0.0,13.0,0.008,13.0,0.06166666666666667,13.0,0.0,13.0,0.6913333333333332,13.0,1.9099999999999244,13.0,6409.333333333333,130.0,5639.0,130.0,6918.0,130.0,24.233333333333334,130.0,17.96666666666667,130.0,30.099999999999998,130.0,3.5,176.66666666666666,3.2,176.66666666666666,3.9,176.66666666666666
130355A,Dee River at Kenbula,1993-06-01,1993-04-01 to 1993-06-01,5.333333333333333,10.0,0.118,82.66666666666667,0.0465,82.66666666666667,0.191,82.66666666666667,0.0,29.333333333333332,0.0,29.333333333333332,0.0,29.333333333333332,0.0,29.333333333333332,0.0,29.333333333333332,0.0,29.333333333333332,0.0,29.333333333333332,7435.333333333333,130.0,6763.0,130.0,8043.666666666667,130.0,20.5,130.0,14.833333333333334,130.0,26.53333333333333,130.0,3.65,153.33333333333334,3.1500000000000004,153.33333333333334,4.25,153.33333333333334
130355A,Dee River at Kenbula,1993-07-01,1993-05-01 to 1993-07-01,39.333333333333336,10.0,0.19899999999999998,82.66666666666667,0.009999999999999998,82.66666666666667,0.393,82.66666666666667,0.004,29.333333333333332,0.0,29.333333333333332,0.15566666666666668,29.333333333333332,0.34933333333333333,29.333333333333332,0.0,29.333333333333332,13.449666666666666,29.333333333333332,10.823333333333258,29.333333333333332,8228.333333333334,130.0,7574.0,130.0,8816.0,130.0,19.366666666666667,130.0,14.200000000000001,130.0,24.333333333333332,130.0,3.6999999999999997,130.0,3.1999999999999997,130.0,4.333333333333333,130.0
130355A,Dee River at Kenbula,1993-08-01,1993-06-01 to 1993-08-01,44.333333333333336,10.0,0.29433333333333334,25.666666666666668,0.16566666666666666,25.666666666666668,0.442,25.666666666666668,0.004333333333333334,26.333333333333332,0.0,26.333333333333332,0.16366666666666668,26.333333333333332,0.391,26.333333333333332,0.0,26.333333333333332,14.140999999999998,26.333333333333332,12.11666666666659,26.333333333333332,8298.0,130.0,7589.666666666667,130.0,9035.333333333334,130.0,19.099999999999998,130.0,14.5,130.0,23.733333333333334,130.0,3.733333333333333,130.0,3.1999999999999997,130.0,4.433333333333334,130.0
130355A,Dee River at Kenbula,1993-09-01,1993-07-01 to 1993-09-01,53.333333333333336,10.0,0.4426666666666666,9.0,0.31966666666666665,9.0,0.5926666666666667,9.0,0.005,10.0,0.0,10.0,0.169,10.0,0.442,10.0,0.0,10.0,14.601666666666667,10.0,13.649999999999922,10.0,7796.333333333333,130.0,7247.666666666667,130.0,8339.666666666666,130.0,21.266666666666666,130.0,17.099999999999998,130.0,25.0,130.0,3.6,130.0,3.2000000000000006,130.0,4.133333333333334,130.0
130355A,Dee River at Kenbula,1993-10-01,1993-08-01 to 1993-10-01,41.333333333333336,10.0,0.48066666666666674,9.0,0.45399999999999996,9.0,0.5753333333333334,9.0,0.0016666666666666668,10.0,0.0,10.0,0.09833333333333333,10.0,0.157,10.0,0.0,10.0,8.496,10.0,4.819999999999925,10.0,7443.0,130.0,6874.0,130.0,7964.666666666667,130.0,22.666666666666668,130.0,18.333333333333332,130.0,26.400000000000002,130.0,3.266666666666667,130.0,2.966666666666667,130.0,3.8000000000000003,130.0
130355A,Dee River at Kenbula,1993-11-01,1993-09-01 to 1993-11-01,48.0,73.33333333333333,0.49899999999999994,9.0,0.4546666666666666,9.0,0.749,9.0,0.03366666666666667,13.333333333333334,0.0,13.333333333333334,1.934,13.333333333333334,2.9156666666666666,13.333333333333334,0.0,13.333333333333334,167.09733333333332,13.333333333333334,87.53999999999992,13.333333333333334,6762.333333333333,130.0,4570.333333333333,130.0,7789.666666666667,130.0,25.866666666666664,130.0,21.23333333333333,130.0,29.76666666666667,130.0,3.0,130.0,2.5000000000000004,130.0,3.5,130.0
130355A,Dee River at Kenbula,1993-12-01,1993-10-01 to 1993-12-01,66.0,136.66666666666666,0.512,9.0,0.45966666666666667,9.0,0.8006666666666667,9.0,0.04133333333333333,13.333333333333334,0.0006666666666666666,13.333333333333334,2.0466666666666664,13.333333333333334,3.5809999999999995,13.333333333333334,0.043333333333333335,13.333333333333334,176.832,13.333333333333334,108.20999999999992,13.333333333333334,6494.333333333333,130.0,2392.3333333333335,130.0,8021.666666666667,130.0,28.7,130.0,23.866666666666664,130.0,32.266666666666666,130.0,2.8,153.33333333333334,2.2,153.33333333333334,3.4,153.33333333333334
130355A,Dee River at Kenbula,1994-01-01,1993-11-01 to 1994-01-01,,200.0,0.5153333333333334,9.0,0.4683333333333333,9.0,0.7503333333333333,9.0,0.041,13.333333333333334,0.0006666666666666666,13.333333333333334,1.9636666666666667,13.333333333333334,3.5523333333333333,13.333333333333334,0.043333333333333335,13.333333333333334,169.64633333333333,13.333333333333334,107.3266666666666,13.333333333333334,5932.333333333333,130.0,1900.3333333333333,130.0,7488.333333333333,130.0,30.8,130.0,26.133333333333336,130.0,34.46666666666667,130.0,2.7,153.33333333333334,2.1500000000000004,153.33333333333334,3.0,153.33333333333334
130355A,Dee River at Kenbula,1994-02-01,1993-12-01 to 1994-02-01,,200.0,0.496,9.0,0.451,9.0,0.5906666666666667,9.0,0.01,10.0,0.0006666666666666666,10.0,0.14466666666666667,10.0,0.8766666666666666,10.0,0.043333333333333335,10.0,12.485,10.0,26.803333333333256,10.0,6387.333333333333,130.0,4030.0,130.0,7336.0,130.0,30.566666666666666,130.0,26.03333333333333,130.0,34.0,130.0,2.7,153.33333333333334,2.5500000000000003,153.33333333333334,2.8,153.33333333333334
130355A,Dee River at Kenbula,1994-03-01,1994-01-01 to 1994-03-01,,200.0,0.49899999999999994,9.0,0.4543333333333333,9.0,0.67,9.0,0.020666666666666667,13.333333333333334,0.001,13.333333333333334,0.795,13.333333333333334,1.803,13.333333333333334,0.08633333333333333,13.333333333333334,68.67366666666666,13.333333333333334,55.519999999999925,13.333333333333334,6272.333333333333,130.0,5547.0,130.0,7056.333333333333,130.0,29.333333333333332,130.0,24.7,130.0,33.333333333333336,130.0,2.766666666666667,130.0,2.6,130.0,2.8666666666666667,130.0
130355A,Dee River at Kenbula,1994-04-01,1994-02-01 to 1994-04-01,18.0,136.66666666666666,0.5026666666666667,9.0,0.4696666666666667,9.0,0.6673333333333332,9.0,0.02066666666666667,13.333333333333334,0.001,13.333333333333334,0.7940000000000002,13.333333333333334,1.8023333333333333,13.333333333333334,0.08633333333333333,13.333333333333334,68.60166666666666,13.333333333333334,55.456666666666585,13.333333333333334,6074.333333333333,130.0,5273.0,130.0,6873.333333333333,130.0,26.833333333333332,130.0,21.833333333333332,130.0,30.23333333333333,130.0,2.766666666666667,130.0,2.6,130.0,2.8666666666666667,130.0
130355A,Dee River at Kenbula,1994-05-01,1994-03-01 to 1994-05-01,12.5,73.33333333333333,0.5036666666666667,9.0,0.48899999999999993,9.0,0.635,9.0,0.01966666666666667,13.333333333333334,0.0013333333333333333,13.333333333333334,0.7696666666666667,13.333333333333334,1.7063333333333333,13.333333333333334,0.11499999999999999,13.333333333333334,66.499,13.333333333333334,52.85999999999992,13.333333333333334,6085.333333333333,130.0,5159.666666666667,130.0,7151.666666666667,130.0,23.833333333333332,130.0,19.0,130.0,27.066666666666666,130.0,2.6333333333333333,130.0,2.5000000000000004,130.0,2.766666666666667,130.0
130355A,Dee River at Kenbula,1994-06-01,1994-04-01 to 1994-06-01,13.666666666666666,10.0,0.48566666666666664,9.0,0.48333333333333334,9.0,0.48933333333333334,9.0,0.001,10.0,0.0003333333333333333,10.0,0.0016666666666666668,10.0,0.08,10.0,0.028666666666666663,10.0,0.14366666666666666,10.0,2.429999999999924,10.0,6738.666666666667,130.0,6096.333333333333,130.0,7463.333333333333,130.0,20.266666666666666,130.0,16.099999999999998,130.0,23.8,130.0,2.466666666666667,130.0,2.4000000000000004,130.0,2.6,130.0
130355A,Dee River at Kenbula,1994-07-01,1994-05-01 to 1994-07-01,10.333333333333334,10.0,0.48333333333333334,9.0,0.4803333333333333,9.0,0.485,9.0,0.000666666666666669,10.0,0.0003333333333333333,10.0,0.001,10.0,0.05066666666666667,10.0,0.028666666666666663,10.0,0.086,10.0,1.5599999999999243,10.0,7479.666666666667,130.0,6986.666666666667,130.0,8187.666666666667,130.0,17.866666666666667,130.0,14.399999999999999,130.0,21.8,130.0,2.466666666666667,130.0,2.4000000000000004,130.0,2.6,130.0
130355A,Dee River at Kenbula,1994-08-01,1994-06-01 to 1994-08-01,9.0,10.0,0.47866666666666663,9.0,0.47333333333333333,9.0,0.48233333333333334,9.0,0.00033333333333333565,10.0,0.0,10.0,0.0006666666666666666,10.0,0.022000000000000002,10.0,0.0,10.0,0.057333333333333326,10.0,0.6666666666665909,10.0,8024.666666666667,130.0,7711.0,130.0,8404.666666666666,130.0,16.73333333333333,130.0,12.399999999999999,130.0,21.0,130.0,2.566666666666667,130.0,2.4,130.0,2.6666666666666665,130.0
130355A,Dee River at Kenbula,1994-09-01,1994-07-01 to 1994-09-01,4.0,10.0,0.44799999999999995,25.666666666666668,0.41533333333333333,25.666666666666668,0.47633333333333333,25.666666666666668,0.0,26.333333333333332,0.0,26.333333333333332,0.0003333333333333333,26.333333333333332,0.005666666666666667,26.333333333333332,0.0,26.333333333333332,0.028666666666666663,26.333333333333332,0.1766666666665909,26.333333333333332,8704.333333333334,130.0,8243.333333333334,130.0,9262.666666666666,130.0,18.099999999999998,130.0,13.466666666666663,130.0,21.533333333333335,130.0,2.6666666666666665,130.0,2.5,130.0,2.766666666666667,130.0
130355A,Dee River at Kenbula,1994-10-01,1994-08-01 to 1994-10-01,8.666666666666666,10.0,0.351,42.333333333333336,0.2853333333333334,42.333333333333336,0.417,42.333333333333336,0.0,42.666666666666664,0.0,42.666666666666664,0.0,42.666666666666664,0.0,42.666666666666664,0.0,42.666666666666664,0.0,42.666666666666664,0.0,42.666666666666664,9136.5,153.33333333333334,8590.0,153.33333333333334,9751.0,153.33333333333334,20.566666666666666,130.0,15.166666666666666,130.0,24.5,130.0,2.5333333333333337,130.0,2.266666666666667,130.0,2.766666666666667,130.0
130355A,Dee River at Kenbula,1994-11-01,1994-09-01 to 1994-11-01,8.333333333333334,10.0,0.291,99.33333333333333,0.196,99.33333333333333,0.38699999999999996,99.33333333333333,0.0,45.666666666666664,0.0,45.666666666666664,0.0,45.666666666666664,0.0,45.666666666666664,0.0,45.666666666666664,0.0,45.666666666666664,0.0,45.666666666666664,9678.0,176.66666666666666,8958.0,176.66666666666666,10544.0,176.66666666666666,22.96666666666667,130.0,17.299999999999997,130.0,27.53333333333333,130.0,2.4,130.0,2.1,130.0,2.733333333333333,130.0
130355A,Dee River at Kenbula,1994-12-01,1994-10-01 to 1994-12-01,40.666666666666664,10.0,0.191,139.66666666666666,0.085,139.66666666666666,0.307,139.66666666666666,0.007666666666666669,32.666666666666664,0.0,32.666666666666664,0.7919999999999999,32.666666666666664,0.6543333333333333,32.666666666666664,0.0,32.666666666666664,68.41433333333333,32.666666666666664,20.28666666666659,32.666666666666664,,200.0,,200.0,,200.0,23.5,130.0,18.066666666666666,130.0,29.966666666666665,130.0,2.25,153.33333333333334,1.8,153.33333333333334,2.7,153.33333333333334
130355A,Dee River at Kenbula,1995-01-01,1994-11-01 to 1995-01-01,75.33333333333333,10.0,0.517,123.0,0.459,123.0,1.343,123.0,0.04,19.666666666666668,0.0,19.666666666666668,7.981000000000001,19.666666666666668,3.4346666666666663,19.666666666666668,0.0,19.666666666666668,689.544,19.666666666666668,106.47666666666659,19.666666666666668,6402.0,176.66666666666666,3749.0,176.66666666666666,8277.0,176.66666666666666,26.166666666666668,130.0,20.63333333333333,130.0,32.43333333333333,130.0,2.3,176.66666666666666,1.8,176.66666666666666,2.7,176.66666666666666
130355A,Dee River at Kenbula,1995-02-01,1994-12-01 to 1995-02-01,90.0,10.0,0.49500000000000005,66.0,0.443,66.0,0.9415,66.0,0.04066666666666667,16.666666666666668,0.0,16.666666666666668,7.989000000000001,16.666666666666668,3.5043333333333333,16.666666666666668,0.0,16.666666666666668,690.2353333333332,16.666666666666668,108.4266666666666,16.666666666666668,5827.5,153.33333333333334,3897.5,153.33333333333334,7397.0,153.33333333333334,27.733333333333334,130.0,22.73333333333333,130.0,34.23333333333333,130.0,2.9,176.66666666666666,2.9,176.66666666666666,3.0,176.66666666666666
130355A,Dee River at Kenbula,1995-03-01,1995-01-01 to 1995-03-01,62.0,10.0,0.44733333333333336,9.0,0.36966666666666664,9.0,0.7833333333333333,9.0,0.033,13.333333333333334,0.0,13.333333333333334,7.197,13.333333333333334,2.85,13.333333333333334,0.0,13.333333333333334,621.821,13.333333333333334,88.13999999999993,13.333333333333334,6415.333333333333,130.0,4770.666666666667,130.0,7779.333333333333,130.0,29.633333333333336,130.0,24.666666666666668,130.0,34.900000000000006,130.0,2.9,153.33333333333334,2.85,153.33333333333334,3.0,153.33333333333334
130355A,Dee River at Kenbula,1995-04-01,1995-02-01 to 1995-04-01,29.333333333333332,10.0,0.42733333333333334,9.0,0.3416666666666666,9.0,0.5456666666666666,9.0,0.0016666666666666668,10.0,0.0,10.0,0.06599999999999999,10.0,0.14366666666666666,10.0,0.0,10.0,5.7026666666666666,10.0,4.169999999999924,10.0,6909.666666666667,130.0,5967.333333333333,130.0,7815.666666666667,130.0,27.3,130.0,23.2,130.0,32.4,130.0,2.9,130.0,2.8333333333333335,130.0,3.0,130.0
130355A,Dee River at Kenbula,1995-05-01,1995-03-01 to 1995-05-01,33.0,10.0,0.42100000000000004,9.0,0.3353333333333333,9.0,0.5556666666666666,9.0,0.0013333333333333333,10.0,0.0,10.0,0.077,10.0,0.10866666666666668,10.0,0.0,10.0,6.6386666666666665,10.0,3.296666666666591,10.0,8080.333333333333,130.0,7414.0,130.0,8663.0,130.0,24.96666666666667,130.0,20.733333333333334,130.0,28.900000000000002,130.0,2.9,130.0,2.8,130.0,3.0,130.0
130355A,Dee River at Kenbula,1995-06-01,1995-04-01 to 1995-06-01,30.333333333333332,10.0,0.4670000000000001,9.0,0.4223333333333333,9.0,0.5643333333333332,9.0,0.002,10.0,0.0,10.0,0.07766666666666666,10.0,0.155,10.0,0.0,10.0,6.696333333333333,10.0,4.686666666666591,10.0,8284.666666666666,130.0,7858.333333333333,130.0,8660.333333333334,130.0,21.633333333333336,130.0,16.099999999999998,130.0,25.666666666666668,130.0,2.966666666666667,130.0,2.766666666666667,130.0,3.1,130.0
130355A,Dee River at Kenbula,1995-07-01,1995-05-01 to 1995-07-01,23.0,10.0,0.47500000000000003,9.0,0.45399999999999996,9.0,0.5206666666666666,9.0,0.001,10.0,0.0,10.0,0.021,10.0,0.09233333333333334,10.0,0.0,10.0,1.7856666666666665,10.0,2.8166666666665914,10.0,8611.0,130.0,8248.0,130.0,8937.666666666666,130.0,18.466666666666665,130.0,12.766666666666666,130.0,22.46666666666667,130.0,2.9666666666666663,130.0,2.766666666666667,130.0,3.1333333333333333,130.0
130355A,Dee River at Kenbula,1995-08-01,1995-06-01 to 1995-08-01,25.333333333333332,10.0,0.48833333333333334,9.0,0.4756666666666667,9.0,0.536,9.0,0.0023333333333333335,10.0,0.0,10.0,0.04866666666666667,10.0,0.19300000000000003,10.0,0.0,10.0,4.176,10.0,5.936666666666592,10.0,8637.0,130.0,8205.333333333334,130.0,9022.0,130.0,17.166666666666668,130.0,10.433333333333332,130.0,22.233333333333334,130.0,3.033333333333333,130.0,2.766666666666667,130.0,3.1999999999999997,130.0
130355A,Dee River at Kenbula,1995-09-01,1995-07-01 to 1995-09-01,30.666666666666668,10.0,0.4856666666666667,9.0,0.466,9.0,0.5466666666666667,9.0,0.002,10.0,0.0,10.0,0.052666666666666674,10.0,0.17466666666666666,10.0,0.0,10.0,4.521666666666667,10.0,5.386666666666591,10.0,8670.0,130.0,8177.333333333333,130.0,9183.666666666666,130.0,18.266666666666666,130.0,11.233333333333333,130.0,23.099999999999998,130.0,2.966666666666667,130.0,2.766666666666667,130.0,3.1333333333333333,130.0
130355A,Dee River at Kenbula,1995-10-01,1995-08-01 to 1995-10-01,47.333333333333336,10.0,0.4683333333333333,25.666666666666668,0.43533333333333335,25.666666666666668,0.5636666666666666,25.666666666666668,0.0023333333333333335,26.333333333333332,0.0,26.333333333333332,0.06266666666666666,26.333333333333332,0.17800000000000002,26.333333333333332,0.0,26.333333333333332,5.385666666666666,26.333333333333332,5.486666666666591,26.333333333333332,8927.666666666666,130.0,8340.333333333334,130.0,9466.333333333334,130.0,21.166666666666668,130.0,13.866666666666665,130.0,26.76666666666667,130.0,2.9,130.0,2.6666666666666665,130.0,3.0333333333333337,130.0
130355A,Dee River at Kenbula,1995-11-01,1995-09-01 to 1995-11-01,50.0,10.0,0.4613333333333334,42.333333333333336,0.416,42.333333333333336,0.6110000000000001,42.333333333333336,0.0030000000000000005,42.666666666666664,0.0,42.666666666666664,0.268,42.666666666666664,0.23099999999999998,42.666666666666664,0.0,42.666666666666664,23.140666666666664,42.666666666666664,6.943333333333258,42.666666666666664,9157.333333333334,130.0,8603.666666666666,130.0,9690.0,130.0,24.46666666666667,130.0,18.299999999999997,130.0,29.133333333333336,130.0,2.8000000000000003,130.0,2.533333333333333,130.0,3.0666666666666664,130.0
130355A,Dee River at Kenbula,1995-12-01,1995-10-01 to 1995-12-01,84.0,10.0,0.4716666666666667,42.333333333333336,0.41500000000000004,42.333333333333336,0.71,42.333333333333336,0.012666666666666666,42.666666666666664,0.0,42.666666666666664,0.66,42.666666666666664,1.0726666666666667,42.666666666666664,0.0,42.666666666666664,57.00933333333334,42.666666666666664,33.06666666666659,42.666666666666664,8924.0,130.0,8086.333333333333,130.0,9775.666666666666,130.0,27.0,130.0,22.433333333333326,130.0,31.566666666666666,130.0,2.8000000000000003,130.0,2.166666666666667,130.0,3.0666666666666664,130.0
130355A,Dee River at Kenbula,1996-01-01,1995-11-01 to 1996-01-01,158.0,10.0,0.5496666666666666,25.666666666666668,0.4533333333333333,25.666666666666668,1.537,25.666666666666668,0.8806666666666666,33.0,0.0006666666666666666,33.0,121.30833333333334,33.0,76.091,33.0,0.057666666666666665,33.0,10481.04,33.0,2358.6366666666668,33.0,8567.5,153.33333333333334,7631.0,153.33333333333334,9630.5,153.33333333333334,28.599999999999998,153.33333333333334,24.299999999999994,153.33333333333334,32.2,153.33333333333334,2.85,153.33333333333334,2.0,153.33333333333334,3.1999999999999997,153.33333333333334
130355A,Dee River at Kenbula,1996-02-01,1995-12-01 to 1996-02-01,137.66666666666666,10.0,0.5566666666666668,9.0,0.4716666666666667,9.0,1.4720000000000002,9.0,0.8799999999999999,16.666666666666668,0.0006666666666666666,16.666666666666668,121.07233333333335,16.666666666666668,76.04333333333334,16.666666666666668,0.057666666666666665,16.666666666666668,10460.635333333334,16.666666666666668,2357.0666666666666,16.666666666666668,6350.5,153.33333333333334,4341.5,153.33333333333334,8082.5,153.33333333333334,29.6,153.33333333333334,24.949999999999996,153.33333333333334,34.75,153.33333333333334,2.9,176.66666666666666,1.6,176.66666666666666,3.1,176.66666666666666
130355A,Dee River at Kenbula,1996-03-01,1996-01-01 to 1996-03-01,96.33333333333333,10.0,0.5326666666666667,9.0,0.44766666666666666,9.0,1.36,9.0,0.87,16.666666666666668,0.0006666666666666666,16.666666666666668,120.67599999999999,16.666666666666668,75.175,16.666666666666668,0.057666666666666665,16.666666666666668,10426.392,16.666666666666668,2330.14,16.666666666666668,6132.5,153.33333333333334,4542.5,153.33333333333334,7305.0,153.33333333333334,28.65,153.33333333333334,23.65,153.33333333333334,34.25,153.33333333333334,2.8,176.66666666666666,2.7,176.66666666666666,2.9,176.66666666666666
130355A,Dee River at Kenbula,1996-04-01,1996-02-01 to 1996-04-01,34.666666666666664,10.0,0.434,9.0,0.37966666666666665,9.0,0.5506666666666666,9.0,0.0026666666666666666,10.0,0.0,10.0,0.05366666666666667,10.0,0.22399999999999998,10.0,0.0,10.0,4.622333333333333,10.0,6.576666666666363,10.0,6843.666666666667,130.0,5403.0,130.0,8261.666666666666,130.0,27.633333333333336,130.0,22.23333333333333,130.0,33.5,130.0,2.65,153.33333333333334,2.5,153.33333333333334,2.8,153.33333333333334
130355A,Dee River at Kenbula,1996-05-01,1996-03-01 to 1996-05-01,42.0,10.0,0.45966666666666667,9.0,0.38799999999999996,9.0,0.7683333333333332,9.0,0.12833333333333333,13.333333333333334,0.001,13.333333333333334,4.169,13.333333333333334,11.082333333333333,13.333333333333334,0.072,13.333333333333334,360.18699999999995,13.333333333333334,343.45999999999964,13.333333333333334,6017.333333333333,130.0,4955.666666666667,130.0,8661.666666666666,130.0,25.0,130.0,19.866666666666664,130.0,30.633333333333336,130.0,2.8333333333333335,130.0,2.466666666666667,130.0,3.8000000000000003,130.0
130355A,Dee River at Kenbula,1996-06-01,1996-04-01 to 1996-06-01,49.666666666666664,10.0,0.48100000000000004,9.0,0.42533333333333334,9.0,0.7883333333333334,9.0,0.13033333333333333,13.333333333333334,0.0016666666666666668,13.333333333333334,4.1786666666666665,13.333333333333334,11.265,13.333333333333334,0.12966666666666668,13.333333333333334,361.008,13.333333333333334,348.93999999999977,13.333333333333334,4871.0,130.0,3722.3333333333335,130.0,7509.666666666667,130.0,22.36666666666667,130.0,16.633333333333333,130.0,27.96666666666667,130.0,2.9,130.0,2.466666666666667,130.0,3.9,130.0
130355A,Dee River at Kenbula,1996-07-01,1996-05-01 to 1996-07-01,24.666666666666668,10.0,0.5233333333333333,9.0,0.49033333333333334,9.0,0.7693333333333333,9.0,0.13033333333333333,13.333333333333334,0.0016666666666666668,13.333333333333334,4.1513333333333335,13.333333333333334,11.269333333333334,13.333333333333334,0.12966666666666668,13.333333333333334,358.632,13.333333333333334,349.163333333333,13.333333333333334,3675.6666666666665,130.0,2757.0,130.0,5859.666666666667,130.0,19.2,130.0,13.699999999999998,130.0,24.066666666666666,130.0,2.966666666666667,130.0,2.6,130.0,3.966666666666667,130.0
130355A,Dee River at Kenbula,1996-08-01,1996-06-01 to 1996-08-01,21.666666666666668,10.0,0.49866666666666665,9.0,0.48733333333333334,9.0,0.5383333333333334,9.0,0.004,10.0,0.001,10.0,0.024333333333333332,10.0,0.36833333333333335,10.0,0.08633333333333333,10.0,2.0736666666666665,10.0,11.236666666666364,10.0,4683.666666666667,130.0,4114.0,130.0,5492.0,130.0,18.36666666666667,130.0,12.1,130.0,23.366666666666664,130.0,2.8333333333333335,130.0,2.7,130.0,3.0,130.0
130355A,Dee River at Kenbula,1996-09-01,1996-07-01 to 1996-09-01,32.0,10.0,0.48699999999999993,9.0,0.4653333333333333,9.0,0.5423333333333334,9.0,0.0023333333333333335,10.0,0.0003333333333333333,10.0,0.028333333333333332,10.0,0.20233333333333334,10.0,0.028666666666666663,10.0,2.433666666666667,10.0,6.26333333333303,10.0,5740.0,130.0,5169.0,130.0,6832.666666666667,130.0,19.066666666666666,130.0,12.533333333333331,130.0,24.900000000000002,130.0,2.733333333333333,130.0,2.6666666666666674,130.0,2.9,130.0
130355A,Dee River at Kenbula,1996-10-01,1996-08-01 to 1996-10-01,45.0,10.0,0.49266666666666664,9.0,0.45999999999999996,9.0,0.6829999999999999,9.0,0.01333333333333333,13.333333333333334,0.0003333333333333333,13.333333333333334,1.05,13.333333333333334,1.1583333333333332,13.333333333333334,0.028666666666666663,13.333333333333334,90.72000000000001,13.333333333333334,35.89333333333303,13.333333333333334,5999.333333333333,130.0,5204.0,130.0,7524.0,130.0,22.266666666666666,130.0,15.933333333333332,130.0,28.599999999999998,130.0,2.766666666666667,130.0,2.2,130.0,2.9,130.0
130355A,Dee River at Kenbula,1996-11-01,1996-09-01 to 1996-11-01,68.66666666666667,10.0,0.49066666666666664,9.0,0.44733333333333336,9.0,0.751,9.0,0.016999999999999998,13.333333333333334,0.0,13.333333333333334,1.2330000000000003,13.333333333333334,1.47,13.333333333333334,0.0,13.333333333333334,106.53133333333335,13.333333333333334,45.14333333333303,13.333333333333334,5910.666666666667,130.0,4807.666666666667,130.0,7656.666666666667,130.0,24.866666666666664,130.0,19.23333333333333,130.0,31.299999999999997,130.0,2.6999999999999997,130.0,2.1333333333333333,130.0,2.8666666666666667,130.0
130355A,Dee River at Kenbula,1996-12-01,1996-10-01 to 1996-12-01,88.33333333333333,10.0,0.4996666666666667,9.0,0.4486666666666667,9.0,0.8466666666666667,9.0,0.021666666666666667,13.333333333333334,0.0,13.333333333333334,1.6853333333333333,13.333333333333334,1.8716666666666664,13.333333333333334,0.0,13.333333333333334,145.59833333333333,13.333333333333334,57.6099999999997,13.333333333333334,6277.0,130.0,4863.0,130.0,7974.0,130.0,27.46666666666667,130.0,22.23333333333333,130.0,33.36666666666667,130.0,2.5666666666666664,130.0,1.8333333333333337,130.0,2.766666666666666,130.0
130355A,Dee River at Kenbula,1997-01-01,1996-11-01 to 1997-01-01,75.0,10.0,0.472,9.0,0.399,9.0,0.7090000000000001,9.0,0.01,10.0,0.0,10.0,0.6666666666666666,10.0,0.8706666666666667,10.0,0.0,10.0,57.58566666666667,10.0,26.58333333333303,10.0,6890.666666666667,130.0,5375.0,130.0,8475.333333333334,130.0,28.23333333333333,130.0,22.866666666666664,130.0,34.43333333333334,130.0,2.5,130.0,2.266666666666667,130.0,2.6999999999999997,130.0
130355A,Dee River at Kenbula,1997-02-01,1996-12-01 to 1997-02-01,66.66666666666667,10.0,0.408,9.0,0.31633333333333336,9.0,0.6656666666666666,9.0,0.006000000000000001,10.0,0.0,10.0,0.513,10.0,0.5203333333333333,10.0,0.0,10.0,44.30866666666666,10.0,15.95333333333303,10.0,8357.0,130.0,6952.0,130.0,9656.333333333334,130.0,28.900000000000002,130.0,23.333333333333332,130.0,36.43333333333334,130.0,2.5333333333333337,130.0,2.266666666666667,130.0,2.733333333333333,130.0
130355A,Dee River at Kenbula,1997-03-01,1997-01-01 to 1997-03-01,87.0,10.0,0.42733333333333334,9.0,0.325,9.0,0.7326666666666668,9.0,0.058,13.333333333333334,0.0,13.333333333333334,1.735666666666667,13.333333333333334,5.014,13.333333333333334,0.0,13.333333333333334,149.96166666666667,13.333333333333334,155.25999999999968,13.333333333333334,8377.666666666666,130.0,7088.0,130.0,9787.0,130.0,28.099999999999998,130.0,22.66666666666666,130.0,35.93333333333334,130.0,2.8000000000000003,130.0,2.6333333333333333,130.0,3.0333333333333337,130.0
130355A,Dee River at Kenbula,1997-04-01,1997-02-01 to 1997-04-01,83.33333333333333,10.0,0.45966666666666667,9.0,0.38233333333333336,9.0,0.7496666666666667,9.0,0.065,13.333333333333334,0.0006666666666666666,13.333333333333334,1.7620000000000005,13.333333333333334,5.604333333333333,13.333333333333334,0.043333333333333335,13.333333333333334,152.23666666666665,13.333333333333334,172.9299999999997,13.333333333333334,7380.0,130.0,6110.333333333333,130.0,9127.333333333334,130.0,26.933333333333334,130.0,22.099999999999998,130.0,34.333333333333336,130.0,3.0,130.0,2.766666666666667,130.0,3.266666666666666,130.0
130355A,Dee River at Kenbula,1997-05-01,1997-03-01 to 1997-05-01,75.33333333333333,10.0,0.5323333333333334,9.0,0.476,9.0,0.7676666666666666,9.0,0.06966666666666667,13.333333333333334,0.0006666666666666666,13.333333333333334,1.8070000000000004,13.333333333333334,6.009999999999999,13.333333333333334,0.043333333333333335,13.333333333333334,156.12466666666666,13.333333333333334,185.6799999999997,13.333333333333334,5482.0,130.0,4290.333333333333,130.0,7055.666666666667,130.0,24.066666666666666,130.0,19.23333333333333,130.0,29.333333333333332,130.0,3.0666666666666664,130.0,2.866666666666667,130.0,3.3000000000000003,130.0
130355A,Dee River at Kenbula,1997-06-01,1997-04-01 to 1997-06-01,19.666666666666668,10.0,0.5133333333333333,9.0,0.48633333333333334,9.0,0.5893333333333334,9.0,0.013666666666666667,10.0,0.001,10.0,0.12033333333333363,10.0,1.1900000000000002,10.0,0.072,10.0,10.396666666666667,10.0,36.15999999999969,10.0,4218.666666666667,130.0,3328.3333333333335,130.0,5495.666666666667,130.0,20.8,130.0,15.833333333333334,130.0,25.2,130.0,3.0,130.0,2.9000000000000004,130.0,3.1666666666666665,130.0
130355A,Dee River at Kenbula,1997-07-01,1997-05-01 to 1997-07-01,18.333333333333332,10.0,0.4993333333333334,9.0,0.4776666666666667,9.0,0.5520000000000002,9.0,0.006666666666666667,10.0,0.0003333333333333333,10.0,0.08166666666666696,10.0,0.5813333333333334,10.0,0.028666666666666663,10.0,7.056,10.0,17.92333333333303,10.0,4584.0,130.0,3983.0,130.0,5201.333333333333,130.0,18.1,130.0,12.933333333333332,130.0,22.200000000000003,130.0,2.9,130.0,2.8333333333333335,130.0,3.033333333333333,130.0
130355A,Dee River at Kenbula,1997-08-01,1997-06-01 to 1997-08-01,4.333333333333333,10.0,0.48666666666666664,9.0,0.46799999999999997,9.0,0.5033333333333334,9.0,0.0016666666666666668,10.0,0.0003333333333333333,10.0,0.004666666666666963,10.0,0.1366666666666667,10.0,0.028666666666666663,10.0,0.4033333333333333,10.0,4.146666666666364,10.0,5355.0,130.0,4868.333333333333,130.0,5935.333333333333,130.0,17.566666666666666,130.0,12.633333333333333,130.0,22.26666666666667,130.0,2.9,130.0,2.866666666666667,130.0,3.033333333333333,130.0
130355A,Dee River at Kenbula,1997-09-01,1997-07-01 to 1997-09-01,4.666666666666667,10.0,0.4626666666666666,9.0,0.4306666666666667,9.0,0.4870000000000001,9.0,0.0006666666666666666,10.0,0.0,10.0,0.0023333333333336293,10.0,0.043333333333333335,10.0,0.0,10.0,0.20166666666666666,10.0,1.3499999999996968,10.0,6510.0,130.0,5911.333333333333,130.0,7675.0,130.0,19.833333333333332,130.0,14.9,130.0,25.46666666666667,130.0,2.8666666666666667,130.0,2.8000000000000003,130.0,3.033333333333333,130.0
130355A,Dee River at Kenbula,1997-10-01,1997-08-01 to 1997-10-01,5.0,10.0,0.4413333333333333,9.0,0.38266666666666665,9.0,0.4890000000000001,9.0,0.0003333333333333333,10.0,0.0,10.0,0.0030000000000002963,10.0,0.024999999999999998,10.0,0.0,10.0,0.24466666666666667,10.0,0.7766666666663635,10.0,7777.0,130.0,6997.666666666667,130.0,9436.333333333334,130.0,22.933333333333334,130.0,17.599999999999998,130.0,29.03333333333333,130.0,2.8666666666666667,130.0,2.766666666666667,130.0,3.0666666666666664,130.0
130355A,Dee River at Kenbula,1997-11-01,1997-09-01 to 1997-11-01,10.0,10.0,0.43966666666666665,25.666666666666668,0.36200000000000004,25.666666666666668,0.6023333333333335,25.666666666666668,0.010333333333333333,26.333333333333332,0.0,26.333333333333332,0.46766666666666695,26.333333333333332,0.8993333333333333,26.333333333333332,0.0,26.333333333333332,40.37733333333333,26.333333333333332,26.986666666666366,26.333333333333332,8958.0,130.0,7657.0,130.0,10921.666666666666,130.0,26.3,130.0,20.9,130.0,33.13333333333333,130.0,2.8333333333333335,130.0,2.7,130.0,3.0666666666666664,130.0
130355A,Dee River at Kenbula,1997-12-01,1997-10-01 to 1997-12-01,13.333333333333334,10.0,0.4563333333333333,42.333333333333336,0.38199999999999995,42.333333333333336,0.6300000000000001,42.333333333333336,0.010666666666666666,42.666666666666664,0.0,42.666666666666664,0.4773333333333336,42.666666666666664,0.941,42.666666666666664,0.0,42.666666666666664,41.198,42.666666666666664,28.27666666666637,42.666666666666664,9296.0,130.0,7824.333333333333,130.0,10953.666666666666,130.0,28.400000000000002,130.0,23.03333333333333,130.0,35.5,130.0,2.8333333333333335,130.0,2.6666666666666674,130.0,2.966666666666667,130.0
130355A,Dee River at Kenbula,1998-01-01,1997-11-01 to 1998-01-01,14.333333333333334,10.0,0.4406666666666667,59.0,0.35700000000000004,59.0,0.6256666666666667,59.0,0.010666666666666666,59.0,0.0,59.0,0.47633333333333366,59.0,0.9363333333333334,59.0,0.0,59.0,41.126,59.0,28.13666666666636,59.0,9657.666666666666,130.0,8083.0,130.0,11754.0,130.0,29.7,130.0,24.266666666666666,130.0,38.3,130.0,2.8,130.0,2.6666666666666674,130.0,2.9333333333333336,130.0
130355A,Dee River at Kenbula,1998-02-01,1997-12-01 to 1998-02-01,11.666666666666666,10.0,0.3416666666666666,59.0,0.26466666666666666,59.0,0.42600000000000016,59.0,0.0003333333333333333,59.0,0.0,59.0,0.010000000000000297,59.0,0.041666666666666664,59.0,0.0,59.0,0.8493333333333334,59.0,1.2933333333330301,59.0,10577.333333333334,130.0,9226.333333333334,130.0,13133.666666666666,130.0,30.26666666666667,130.0,24.3,130.0,39.333333333333336,130.0,2.8,130.0,2.6333333333333337,130.0,2.9333333333333336,130.0
130355A,Dee River at Kenbula,1998-03-01,1998-01-01 to 1998-03-01,6.333333333333333,10.0,0.27449999999999997,99.33333333333333,0.1795,99.33333333333333,0.3665000000000002,99.33333333333333,0.0,45.666666666666664,0.0,45.666666666666664,0.0003333333333336294,45.666666666666664,0.0,45.666666666666664,0.0,45.666666666666664,0.028666666666666663,45.666666666666664,0.0033333333330301685,45.666666666666664,11492.5,153.33333333333334,10139.5,153.33333333333334,14566.5,153.33333333333334,22.7,130.0,15.999999999999998,130.0,39.1,130.0,2.8,153.33333333333334,2.6500000000000004,153.33333333333334,3.0,153.33333333333334
130355A,Dee River at Kenbula,1998-04-01,1998-02-01 to 1998-04-01,18.0,10.0,0.177,139.66666666666666,0.113,139.66666666666666,0.246,139.66666666666666,0.009666666666666667,32.666666666666664,0.0,32.666666666666664,1.8763333333333334,32.666666666666664,0.8473333333333333,32.666666666666664,0.0,32.666666666666664,162.11533333333333,32.666666666666664,25.416666666666362,32.666666666666664,12697.0,176.66666666666666,11344.0,176.66666666666666,15507.0,176.66666666666666,17.433333333333334,130.0,7.966666666666665,130.0,35.53333333333333,130.0,2.8,176.66666666666666,2.6,176.66666666666666,3.0,176.66666666666666
130355A,Dee River at Kenbula,1998-05-01,1998-03-01 to 1998-05-01,16.666666666666668,10.0,0.499,123.0,0.486,123.0,0.582,123.0,0.011333333333333334,16.333333333333332,0.0003333333333333333,16.333333333333332,1.901,16.333333333333332,0.9926666666666666,16.333333333333332,0.028666666666666663,16.333333333333332,164.24666666666667,16.333333333333332,29.916666666666362,16.333333333333332,6484.0,176.66666666666666,5477.0,176.66666666666666,7626.0,176.66666666666666,14.333333333333334,130.0,4.799999999999999,130.0,31.533333333333335,130.0,2.7,176.66666666666666,2.3,176.66666666666666,3.2,176.66666666666666
130355A,Dee River at Kenbula,1998-06-01,1998-04-01 to 1998-06-01,17.333333333333332,10.0,0.4945,66.0,0.483,66.0,0.5575000000000001,66.0,0.012000000000000002,13.333333333333334,0.0003333333333333333,13.333333333333334,1.9073333333333335,13.333333333333334,1.0479999999999998,13.333333333333334,0.028666666666666663,13.333333333333334,164.77933333333334,13.333333333333334,31.57333333333303,13.333333333333334,7354.0,153.33333333333334,6417.0,153.33333333333334,8458.0,153.33333333333334,17.7,130.0,8.399999999999999,130.0,27.066666666666666,130.0,2.7,153.33333333333334,2.45,153.33333333333334,3.1500000000000004,153.33333333333334
130355A,Dee River at Kenbula,1998-07-01,1998-05-01 to 1998-07-01,4.333333333333333,10.0,0.492,9.0,0.478,9.0,0.5436666666666667,9.0,0.0030000000000000005,10.0,0.0003333333333333333,10.0,0.034333333333333625,10.0,0.24466666666666667,10.0,0.028666666666666663,10.0,2.937666666666667,10.0,7.516666666666364,10.0,7991.0,130.0,7200.666666666667,130.0,8833.0,130.0,18.900000000000002,130.0,12.133333333333333,130.0,24.933333333333334,130.0,2.6666666666666665,130.0,2.4333333333333336,130.0,3.1,130.0
130355A,Dee River at Kenbula,1998-08-01,1998-06-01 to 1998-08-01,10.0,10.0,0.49099999999999994,9.0,0.4696666666666667,9.0,0.5536666666666669,9.0,0.004,10.0,0.0,10.0,0.05333333333333363,10.0,0.3256666666666667,10.0,0.0,10.0,4.564666666666667,10.0,10.033333333333031,10.0,8797.666666666666,130.0,7334.333333333333,130.0,10193.0,130.0,18.466666666666665,130.0,10.733333333333333,130.0,24.166666666666668,130.0,2.6999999999999997,130.0,2.5333333333333337,130.0,3.0666666666666664,130.0
130355A,Dee River at Kenbula,1998-09-01,1998-07-01 to 1998-09-01,13.666666666666666,10.0,0.5,9.0,0.47400000000000003,9.0,0.5720000000000001,9.0,0.007666666666666666,10.0,0.0006666666666666666,10.0,0.0750000000000003,10.0,0.6469999999999999,10.0,0.057666666666666665,10.0,6.451333333333333,10.0,19.679999999999698,10.0,8228.0,130.0,6732.0,130.0,9635.0,130.0,20.266666666666666,130.0,13.399999999999999,130.0,25.733333333333334,130.0,2.766666666666667,130.0,2.5333333333333337,130.0,3.1,130.0
130355A,Dee River at Kenbula,1998-10-01,1998-08-01 to 1998-10-01,20.333333333333332,10.0,0.5099999999999999,9.0,0.47733333333333333,9.0,0.6303333333333334,9.0,0.013666666666666666,10.0,0.0006666666666666666,10.0,0.19966666666666696,10.0,1.1886666666666665,10.0,0.057666666666666665,10.0,17.222333333333335,10.0,36.47666666666637,10.0,7413.0,130.0,5636.666666666667,130.0,9685.333333333334,130.0,23.0,130.0,16.599999999999998,130.0,28.46666666666667,130.0,2.8333333333333335,130.0,2.6,130.0,3.1333333333333333,130.0
130355A,Dee River at Kenbula,1998-11-01,1998-09-01 to 1998-11-01,44.333333333333336,10.0,0.5133333333333333,9.0,0.4836666666666667,9.0,0.6206666666666668,9.0,0.013999999999999999,10.0,0.0006666666666666666,10.0,0.18133333333333365,10.0,1.212,10.0,0.057666666666666665,10.0,15.63833333333333,10.0,36.9499999999997,10.0,6538.666666666667,130.0,5484.0,130.0,8441.0,130.0,25.5,130.0,20.666666666666668,130.0,30.86666666666667,130.0,2.8333333333333335,130.0,2.6,130.0,3.0666666666666664,130.0
130355A,Dee River at Kenbula,1998-12-01,1998-10-01 to 1998-12-01,39.333333333333336,10.0,0.5093333333333333,9.0,0.4796666666666667,9.0,0.6636666666666667,9.0,0.015,10.0,0.0,10.0,0.32266666666666693,10.0,1.282333333333333,10.0,0.0,10.0,27.834999999999997,10.0,39.499999999999694,10.0,6817.333333333333,130.0,5534.666666666667,130.0,8981.666666666666,130.0,27.866666666666664,130.0,22.433333333333334,130.0,33.733333333333334,130.0,2.8666666666666667,130.0,2.6,130.0,3.233333333333333,130.0
130355A,Dee River at Kenbula,1999-01-01,1998-11-01 to 1999-01-01,44.0,10.0,0.5066666666666667,9.0,0.4746666666666666,9.0,0.6356666666666668,9.0,0.011999999999999999,10.0,0.0,10.0,0.23466666666666694,10.0,1.0206666666666666,10.0,0.0,10.0,20.246333333333332,10.0,31.383333333333027,10.0,6844.0,130.0,5763.666666666667,130.0,8570.666666666666,130.0,29.700000000000003,130.0,24.3,130.0,35.666666666666664,130.0,3.0666666666666664,130.0,2.733333333333334,130.0,4.0,130.0
130355A,Dee River at Kenbula,1999-02-01,1998-12-01 to 1999-02-01,40.333333333333336,10.0,0.5053333333333333,9.0,0.466,9.0,0.6423333333333333,9.0,0.012666666666666665,10.0,0.0,10.0,0.24666666666666695,10.0,1.0906666666666667,10.0,0.0,10.0,21.297666666666665,10.0,32.846666666666366,10.0,6992.333333333333,130.0,5950.666666666667,130.0,8384.333333333334,130.0,30.566666666666666,130.0,25.53333333333333,130.0,36.56666666666667,130.0,3.1333333333333333,130.0,2.733333333333334,130.0,4.233333333333333,130.0
130355A,Dee River at Kenbula,1999-03-01,1999-01-01 to 1999-03-01,68.0,10.0,0.515,9.0,0.4653333333333333,9.0,0.7056666666666668,9.0,0.029333333333333333,13.333333333333334,0.0,13.333333333333334,0.7780000000000001,13.333333333333334,2.5526666666666666,13.333333333333334,0.0,13.333333333333334,67.21933333333332,13.333333333333334,78.17333333333302,13.333333333333334,6248.0,130.0,5419.333333333333,130.0,7532.333333333333,130.0,30.200000000000003,130.0,25.5,130.0,35.63333333333333,130.0,3.0666666666666664,130.0,2.6333333333333337,130.0,3.9666666666666663,130.0
130355A,Dee River at Kenbula,1999-04-01,1999-02-01 to 1999-04-01,58.666666666666664,10.0,0.5063333333333334,9.0,0.4686666666666666,9.0,0.6683333333333334,9.0,0.026,13.333333333333334,0.0,13.333333333333334,0.7390000000000003,13.333333333333334,2.245,13.333333333333334,0.0,13.333333333333334,63.83533333333333,13.333333333333334,68.61999999999969,13.333333333333334,5789.666666666667,130.0,4971.333333333333,130.0,6851.0,130.0,27.766666666666666,130.0,21.96666666666667,130.0,33.56666666666667,130.0,2.8666666666666667,130.0,2.5333333333333337,130.0,3.1,130.0
130355A,Dee River at Kenbula,1999-05-01,1999-03-01 to 1999-05-01,30.333333333333332,10.0,0.49933333333333324,9.0,0.4749999999999999,9.0,0.6320000000000001,9.0,0.022333333333333334,13.333333333333334,0.0,13.333333333333334,0.7023333333333336,13.333333333333334,1.9316666666666664,13.333333333333334,0.0,13.333333333333334,60.66733333333334,13.333333333333334,59.859999999999694,13.333333333333334,5786.333333333333,130.0,5109.666666666667,130.0,6740.666666666667,130.0,24.833333333333332,130.0,18.633333333333336,130.0,29.933333333333334,130.0,2.8,130.0,2.566666666666667,130.0,2.8666666666666667,130.0
130355A,Dee River at Kenbula,1999-06-01,1999-04-01 to 1999-06-01,11.666666666666666,10.0,0.48666666666666664,9.0,0.4716666666666667,9.0,0.5563333333333335,9.0,0.0026666666666666666,10.0,0.0,10.0,0.11433333333333363,10.0,0.23233333333333303,10.0,0.0,10.0,9.863999999999999,10.0,6.966666666666363,10.0,6197.666666666667,130.0,5490.666666666667,130.0,7010.666666666667,130.0,21.066666666666666,130.0,14.4,130.0,26.566666666666666,130.0,2.8333333333333335,130.0,2.7,130.0,2.9333333333333336,130.0
130355A,Dee River at Kenbula,1999-07-01,1999-05-01 to 1999-07-01,17.0,10.0,0.494,9.0,0.4756666666666667,9.0,0.5826666666666668,9.0,0.004666666666666667,10.0,0.0003333333333333333,10.0,0.1340000000000003,10.0,0.4099999999999997,10.0,0.028666666666666663,10.0,11.563333333333333,10.0,12.489999999999696,10.0,6340.0,130.0,5753.333333333333,130.0,6959.333333333333,130.0,18.8,130.0,13.266666666666667,130.0,23.833333333333332,130.0,2.9,130.0,2.766666666666667,130.0,3.1,130.0
130355A,Dee River at Kenbula,1999-08-01,1999-06-01 to 1999-08-01,40.333333333333336,10.0,0.49699999999999994,9.0,0.476,9.0,0.6613333333333334,9.0,0.007333333333333333,10.0,0.0003333333333333333,10.0,0.32633333333333364,10.0,0.6279999999999997,10.0,0.028666666666666663,10.0,28.181,10.0,19.246666666666364,10.0,6464.0,130.0,5439.333333333333,130.0,7463.333333333333,130.0,18.133333333333333,130.0,12.333333333333334,130.0,23.933333333333337,130.0,2.966666666666667,130.0,2.7000000000000006,130.0,3.1666666666666665,130.0
130355A,Dee River at Kenbula,1999-09-01,1999-07-01 to 1999-09-01,32.0,10.0,0.49333333333333335,9.0,0.4713333333333333,9.0,0.6190000000000001,9.0,0.005666666666666667,10.0,0.0003333333333333333,10.0,0.2260000000000003,10.0,0.489333333333333,10.0,0.028666666666666663,10.0,19.512333333333334,10.0,15.089999999999698,10.0,6578.333333333333,130.0,5230.666666666667,130.0,7575.333333333333,130.0,19.8,130.0,14.5,130.0,25.366666666666664,130.0,3.0,130.0,2.766666666666667,130.0,3.1666666666666665,130.0
130355A,Dee River at Kenbula,1999-10-01,1999-08-01 to 1999-10-01,49.0,10.0,0.48633333333333334,25.666666666666668,0.45,25.666666666666668,0.6670000000000001,25.666666666666668,0.008,26.333333333333332,0.0,26.333333333333332,0.37633333333333363,26.333333333333332,0.7059999999999996,26.333333333333332,0.0,26.333333333333332,32.501000000000005,26.333333333333332,21.8099999999997,26.333333333333332,7170.0,130.0,5398.333333333333,130.0,8599.333333333334,130.0,23.099999999999998,130.0,17.8,130.0,28.900000000000002,130.0,3.0,130.0,2.766666666666667,130.0,3.0666666666666664,130.0
130355A,Dee River at Kenbula,1999-11-01,1999-09-01 to 1999-11-01,44.666666666666664,10.0,0.48933333333333334,42.333333333333336,0.451,42.333333333333336,0.6503333333333335,42.333333333333336,0.007666666666666666,42.666666666666664,0.0,42.666666666666664,0.2960000000000003,42.666666666666664,0.672333333333333,42.666666666666664,0.0,42.666666666666664,25.560000000000002,42.666666666666664,20.576666666666362,42.666666666666664,6922.333333333333,130.0,5318.333333333333,130.0,8203.666666666666,130.0,25.066666666666663,130.0,20.366666666666667,130.0,30.7,130.0,2.966666666666667,130.0,2.9,130.0,3.0333333333333337,130.0
130355A,Dee River at Kenbula,1999-12-01,1999-10-01 to 1999-12-01,62.666666666666664,10.0,0.47866666666666663,42.333333333333336,0.41133333333333333,42.333333333333336,0.7020000000000001,42.333333333333336,0.009333333333333332,42.666666666666664,0.0,42.666666666666664,0.43766666666666704,42.666666666666664,0.808333333333333,42.666666666666664,0.0,42.666666666666664,37.800000000000004,42.666666666666664,24.86333333333303,42.666666666666664,7187.666666666667,130.0,5836.0,130.0,9480.0,130.0,26.566666666666663,130.0,22.066666666666666,130.0,32.86666666666667,130.0,2.9333333333333336,130.0,2.866666666666667,130.0,3.033333333333333,130.0
130355A,Dee River at Kenbula,2000-01-01,1999-11-01 to 2000-01-01,60.0,10.0,0.482,42.333333333333336,0.41533333333333333,42.333333333333336,0.6880000000000002,42.333333333333336,0.009,42.666666666666664,0.0,42.666666666666664,0.37433333333333363,42.666666666666664,0.7723333333333331,42.666666666666664,0.0,42.666666666666664,32.328,42.666666666666664,23.743333333333027,42.666666666666664,6958.0,130.0,5722.333333333333,130.0,9143.0,130.0,27.433333333333334,130.0,22.8,130.0,33.733333333333334,130.0,2.9333333333333336,130.0,2.766666666666667,130.0,3.266666666666667,130.0
130355A,Dee River at Kenbula,2000-02-01,1999-12-01 to 2000-02-01,67.66666666666667,10.0,0.48133333333333334,25.666666666666668,0.4106666666666667,25.666666666666668,0.6733333333333335,25.666666666666668,0.009666666666666665,26.333333333333332,0.0,26.333333333333332,0.32533333333333364,26.333333333333332,0.8356666666666662,26.333333333333332,0.0,26.333333333333332,28.080000000000002,26.333333333333332,25.393333333333032,26.333333333333332,7093.333333333333,130.0,5823.666666666667,130.0,9179.0,130.0,27.833333333333332,130.0,23.733333333333334,130.0,34.76666666666667,130.0,2.95,153.33333333333334,2.7000000000000006,153.33333333333334,3.4000000000000004,153.33333333333334
130355A,Dee River at Kenbula,2000-03-01,2000-01-01 to 2000-03-01,51.666666666666664,10.0,0.48666666666666664,25.666666666666668,0.43566666666666665,25.666666666666668,0.6090000000000001,25.666666666666668,0.007666666666666666,26.333333333333332,0.0,26.333333333333332,0.17433333333333365,26.333333333333332,0.650333333333333,26.333333333333332,0.0,26.333333333333332,15.033666666666667,26.333333333333332,19.649999999999697,26.333333333333332,6894.5,153.33333333333334,5646.5,153.33333333333334,7940.0,153.33333333333334,28.133333333333336,130.0,24.166666666666668,130.0,34.26666666666667,130.0,3.0,176.66666666666666,2.6,176.66666666666666,3.7,176.66666666666666
130355A,Dee River at Kenbula,2000-04-01,2000-02-01 to 2000-04-01,53.333333333333336,10.0,0.48,9.0,0.41733333333333333,9.0,0.5753333333333335,9.0,0.005,10.0,0.0,10.0,0.08766666666666696,10.0,0.4286666666666663,10.0,0.0,10.0,7.56,10.0,12.629999999999697,10.0,7089.5,153.33333333333334,5554.5,153.33333333333334,8069.0,153.33333333333334,26.233333333333334,130.0,22.233333333333334,130.0,32.699999999999996,130.0,2.9,176.66666666666666,2.8,176.66666666666666,2.9,176.66666666666666
130355A,Dee River at Kenbula,2000-05-01,2000-03-01 to 2000-05-01,45.666666666666664,10.0,0.49266666666666664,9.0,0.4263333333333333,9.0,0.6030000000000001,9.0,0.015,10.0,0.0006666666666666666,10.0,0.196666666666667,10.0,1.3106666666666662,10.0,0.043333333333333335,10.0,16.992,10.0,40.4799999999997,10.0,6602.5,153.33333333333334,4985.0,153.33333333333334,8401.5,153.33333333333334,24.566666666666666,130.0,17.96666666666667,130.0,29.76666666666667,130.0,2.95,153.33333333333334,2.6500000000000004,153.33333333333334,3.0,153.33333333333334
130355A,Dee River at Kenbula,2000-06-01,2000-04-01 to 2000-06-01,62.666666666666664,10.0,0.5053333333333333,9.0,0.45133333333333336,9.0,0.6346666666666668,9.0,0.017666666666666667,10.0,0.001,10.0,0.23600000000000032,10.0,1.5466666666666662,10.0,0.072,10.0,20.376,10.0,47.53666666666637,10.0,6654.0,130.0,5036.0,130.0,8173.333333333333,130.0,21.033333333333335,130.0,13.266666666666667,130.0,26.166666666666668,130.0,2.966666666666667,130.0,2.733333333333334,130.0,3.033333333333333,130.0
130355A,Dee River at Kenbula,2000-07-01,2000-05-01 to 2000-07-01,40.666666666666664,10.0,0.5126666666666666,9.0,0.48699999999999993,9.0,0.6130000000000001,9.0,0.016999999999999998,10.0,0.0013333333333333333,10.0,0.21733333333333368,10.0,1.4793333333333332,10.0,0.10066666666666667,10.0,18.763333333333332,10.0,45.59999999999969,10.0,6251.0,130.0,5135.333333333333,130.0,7742.666666666667,130.0,18.633333333333336,130.0,10.9,130.0,23.03333333333333,130.0,3.0,130.0,2.766666666666667,130.0,3.1,130.0
130355A,Dee River at Kenbula,2000-08-01,2000-06-01 to 2000-08-01,26.0,10.0,0.49499999999999994,9.0,0.47700000000000004,9.0,0.5440000000000002,9.0,0.004333333333333333,10.0,0.0006666666666666666,10.0,0.04733333333333367,10.0,0.372333333333333,10.0,0.057333333333333326,10.0,4.075333333333336,10.0,11.286666666666358,10.0,6571.666666666667,130.0,5738.333333333333,130.0,7502.0,130.0,17.633333333333336,130.0,11.866666666666667,130.0,22.5,130.0,2.9666666666666663,130.0,2.866666666666667,130.0,3.033333333333333,130.0
130355A,Dee River at Kenbula,2000-09-01,2000-07-01 to 2000-09-01,6.333333333333333,10.0,0.451,9.0,0.4043333333333334,9.0,0.49400000000000016,9.0,0.0013333333333333333,10.0,0.0003333333333333333,10.0,0.005000000000000333,10.0,0.11466666666666636,10.0,0.028666666666666663,10.0,0.4320000000000023,10.0,3.556666666666359,10.0,7149.333333333333,130.0,6494.0,130.0,8161.0,130.0,19.3,130.0,14.0,130.0,25.833333333333332,130.0,2.9,130.0,2.8000000000000003,130.0,2.966666666666667,130.0
130355A,Dee River at Kenbula,2000-10-01,2000-08-01 to 2000-10-01,35.333333333333336,10.0,0.3496666666666666,9.0,0.26833333333333337,9.0,0.5663333333333335,9.0,0.0036666666666666666,10.0,0.0,10.0,0.19000000000000036,10.0,0.31499999999999967,10.0,0.0,10.0,16.416000000000004,10.0,9.769999999999692,10.0,7614.5,153.33333333333334,6796.5,153.33333333333334,8576.5,153.33333333333334,20.65,146.66666666666666,15.200000000000001,146.66666666666666,28.0,146.66666666666666,2.8499999999999996,153.33333333333334,2.7500000000000004,153.33333333333334,2.9,153.33333333333334
130355A,Dee River at Kenbula,2000-11-01,2000-09-01 to 2000-11-01,113.0,10.0,0.412,9.0,0.2873333333333334,9.0,0.8993333333333334,9.0,0.3173333333333333,13.333333333333334,0.0033333333333333335,13.333333333333334,12.585666666666667,13.333333333333334,27.421333333333337,13.333333333333334,0.288,13.333333333333334,1087.3873333333333,13.333333333333334,822.9299999999997,13.333333333333334,5373.0,153.33333333333334,3744.0,153.33333333333334,8370.0,153.33333333333334,23.6,146.66666666666666,18.55,146.66666666666666,31.649999999999995,146.66666666666666,3.05,153.33333333333334,2.7500000000000004,153.33333333333334,3.95,153.33333333333334
130355A,Dee River at Kenbula,2000-12-01,2000-10-01 to 2000-12-01,162.33333333333334,10.0,0.47733333333333333,25.666666666666668,0.36933333333333335,25.666666666666668,1.1683333333333332,25.666666666666668,0.3626666666666667,29.666666666666668,0.006333333333333333,29.666666666666668,17.797,29.666666666666668,31.344000000000005,29.666666666666668,0.5326666666666666,29.666666666666668,1537.6466666666665,29.666666666666668,944.5366666666664,29.666666666666668,2029.5,153.33333333333334,314.5,153.33333333333334,5805.0,153.33333333333334,25.8,146.66666666666666,22.200000000000003,146.66666666666666,31.349999999999998,146.66666666666666,3.45,153.33333333333334,2.8,153.33333333333334,4.6,153.33333333333334
130355A,Dee River at Kenbula,2001-01-01,2000-11-01 to 2001-01-01,143.0,10.0,0.5943333333333333,42.333333333333336,0.5126666666666667,42.333333333333336,1.1493333333333333,42.333333333333336,0.37266666666666665,46.0,0.008333333333333333,46.0,17.709666666666667,46.0,32.215333333333334,46.0,0.691,46.0,1530.1009999999999,46.0,971.5466666666663,46.0,2642.3333333333335,130.0,1037.6666666666667,130.0,6033.333333333333,130.0,26.933333333333334,130.0,22.7,130.0,32.96666666666667,130.0,3.3000000000000003,130.0,2.7000000000000006,130.0,4.133333333333334,130.0
130355A,Dee River at Kenbula,2001-02-01,2000-12-01 to 2001-02-01,130.33333333333334,10.0,0.5883333333333334,42.333333333333336,0.509,42.333333333333336,1.3840000000000001,42.333333333333336,0.516,49.333333333333336,0.006999999999999999,49.333333333333336,53.693666666666665,49.333333333333336,44.59566666666666,49.333333333333336,0.5613333333333334,49.333333333333336,4639.133,49.333333333333336,1263.923333333333,49.333333333333336,2984.6666666666665,130.0,1128.6666666666667,130.0,5749.333333333333,130.0,28.03333333333333,130.0,23.866666666666664,130.0,33.46666666666667,130.0,3.6,130.0,2.7000000000000006,130.0,4.066666666666666,130.0
130355A,Dee River at Kenbula,2001-03-01,2001-01-01 to 2001-03-01,120.0,10.0,0.5830000000000001,25.666666666666668,0.5066666666666667,25.666666666666668,1.2803333333333333,25.666666666666668,0.49099999999999994,36.333333333333336,0.006,36.333333333333336,49.433,36.333333333333336,42.434999999999995,36.333333333333336,0.475,36.333333333333336,4271.011333333333,36.333333333333336,1196.9399999999996,36.333333333333336,3427.6666666666665,130.0,1653.3333333333333,130.0,5783.0,130.0,28.633333333333336,130.0,23.900000000000002,130.0,33.800000000000004,130.0,3.533333333333333,130.0,2.6666666666666665,130.0,4.333333333333333,130.0
130355A,Dee River at Kenbula,2001-04-01,2001-02-01 to 2001-04-01,110.33333333333333,10.0,0.5776666666666667,9.0,0.505,9.0,1.2443333333333335,9.0,0.4833333333333334,20.0,0.005666666666666667,20.0,49.34866666666667,20.0,41.769,20.0,0.4463333333333333,20.0,4263.710666666667,20.0,1175.8066666666664,20.0,3567.6666666666665,130.0,1592.0,130.0,5696.666666666667,130.0,27.599999999999998,130.0,23.2,130.0,32.03333333333333,130.0,3.5666666666666664,130.0,2.8000000000000003,130.0,4.966666666666667,130.0
130355A,Dee River at Kenbula,2001-05-01,2001-03-01 to 2001-05-01,41.666666666666664,10.0,0.5313333333333334,9.0,0.5006666666666667,9.0,0.6900000000000001,9.0,0.028999999999999998,13.333333333333334,0.004333333333333334,13.333333333333334,0.9783333333333334,13.333333333333334,2.513333333333333,13.333333333333334,0.3456666666666666,13.333333333333334,84.49933333333334,13.333333333333334,77.43333333333304,13.333333333333334,3755.6666666666665,130.0,2452.3333333333335,130.0,5598.666666666667,130.0,24.833333333333332,130.0,19.166666666666668,130.0,30.599999999999998,130.0,3.233333333333333,130.0,2.8333333333333335,130.0,4.866666666666666,130.0
130355A,Dee River at Kenbula,2001-06-01,2001-04-01 to 2001-06-01,2.6666666666666665,10.0,0.5126666666666667,9.0,0.49533333333333335,9.0,0.5460000000000002,9.0,0.01,10.0,0.0030000000000000005,10.0,0.03233333333333333,10.0,0.8536666666666667,10.0,0.23066666666666666,10.0,2.7503333333333333,10.0,25.879999999999697,10.0,4193.333333333333,130.0,3107.0,130.0,5644.333333333333,130.0,21.0,130.0,14.866666666666667,130.0,26.63333333333333,130.0,3.1999999999999993,130.0,3.0,130.0,5.2,130.0
130355A,Dee River at Kenbula,2001-07-01,2001-05-01 to 2001-07-01,5.333333333333333,10.0,0.5033333333333334,9.0,0.49033333333333334,9.0,0.5313333333333335,9.0,0.005666666666666667,10.0,0.0016666666666666668,10.0,0.02033333333333333,10.0,0.467,10.0,0.12966666666666668,10.0,1.7133333333333336,10.0,14.386666666666363,10.0,4445.666666666667,130.0,3845.3333333333335,130.0,5330.666666666667,130.0,17.266666666666666,130.0,11.299999999999999,130.0,22.666666666666668,130.0,3.233333333333333,130.0,3.066666666666667,130.0,4.966666666666667,130.0
130355A,Dee River at Kenbula,2001-08-01,2001-06-01 to 2001-08-01,4.666666666666667,10.0,0.49666666666666665,9.0,0.486,9.0,0.5223333333333335,9.0,0.0033333333333333335,10.0,0.001,10.0,0.013,10.0,0.2723333333333333,10.0,0.072,10.0,1.0919999999999999,10.0,8.349999999999698,10.0,5051.0,130.0,4592.0,130.0,5379.666666666667,130.0,16.4,130.0,11.700000000000001,130.0,20.23333333333333,130.0,3.233333333333333,130.0,3.1,130.0,4.766666666666667,130.0
130355A,Dee River at Kenbula,2001-09-01,2001-07-01 to 2001-09-01,8.333333333333334,10.0,0.49933333333333335,9.0,0.48266666666666663,9.0,0.5296666666666668,9.0,0.004333333333333334,10.0,0.0003333333333333333,10.0,0.018333333333333333,10.0,0.37033333333333335,10.0,0.028666666666666663,10.0,1.5530000000000002,10.0,11.289999999999699,10.0,5265.666666666667,130.0,4645.0,130.0,6415.666666666667,130.0,17.9,130.0,13.666666666666666,130.0,21.73333333333333,130.0,3.233333333333333,130.0,3.1,130.0,4.033333333333333,130.0
130355A,Dee River at Kenbula,2001-10-01,2001-08-01 to 2001-10-01,5.5,73.33333333333333,0.505,9.0,0.48133333333333334,9.0,0.5956666666666668,9.0,0.008,10.0,0.0,10.0,0.18233333333333335,10.0,0.6863333333333334,10.0,0.0,10.0,15.722666666666667,10.0,21.076666666666366,10.0,4860.666666666667,130.0,4202.0,130.0,6267.333333333333,130.0,21.2,130.0,17.033333333333335,130.0,25.066666666666663,130.0,3.233333333333333,130.0,3.1,130.0,3.766666666666667,130.0
130355A,Dee River at Kenbula,2001-11-01,2001-09-01 to 2001-11-01,33.0,73.33333333333333,0.5113333333333333,9.0,0.4876666666666667,9.0,0.6210000000000001,9.0,0.01,10.0,0.0013333333333333333,10.0,0.214,10.0,0.8576666666666667,10.0,0.10066666666666667,10.0,18.44633333333333,10.0,26.149999999999697,10.0,4133.333333333333,130.0,3488.3333333333335,130.0,5738.0,130.0,24.599999999999998,130.0,19.8,130.0,28.666666666666668,130.0,3.266666666666666,130.0,3.1666666666666674,130.0,3.8666666666666667,130.0
130355A,Dee River at Kenbula,2001-12-01,2001-10-01 to 2001-12-01,66.5,73.33333333333333,0.49466666666666675,25.666666666666668,0.45566666666666666,25.666666666666668,0.6450000000000001,25.666666666666668,0.008333333333333333,26.333333333333332,0.0013333333333333333,26.333333333333332,0.252,26.333333333333332,0.7026666666666667,26.333333333333332,0.10066666666666667,26.333333333333332,21.744,26.333333333333332,21.546666666666365,26.333333333333332,3818.6666666666665,130.0,3218.0,130.0,5032.0,130.0,27.233333333333334,130.0,22.53333333333333,130.0,31.399999999999995,130.0,3.233333333333333,130.0,3.1333333333333333,130.0,3.866666666666667,130.0
130355A,Dee River at Kenbula,2002-01-01,2001-11-01 to 2002-01-01,56.0,10.0,0.48300000000000004,25.666666666666668,0.44166666666666665,25.666666666666668,0.6113333333333334,25.666666666666668,0.004,26.333333333333332,0.0013333333333333333,26.333333333333332,0.13033333333333333,26.333333333333332,0.35400000000000004,26.333333333333332,0.10066666666666667,26.333333333333332,11.232,26.333333333333332,10.739999999999696,26.333333333333332,4438.0,130.0,3906.3333333333335,130.0,5561.666666666667,130.0,28.733333333333334,130.0,23.866666666666664,130.0,32.86666666666667,130.0,3.1999999999999997,130.0,3.1,130.0,4.633333333333333,130.0
130355A,Dee River at Kenbula,2002-02-01,2001-12-01 to 2002-02-01,45.0,10.0,0.4586666666666666,25.666666666666668,0.3866666666666667,25.666666666666668,0.5826666666666669,25.666666666666668,0.0016666666666666668,26.333333333333332,0.0,26.333333333333332,0.09700000000000002,26.333333333333332,0.15933333333333333,26.333333333333332,0.0,26.333333333333332,8.366666666666665,26.333333333333332,4.81333333333303,26.333333333333332,5611.666666666667,130.0,4970.666666666667,130.0,6968.666666666667,130.0,29.333333333333332,130.0,24.900000000000002,130.0,33.199999999999996,130.0,3.133333333333333,130.0,3.0333333333333337,130.0,4.966666666666667,130.0
130355A,Dee River at Kenbula,2002-03-01,2002-01-01 to 2002-03-01,24.666666666666668,10.0,0.38999999999999996,9.0,0.30333333333333334,9.0,0.48966666666666686,9.0,0.001,10.0,0.0,10.0,0.04900000000000001,10.0,0.11399999999999999,10.0,0.0,10.0,4.219333333333334,10.0,3.406666666666363,10.0,7110.333333333333,130.0,6405.666666666667,130.0,8290.0,130.0,27.900000000000002,130.0,22.900000000000002,130.0,31.933333333333334,130.0,3.1,130.0,3.0,130.0,5.266666666666667,130.0
130355A,Dee River at Kenbula,2002-04-01,2002-02-01 to 2002-04-01,13.0,10.0,0.34450000000000003,66.0,0.23450000000000001,66.0,0.42700000000000027,66.0,0.0003333333333333333,13.0,0.0,13.0,0.0029999999999999996,13.0,0.042,13.0,0.0,13.0,0.25933333333333336,13.0,1.1766666666663634,13.0,7821.5,153.33333333333334,6983.0,153.33333333333334,9218.0,153.33333333333334,27.200000000000003,146.66666666666666,21.85,146.66666666666666,31.2,146.66666666666666,3.1,153.33333333333334,3.0,153.33333333333334,4.949999999999999,153.33333333333334
130355A,Dee River at Kenbula,2002-05-01,2002-03-01 to 2002-05-01,9.0,10.0,0.251,123.0,0.135,123.0,0.339,123.0,0.0,16.0,0.0,16.0,0.0,16.0,0.0,16.0,0.0,16.0,0.0,16.0,0.0,16.0,8641.0,170.0,7737.0,170.0,9756.0,170.0,25.5,163.33333333333334,19.1,163.33333333333334,30.2,163.33333333333334,3.1,176.66666666666666,3.0,176.66666666666666,4.7,176.66666666666666
130355A,Dee River at Kenbula,2002-06-01,2002-04-01 to 2002-06-01,52.0,10.0,,180.0,,180.0,,180.0,0.010333333333333333,19.0,0.0,19.0,0.24533333333333332,19.0,0.8826666666666667,19.0,0.0,19.0,21.182333333333332,19.0,26.476666666666365,19.0,,186.66666666666666,,186.66666666666666,,186.66666666666666,,180.0,,180.0,,180.0,,200.0,,200.0,,200.0
130355A,Dee River at Kenbula,2002-07-01,2002-05-01 to 2002-07-01,52.0,10.0,0.494,123.0,0.485,123.0,0.508,123.0,0.011000000000000001,16.0,0.0003333333333333333,16.0,0.24733333333333332,16.0,0.9483333333333334,16.0,0.028666666666666663,16.0,21.355,16.0,28.513333333333033,16.0,5876.0,163.33333333333334,5159.0,163.33333333333334,6447.0,163.33333333333334,12.8,163.33333333333334,9.0,163.33333333333334,16.2,163.33333333333334,2.8,176.66666666666666,2.7,176.66666666666666,2.9,176.66666666666666
130355A,Dee River at Kenbula,2002-08-01,2002-06-01 to 2002-08-01,62.666666666666664,10.0,0.4955,66.0,0.483,66.0,0.5460000000000003,66.0,0.012333333333333333,13.0,0.0003333333333333333,13.0,0.27299999999999996,13.0,1.0686666666666667,13.0,0.028666666666666663,13.0,23.572666666666663,13.0,32.243333333333034,13.0,6325.5,146.66666666666666,5599.0,146.66666666666666,6824.0,146.66666666666666,14.6,146.66666666666666,10.3,146.66666666666666,17.599999999999994,146.66666666666666,2.8,153.33333333333334,2.7,153.33333333333334,2.9,153.33333333333334
130355A,Dee River at Kenbula,2002-09-01,2002-07-01 to 2002-09-01,21.333333333333332,10.0,0.49066666666666664,9.0,0.4656666666666667,9.0,0.5503333333333335,9.0,0.0026666666666666666,10.0,0.0003333333333333333,10.0,0.042,10.0,0.23933333333333331,10.0,0.028666666666666663,10.0,3.6286666666666663,10.0,7.369999999999696,10.0,6326.333333333333,130.0,5704.0,130.0,6913.333333333333,130.0,16.599999999999998,130.0,12.0,130.0,19.73333333333333,130.0,2.766666666666666,130.0,2.7,130.0,2.9,130.0
130355A,Dee River at Kenbula,2002-10-01,2002-08-01 to 2002-10-01,22.0,10.0,0.43533333333333335,9.0,0.36999999999999994,9.0,0.5310000000000001,9.0,0.002,10.0,0.0,10.0,0.04,10.0,0.17366666666666664,10.0,0.0,10.0,3.4559999999999995,10.0,5.33333333333303,10.0,7195.333333333333,130.0,6348.333333333333,130.0,8154.666666666667,130.0,19.96666666666667,130.0,14.533333333333333,130.0,23.399999999999995,130.0,2.733333333333333,130.0,2.7,130.0,2.8666666666666667,130.0
130355A,Dee River at Kenbula,2002-11-01,2002-09-01 to 2002-11-01,16.333333333333332,10.0,0.29633333333333334,25.666666666666668,0.19833333333333333,25.666666666666668,0.40233333333333343,25.666666666666668,0.0006666666666666666,26.333333333333332,0.0,26.333333333333332,0.014333333333333332,26.333333333333332,0.05333333333333334,26.333333333333332,0.0,26.333333333333332,1.2383333333333333,26.333333333333332,1.60333333333303,26.333333333333332,7405.5,153.33333333333334,6503.0,153.33333333333334,8631.5,153.33333333333334,21.75,153.33333333333334,16.0,153.33333333333334,25.599999999999994,153.33333333333334,2.7,153.33333333333334,2.7,153.33333333333334,2.85,153.33333333333334
130355A,Dee River at Kenbula,2002-12-01,2002-10-01 to 2002-12-01,37.666666666666664,10.0,0.26866666666666666,25.666666666666668,0.03966666666666667,25.666666666666668,0.4430000000000002,25.666666666666668,0.0016666666666666668,26.333333333333332,0.0,26.333333333333332,0.114,26.333333333333332,0.13133333333333333,26.333333333333332,0.0,26.333333333333332,9.849666666666666,26.333333333333332,4.069999999999697,26.333333333333332,8483.0,176.66666666666666,7092.0,176.66666666666666,10171.0,176.66666666666666,22.9,176.66666666666666,16.6,176.66666666666666,27.2,176.66666666666666,2.7,176.66666666666666,2.7,176.66666666666666,2.8,176.66666666666666
130355A,Dee River at Kenbula,2003-01-01,2002-11-01 to 2003-01-01,37.0,10.0,0.27,25.666666666666668,0.025333333333333333,25.666666666666668,0.44900000000000023,25.666666666666668,0.0016666666666666668,26.333333333333332,0.0,26.333333333333332,0.114,26.333333333333332,0.13133333333333333,26.333333333333332,0.0,26.333333333333332,9.849666666666666,26.333333333333332,4.069999999999697,26.333333333333332,9920.0,176.66666666666666,8412.0,176.66666666666666,12190.0,176.66666666666666,27.9,176.66666666666666,24.4,176.66666666666666,32.3,176.66666666666666,2.8,176.66666666666666,2.7,176.66666666666666,3.1,176.66666666666666
130355A,Dee River at Kenbula,2003-02-01,2002-12-01 to 2003-02-01,166.0,10.0,0.4406666666666667,9.0,0.08066666666666666,9.0,1.3176666666666668,9.0,0.8716666666666666,16.666666666666668,0.0,16.666666666666668,96.74033333333334,16.666666666666668,75.31333333333333,16.666666666666668,0.0,16.666666666666668,8358.350666666667,16.666666666666668,2109.1699999999996,16.666666666666668,7590.0,153.33333333333334,4576.0,153.33333333333334,13368.0,153.33333333333334,29.15,153.33333333333334,24.5,153.33333333333334,33.449999999999996,153.33333333333334,3.4499999999999993,153.33333333333334,2.7500000000000004,153.33333333333334,4.45,153.33333333333334
130355A,Dee River at Kenbula,2003-03-01,2003-01-01 to 2003-03-01,149.0,10.0,0.49533333333333335,25.666666666666668,0.245,25.666666666666668,1.5250000000000001,25.666666666666668,0.9813333333333333,33.0,0.0,33.0,102.71500000000002,33.0,84.79933333333334,33.0,0.0,33.0,8874.547333333334,33.0,2403.233333333333,33.0,5512.666666666667,130.0,3172.3333333333335,130.0,9914.666666666666,130.0,28.599999999999998,130.0,24.2,130.0,32.93333333333333,130.0,3.5666666666666664,130.0,2.966666666666667,130.0,4.933333333333334,130.0
130355A,Dee River at Kenbula,2003-04-01,2003-02-01 to 2003-04-01,153.33333333333334,10.0,0.5253333333333333,42.333333333333336,0.3266666666666667,42.333333333333336,1.523666666666667,42.333333333333336,0.9813333333333333,49.333333333333336,0.0,49.333333333333336,102.71500000000002,49.333333333333336,84.79933333333334,49.333333333333336,0.0,49.333333333333336,8874.547333333334,49.333333333333336,2403.233333333333,49.333333333333336,3046.0,130.0,905.6666666666666,130.0,6937.333333333333,130.0,27.633333333333336,130.0,22.933333333333337,130.0,32.6,130.0,3.7999999999999994,130.0,3.066666666666667,130.0,5.133333333333334,130.0
130355A,Dee River at Kenbula,2003-05-01,2003-03-01 to 2003-05-01,21.0,10.0,0.47900000000000004,42.333333333333336,0.42533333333333334,42.333333333333336,0.7470000000000002,42.333333333333336,0.11133333333333334,42.666666666666664,0.0,42.666666666666664,6.088666666666666,42.666666666666664,9.617333333333333,42.666666666666664,0.0,42.666666666666664,526.0463333333333,42.666666666666664,298.13333333333304,42.666666666666664,2582.6666666666665,130.0,1745.0,130.0,3568.3333333333335,130.0,24.366666666666664,130.0,19.566666666666666,130.0,30.099999999999998,130.0,3.5999999999999996,130.0,3.233333333333334,130.0,4.3999999999999995,130.0
130355A,Dee River at Kenbula,2003-06-01,2003-04-01 to 2003-06-01,14.333333333333334,10.0,0.45133333333333336,25.666666666666668,0.43100000000000005,25.666666666666668,0.48133333333333345,25.666666666666668,0.0,26.333333333333332,0.0,26.333333333333332,0.002,26.333333333333332,0.014,26.333333333333332,0.0,26.333333333333332,0.15833333333333333,26.333333333333332,0.4166666666663635,26.333333333333332,3743.3333333333335,130.0,3097.0,130.0,4339.0,130.0,21.166666666666668,130.0,16.066666666666666,130.0,27.266666666666666,130.0,3.433333333333333,130.0,3.1,130.0,3.6666666666666665,130.0
130355A,Dee River at Kenbula,2003-07-01,2003-05-01 to 2003-07-01,16.0,10.0,0.4696666666666667,9.0,0.4506666666666667,9.0,0.4946666666666668,9.0,0.0,10.0,0.0,10.0,0.0036666666666666666,10.0,0.02366666666666667,10.0,0.0,10.0,0.30233333333333334,10.0,0.7099999999996968,10.0,4672.666666666667,130.0,4214.666666666667,130.0,5130.0,130.0,18.366666666666667,130.0,12.966666666666667,130.0,23.599999999999998,130.0,3.4,130.0,3.1,130.0,3.633333333333333,130.0
130355A,Dee River at Kenbula,2003-08-01,2003-06-01 to 2003-08-01,24.0,10.0,0.4746666666666666,9.0,0.4590000000000001,9.0,0.5336666666666668,9.0,0.0003333333333333333,10.0,0.0,10.0,0.033666666666666664,10.0,0.06133333333333333,10.0,0.0,10.0,2.8943333333333334,10.0,1.8733333333330302,10.0,5177.0,130.0,4631.333333333333,130.0,5913.666666666667,130.0,17.833333333333332,130.0,11.466666666666667,130.0,22.366666666666664,130.0,3.366666666666666,130.0,2.9333333333333336,130.0,3.733333333333333,130.0
130355A,Dee River at Kenbula,2003-09-01,2003-07-01 to 2003-09-01,28.5,73.33333333333333,0.46866666666666673,25.666666666666668,0.4323333333333334,25.666666666666668,0.5300000000000001,25.666666666666668,0.0003333333333333333,26.333333333333332,0.0,26.333333333333332,0.03266666666666666,26.333333333333332,0.061,26.333333333333332,0.0,26.333333333333332,2.808,26.333333333333332,1.869999999999697,26.333333333333332,5345.5,153.33333333333334,4736.5,153.33333333333334,6210.5,153.33333333333334,17.8,153.33333333333334,10.649999999999999,153.33333333333334,21.85,153.33333333333334,3.4,153.33333333333334,2.9000000000000004,153.33333333333334,3.749999999999999,153.33333333333334
130355A,Dee River at Kenbula,2003-10-01,2003-08-01 to 2003-10-01,39.0,136.66666666666666,0.47833333333333333,42.333333333333336,0.4033333333333333,42.333333333333336,0.5873333333333335,42.333333333333336,0.007,42.666666666666664,0.0,42.666666666666664,0.138,42.666666666666664,0.6389999999999999,42.666666666666664,0.0,42.666666666666664,11.908666666666667,42.666666666666664,19.793333333333027,42.666666666666664,5383.0,176.66666666666666,4508.0,176.66666666666666,6790.0,176.66666666666666,19.0,176.66666666666666,10.0,176.66666666666666,23.4,176.66666666666666,3.4,176.66666666666666,2.8,176.66666666666666,3.9,176.66666666666666
130355A,Dee River at Kenbula,2003-11-01,2003-09-01 to 2003-11-01,6.0,136.66666666666666,0.47500000000000003,42.333333333333336,0.3826666666666667,42.333333333333336,0.5563333333333335,42.333333333333336,0.006666666666666667,42.666666666666664,0.0,42.666666666666664,0.10933333333333334,42.666666666666664,0.6083333333333333,42.666666666666664,0.0,42.666666666666664,9.417333333333334,42.666666666666664,18.836666666666364,42.666666666666664,4588.0,176.66666666666666,3532.0,176.66666666666666,5679.0,176.66666666666666,26.2,176.66666666666666,21.7,176.66666666666666,31.3,176.66666666666666,3.0,176.66666666666666,2.8,176.66666666666666,3.2,176.66666666666666
130355A,Dee River at Kenbula,2003-12-01,2003-10-01 to 2003-12-01,71.5,73.33333333333333,0.48700000000000004,25.666666666666668,0.37033333333333335,25.666666666666668,0.6060000000000002,25.666666666666668,0.012333333333333335,26.333333333333332,0.0,26.333333333333332,0.18033333333333335,26.333333333333332,1.0726666666666667,26.333333333333332,0.0,26.333333333333332,15.551666666666668,26.333333333333332,33.243333333333034,26.333333333333332,4866.0,153.33333333333334,3958.5,153.33333333333334,5899.0,153.33333333333334,27.9,153.33333333333334,22.25,153.33333333333334,32.949999999999996,153.33333333333334,3.0,153.33333333333334,2.7500000000000004,153.33333333333334,3.4499999999999997,153.33333333333334
130355A,Dee River at Kenbula,2004-01-01,2003-11-01 to 2004-01-01,88.0,10.0,0.49333333333333335,9.0,0.409,9.0,0.6070000000000002,9.0,0.012666666666666668,10.0,0.0006666666666666666,10.0,0.18433333333333332,10.0,1.086,10.0,0.043333333333333335,10.0,15.883000000000001,10.0,33.65666666666636,10.0,4906.0,130.0,4043.3333333333335,130.0,5928.0,130.0,28.233333333333334,130.0,23.46666666666667,130.0,32.56666666666667,130.0,3.133333333333333,130.0,2.8000000000000003,130.0,3.6666666666666665,130.0
130355A,Dee River at Kenbula,2004-02-01,2003-12-01 to 2004-02-01,130.33333333333334,10.0,0.5236666666666667,9.0,0.44366666666666665,9.0,0.7606666666666668,9.0,0.037333333333333336,13.333333333333334,0.0016666666666666668,13.333333333333334,1.1533333333333333,13.333333333333334,3.2093333333333334,13.333333333333334,0.11533333333333333,13.333333333333334,99.61899999999999,13.333333333333334,95.22666666666636,13.333333333333334,5181.333333333333,130.0,3742.6666666666665,130.0,6303.333333333333,130.0,29.899999999999995,130.0,24.96666666666667,130.0,35.266666666666666,130.0,3.3666666666666667,130.0,2.866666666666667,130.0,4.166666666666667,130.0
130355A,Dee River at Kenbula,2004-03-01,2004-01-01 to 2004-03-01,85.66666666666667,10.0,0.525,9.0,0.48933333333333334,9.0,0.7290000000000001,9.0,0.03333333333333333,13.333333333333334,0.0016666666666666668,13.333333333333334,1.0919999999999999,13.333333333333334,2.8793333333333337,13.333333333333334,0.11533333333333333,13.333333333333334,94.33433333333333,13.333333333333334,84.9999999999997,13.333333333333334,4789.333333333333,130.0,3247.3333333333335,130.0,5837.666666666667,130.0,29.3,130.0,24.099999999999998,130.0,35.99999999999999,130.0,3.5666666666666664,130.0,3.0,130.0,4.533333333333333,130.0
130355A,Dee River at Kenbula,2004-04-01,2004-02-01 to 2004-04-01,55.666666666666664,10.0,0.5126666666666667,9.0,0.48533333333333334,9.0,0.7033333333333335,9.0,0.02733333333333333,13.333333333333334,0.001,13.333333333333334,1.018,13.333333333333334,2.3526666666666665,13.333333333333334,0.072,13.333333333333334,87.94066666666667,13.333333333333334,68.5999999999997,13.333333333333334,4890.333333333333,130.0,3410.3333333333335,130.0,5748.666666666667,130.0,28.166666666666668,130.0,21.833333333333332,130.0,36.23333333333333,130.0,3.5333333333333328,130.0,3.066666666666667,130.0,4.3999999999999995,130.0
130355A,Dee River at Kenbula,2004-05-01,2004-03-01 to 2004-05-01,11.333333333333334,10.0,0.4923333333333333,9.0,0.47866666666666663,9.0,0.5580000000000002,9.0,0.0030000000000000005,10.0,0.0,10.0,0.052,10.0,0.262,10.0,0.0,10.0,4.464,10.0,8.049999999999697,10.0,5070.333333333333,130.0,4243.666666666667,130.0,5789.666666666667,130.0,24.633333333333336,130.0,17.3,130.0,32.26666666666666,130.0,3.4,130.0,2.9333333333333336,130.0,4.033333333333333,130.0
130355A,Dee River at Kenbula,2004-06-01,2004-04-01 to 2004-06-01,10.333333333333334,10.0,0.48699999999999993,9.0,0.4663333333333333,9.0,0.5516666666666669,9.0,0.002,10.0,0.0,10.0,0.04700000000000001,10.0,0.17466666666666666,10.0,0.0,10.0,4.017666666666667,10.0,5.273333333333031,10.0,5984.333333333333,130.0,5316.666666666667,130.0,6674.0,130.0,21.133333333333336,130.0,13.4,130.0,28.066666666666663,130.0,3.266666666666666,130.0,2.866666666666667,130.0,3.5999999999999996,130.0
130355A,Dee River at Kenbula,2004-07-01,2004-05-01 to 2004-07-01,0.0,10.0,0.48900000000000005,9.0,0.46366666666666667,9.0,0.5286666666666668,9.0,0.0023333333333333335,10.0,0.0,10.0,0.016333333333333335,10.0,0.21,10.0,0.0,10.0,1.368,10.0,6.439999999999697,10.0,6280.333333333333,130.0,5695.0,130.0,6937.0,130.0,18.26666666666667,130.0,9.700000000000001,130.0,25.033333333333328,130.0,3.133333333333333,130.0,2.733333333333334,130.0,3.5,130.0
130355A,Dee River at Kenbula,2004-08-01,2004-06-01 to 2004-08-01,3.0,10.0,0.463,9.0,0.4146666666666667,9.0,0.5133333333333335,9.0,0.002,10.0,0.0,10.0,0.012000000000000002,10.0,0.17033333333333334,10.0,0.0,10.0,1.008,10.0,5.21333333333303,10.0,6619.333333333333,130.0,6065.0,130.0,7276.666666666667,130.0,17.3,130.0,8.666666666666666,130.0,25.533333333333328,130.0,3.0,130.0,2.766666666666667,130.0,3.4666666666666663,130.0
130355A,Dee River at Kenbula,2004-09-01,2004-07-01 to 2004-09-01,5.0,10.0,0.4446666666666667,9.0,0.37800000000000006,9.0,0.5086666666666667,9.0,0.0016666666666666668,10.0,0.0,10.0,0.009333333333333332,10.0,0.13066666666666665,10.0,0.0,10.0,0.7920000000000001,10.0,4.0299999999996965,10.0,7092.0,130.0,6376.333333333333,130.0,7730.0,130.0,19.0,130.0,9.966666666666667,130.0,28.36666666666666,130.0,2.866666666666666,130.0,2.7,130.0,3.4666666666666663,130.0
130355A,Dee River at Kenbula,2004-10-01,2004-08-01 to 2004-10-01,24.333333333333332,10.0,0.4443333333333333,9.0,0.375,9.0,0.5283333333333334,9.0,0.0016666666666666668,10.0,0.0,10.0,0.03333333333333333,10.0,0.13733333333333334,10.0,0.0,10.0,2.8800000000000003,10.0,4.239999999999697,10.0,8124.0,130.0,6690.666666666667,130.0,8901.333333333334,130.0,22.099999999999998,130.0,13.833333333333336,130.0,32.56666666666666,130.0,2.8333333333333326,130.0,2.366666666666667,130.0,3.3666666666666667,130.0
130355A,Dee River at Kenbula,2004-11-01,2004-09-01 to 2004-11-01,36.333333333333336,10.0,0.4666666666666666,25.666666666666668,0.4096666666666667,25.666666666666668,0.5636666666666669,25.666666666666668,0.0033333333333333335,26.333333333333332,0.0,26.333333333333332,0.058666666666666666,26.333333333333332,0.27499999999999997,26.333333333333332,0.0,26.333333333333332,5.054333333333333,26.333333333333332,8.373333333333031,26.333333333333332,9220.666666666666,130.0,7606.333333333333,130.0,9934.333333333334,130.0,25.53333333333333,130.0,17.666666666666668,130.0,34.699999999999996,130.0,2.8,130.0,2.3333333333333335,130.0,3.233333333333333,130.0
130355A,Dee River at Kenbula,2004-12-01,2004-10-01 to 2004-12-01,90.0,10.0,0.49933333333333335,42.333333333333336,0.4543333333333333,42.333333333333336,0.6960000000000001,42.333333333333336,0.01966666666666667,42.666666666666664,0.0,42.666666666666664,0.7829999999999999,42.666666666666664,1.6959999999999997,42.666666666666664,0.0,42.666666666666664,67.62233333333333,42.666666666666664,52.44333333333304,42.666666666666664,8604.666666666666,130.0,6152.666666666667,130.0,10836.0,130.0,27.7,130.0,20.76666666666667,130.0,36.43333333333333,130.0,2.8,130.0,2.233333333333334,130.0,3.233333333333333,130.0
130355A,Dee River at Kenbula,2005-01-01,2004-11-01 to 2005-01-01,137.33333333333334,10.0,0.5143333333333333,59.0,0.4633333333333333,59.0,0.7810000000000001,59.0,0.042333333333333334,59.0,0.0003333333333333333,59.0,1.2253333333333332,59.0,3.642333333333333,59.0,0.028666666666666663,59.0,105.83999999999999,59.0,112.77666666666637,59.0,7340.666666666667,130.0,4817.666666666667,130.0,10151.0,130.0,28.566666666666666,130.0,21.666666666666668,130.0,36.666666666666664,130.0,2.733333333333333,130.0,2.4666666666666672,130.0,3.266666666666667,130.0
130355A,Dee River at Kenbula,2005-02-01,2004-12-01 to 2005-02-01,140.66666666666666,10.0,0.535,59.0,0.4876666666666667,59.0,0.8330000000000002,59.0,0.05399999999999999,59.0,0.002,59.0,1.41,59.0,4.646333333333334,59.0,0.17266666666666666,59.0,121.80966666666666,59.0,140.60666666666637,59.0,5156.0,130.0,2735.6666666666665,130.0,8631.666666666666,130.0,29.166666666666668,130.0,22.833333333333332,130.0,37.03333333333333,130.0,2.733333333333333,130.0,2.4333333333333336,130.0,3.2999999999999994,130.0
130355A,Dee River at Kenbula,2005-03-01,2005-01-01 to 2005-03-01,92.0,10.0,0.5263333333333334,59.0,0.47633333333333333,59.0,0.7136666666666668,59.0,0.039,59.0,0.002,59.0,0.6956666666666665,59.0,3.3493333333333335,59.0,0.17266666666666666,59.0,60.10566666666667,59.0,100.39666666666636,59.0,4594.0,153.33333333333334,2758.0,153.33333333333334,7227.5,153.33333333333334,29.3,137.0,23.400000000000002,137.0,36.599999999999994,137.0,2.733333333333333,130.0,2.5,130.0,3.2,130.0
130355A,Dee River at Kenbula,2005-04-01,2005-02-01 to 2005-04-01,29.333333333333332,10.0,0.5126666666666667,42.333333333333336,0.47833333333333333,42.333333333333336,0.6080000000000002,42.333333333333336,0.015999999999999997,42.666666666666664,0.0023333333333333335,42.666666666666664,0.22866666666666668,42.666666666666664,1.3750000000000002,42.666666666666664,0.20166666666666666,42.666666666666664,19.74266666666667,42.666666666666664,39.109999999999694,42.666666666666664,3707.0,176.66666666666666,2741.0,176.66666666666666,6488.0,176.66666666666666,29.8,144.0,24.5,144.0,36.5,144.0,2.8,130.0,2.6,130.0,3.0666666666666664,130.0
130355A,Dee River at Kenbula,2005-05-01,2005-03-01 to 2005-05-01,27.333333333333332,10.0,0.5006666666666667,25.666666666666668,0.474,25.666666666666668,0.5766666666666668,25.666666666666668,0.005333333333333329,26.333333333333332,0.0013333333333333333,26.333333333333332,0.09100000000000001,26.333333333333332,0.45766666666666694,26.333333333333332,0.1153333333333333,26.333333333333332,7.848333333333333,26.333333333333332,14.106666666666364,26.333333333333332,,200.0,,200.0,,200.0,20.4,144.0,12.4,144.0,28.2,144.0,2.8,130.0,2.6333333333333337,130.0,3.0666666666666664,130.0
130355A,Dee River at Kenbula,2005-06-01,2005-04-01 to 2005-06-01,40.666666666666664,10.0,0.5016666666666666,9.0,0.492,9.0,0.6030000000000002,9.0,0.006333333333333329,10.0,0.002,10.0,0.13966666666666666,10.0,0.552666666666667,10.0,0.173,10.0,12.052999999999999,10.0,16.809999999999697,10.0,,200.0,,200.0,,200.0,20.0,137.0,12.250000000000002,137.0,27.199999999999992,137.0,2.766666666666666,130.0,2.566666666666667,130.0,3.133333333333333,130.0
130355A,Dee River at Kenbula,2005-07-01,2005-05-01 to 2005-07-01,37.666666666666664,10.0,0.5013333333333333,9.0,0.492,9.0,0.5956666666666668,9.0,0.006333333333333329,10.0,0.002,10.0,0.13599999999999998,10.0,0.5443333333333337,10.0,0.173,10.0,11.750333333333332,10.0,16.6399999999997,10.0,6511.0,176.66666666666666,5078.0,176.66666666666666,9656.0,176.66666666666666,19.433333333333334,130.0,11.633333333333335,130.0,26.433333333333326,130.0,2.8333333333333326,130.0,2.6,130.0,3.3333333333333335,130.0
130355A,Dee River at Kenbula,2005-08-01,2005-06-01 to 2005-08-01,32.0,10.0,0.5013333333333333,9.0,0.49266666666666664,9.0,0.5633333333333335,9.0,0.005333333333333329,10.0,0.002,10.0,0.07433333333333333,10.0,0.46433333333333365,10.0,0.173,10.0,6.408,10.0,14.156666666666363,10.0,6511.0,160.33333333333334,5078.0,160.33333333333334,9656.0,160.33333333333334,18.95,137.0,11.250000000000004,137.0,25.54999999999999,137.0,2.8499999999999996,137.0,2.6,137.0,3.4,137.0
130355A,Dee River at Kenbula,2005-09-01,2005-07-01 to 2005-09-01,11.666666666666666,10.0,0.4856666666666667,9.0,0.45133333333333336,9.0,0.5183333333333335,9.0,0.0029999999999999957,10.0,0.0013333333333333333,10.0,0.013999999999999999,10.0,0.253666666666667,10.0,0.1153333333333333,10.0,1.1806666666666668,10.0,7.836666666666363,10.0,6511.0,144.0,5078.0,144.0,9656.0,144.0,18.3,144.0,10.4,144.0,24.9,144.0,3.0,144.0,2.8,144.0,3.4,144.0
130355A,Dee River at Kenbula,2005-10-01,2005-08-01 to 2005-10-01,31.666666666666668,10.0,0.48050000000000004,66.0,0.43100000000000005,66.0,0.5235000000000003,66.0,0.006333333333333329,13.0,0.0006666666666666666,13.0,0.08766666666666667,13.0,0.5480000000000004,13.0,0.057666666666666644,13.0,7.5456666666666665,13.0,16.956666666666365,13.0,,151.0,,151.0,,151.0,,151.0,,151.0,,151.0,,151.0,,151.0,,151.0
130355A,Dee River at Kenbula,2005-11-01,2005-09-01 to 2005-11-01,43.666666666666664,10.0,0.474,66.0,0.404,66.0,0.7530000000000001,66.0,0.011999999999999995,16.333333333333332,0.0,16.333333333333332,1.4076666666666666,16.333333333333332,1.0330000000000001,16.333333333333332,0.0,16.333333333333332,121.608,16.333333333333332,31.36333333333303,16.333333333333332,7116.0,144.0,1937.0,144.0,8387.0,144.0,29.2,144.0,22.5,144.0,36.4,144.0,,167.33333333333334,,167.33333333333334,,167.33333333333334
130355A,Dee River at Kenbula,2005-12-01,2005-10-01 to 2005-12-01,53.666666666666664,10.0,0.479,66.0,0.391,66.0,0.8410000000000002,66.0,0.014999999999999994,16.333333333333332,0.0,16.333333333333332,1.5126666666666668,16.333333333333332,1.2810000000000001,16.333333333333332,0.0,16.333333333333332,130.67999999999998,16.333333333333332,39.08666666666637,16.333333333333332,7116.0,144.0,1937.0,144.0,8387.0,144.0,29.2,144.0,22.5,144.0,36.4,144.0,,183.66666666666666,,183.66666666666666,,183.66666666666666
130355A,Dee River at Kenbula,2006-01-01,2005-11-01 to 2006-01-01,39.333333333333336,10.0,0.41733333333333333,11.0,0.35733333333333334,11.0,0.6746666666666669,11.0,0.010666666666666663,16.333333333333332,0.0,16.333333333333332,1.437,16.333333333333332,0.9066666666666668,16.333333333333332,0.0,16.333333333333332,124.14233333333334,16.333333333333332,27.483333333333025,16.333333333333332,7116.0,160.33333333333334,1937.0,160.33333333333334,8387.0,160.33333333333334,29.2,160.33333333333334,22.5,160.33333333333334,36.4,160.33333333333334,,200.0,,200.0,,200.0
130355A,Dee River at Kenbula,2006-02-01,2005-12-01 to 2006-02-01,19.333333333333332,10.0,0.3506666666666667,13.0,0.30733333333333335,13.0,0.4356666666666669,13.0,0.0033333333333333288,14.666666666666666,0.0,14.666666666666666,0.10633333333333334,14.666666666666666,0.2773333333333336,14.666666666666666,0.0,14.666666666666666,9.172666666666666,14.666666666666666,8.599999999999698,14.666666666666666,,183.66666666666666,,183.66666666666666,,183.66666666666666,,183.66666666666666,,183.66666666666666,,183.66666666666666,,200.0,,200.0,,200.0
130355A,Dee River at Kenbula,2006-03-01,2006-01-01 to 2006-03-01,30.0,10.0,0.3383333333333334,15.0,0.29,15.0,0.4346666666666669,15.0,0.001666666666666662,16.333333333333332,0.0,16.333333333333332,0.10233333333333333,16.333333333333332,0.14766666666666697,16.333333333333332,0.0,16.333333333333332,8.841666666666667,16.333333333333332,4.579999999999697,16.333333333333332,,200.0,,200.0,,200.0,,200.0,,200.0,,200.0,,200.0,,200.0,,200.0
130355A,Dee River at Kenbula,2006-04-01,2006-02-01 to 2006-04-01,36.0,10.0,0.39866666666666667,13.333333333333334,0.3343333333333333,13.333333333333334,0.49566666666666687,13.333333333333334,0.0023333333333333288,13.333333333333334,0.0,13.333333333333334,0.107,13.333333333333334,0.1923333333333336,13.333333333333334,0.0,13.333333333333334,9.245,13.333333333333334,5.916666666666363,13.333333333333334,7086.0,183.33333333333334,5244.0,183.33333333333334,7886.0,183.33333333333334,25.5,183.33333333333334,19.4,183.33333333333334,34.6,183.33333333333334,,200.0,,200.0,,200.0
130355A,Dee River at Kenbula,2006-05-01,2006-03-01 to 2006-05-01,35.333333333333336,10.0,0.4253333333333333,11.666666666666666,0.34800000000000003,11.666666666666666,0.5460000000000002,11.666666666666666,0.0023333333333333288,11.666666666666666,0.0,11.666666666666666,0.107,11.666666666666666,0.1923333333333336,11.666666666666666,0.0,11.666666666666666,9.245,11.666666666666666,5.916666666666363,11.666666666666666,7086.0,183.33333333333334,5244.0,183.33333333333334,7886.0,183.33333333333334,25.5,183.33333333333334,19.4,183.33333333333334,34.6,183.33333333333334,,200.0,,200.0,,200.0
130355A,Dee River at Kenbula,2006-06-01,2006-04-01 to 2006-06-01,58.0,10.0,0.437,10.0,0.35633333333333334,10.0,0.6240000000000002,10.0,0.01233333333333333,13.333333333333334,0.0,13.333333333333334,0.701,13.333333333333334,1.0506666666666669,13.333333333333334,0.0,13.333333333333334,60.56666666666667,13.333333333333334,31.513333333333033,13.333333333333334,7086.0,183.33333333333334,5244.0,183.33333333333334,7886.0,183.33333333333334,25.5,183.33333333333334,19.4,183.33333333333334,34.6,183.33333333333334,,200.0,,200.0,,200.0
130355A,Dee River at Kenbula,2006-07-01,2006-05-01 to 2006-07-01,54.333333333333336,10.0,0.44366666666666665,10.0,0.37633333333333335,10.0,0.6213333333333336,10.0,0.012666666666666665,13.333333333333334,0.0,13.333333333333334,0.6996666666666668,13.333333333333334,1.0843333333333336,13.333333333333334,0.0,13.333333333333334,60.45133333333334,13.333333333333334,32.606666666666364,13.333333333333334,4895.0,183.33333333333334,3735.0,183.33333333333334,5683.0,183.33333333333334,17.8,183.33333333333334,10.1,183.33333333333334,24.8,183.33333333333334,3.3,183.33333333333334,3.1,183.33333333333334,3.9,183.33333333333334
130355A,Dee River at Kenbula,2006-08-01,2006-06-01 to 2006-08-01,58.0,10.0,0.482,10.0,0.425,10.0,0.6473333333333336,10.0,0.012999999999999998,13.333333333333334,0.0,13.333333333333334,0.7033333333333335,13.333333333333334,1.1073333333333335,13.333333333333334,0.0,13.333333333333334,60.768,13.333333333333334,33.32333333333303,13.333333333333334,5834.0,166.66666666666666,4339.5,166.66666666666666,6781.5,166.66666666666666,18.5,166.66666666666666,10.400000000000002,166.66666666666666,26.64999999999999,166.66666666666666,3.3999999999999995,166.66666666666666,3.0500000000000007,166.66666666666666,4.449999999999999,166.66666666666666
130355A,Dee River at Kenbula,2006-09-01,2006-07-01 to 2006-09-01,20.0,10.0,0.48333333333333334,10.0,0.45799999999999996,10.0,0.5236666666666668,10.0,0.0019999999999999953,10.0,0.0,10.0,0.013666666666666815,10.0,0.15433333333333363,10.0,0.0,10.0,1.1806666666666665,10.0,4.73333333333303,10.0,6692.333333333333,150.0,5226.333333333333,150.0,7660.666666666667,150.0,19.833333333333332,150.0,11.766666666666667,150.0,28.63333333333333,150.0,3.433333333333333,150.0,3.0333333333333337,150.0,4.6,150.0
130355A,Dee River at Kenbula,2006-10-01,2006-08-01 to 2006-10-01,12.666666666666666,10.0,0.4253333333333333,11.666666666666666,0.39366666666666666,11.666666666666666,0.4893333333333336,11.666666666666666,0.0009999999999999955,11.666666666666666,0.0,11.666666666666666,0.01033333333333348,11.666666666666666,0.0760000000000003,11.666666666666666,0.0,11.666666666666666,0.8926666666666666,11.666666666666666,2.30333333333303,11.666666666666666,7591.0,166.66666666666666,5972.0,166.66666666666666,8649.5,166.66666666666666,20.85,166.66666666666666,12.600000000000001,166.66666666666666,30.549999999999997,166.66666666666666,3.5,166.66666666666666,3.0,166.66666666666666,4.949999999999999,166.66666666666666
130355A,Dee River at Kenbula,2006-11-01,2006-09-01 to 2006-11-01,22.0,10.0,0.4043333333333334,13.333333333333334,0.3313333333333333,13.333333333333334,0.5050000000000002,13.333333333333334,0.0013333333333333287,13.333333333333334,0.0,13.333333333333334,0.02366666666666682,13.333333333333334,0.11533333333333362,13.333333333333334,0.0,13.333333333333334,2.0446666666666666,13.333333333333334,3.45333333333303,13.333333333333334,8409.0,183.33333333333334,7000.0,183.33333333333334,9419.0,183.33333333333334,22.5,183.33333333333334,14.5,183.33333333333334,32.6,183.33333333333334,3.5,183.33333333333334,3.0,183.33333333333334,4.9,183.33333333333334
130355A,Dee River at Kenbula,2006-12-01,2006-10-01 to 2006-12-01,34.333333333333336,10.0,0.34500000000000003,15.0,0.289,15.0,0.43200000000000016,15.0,0.0006666666666666621,15.0,0.0,15.0,0.017000000000000147,15.0,0.06233333333333363,15.0,0.0,15.0,1.4686666666666666,15.0,1.8666666666663634,15.0,,200.0,,200.0,,200.0,,200.0,,200.0,,200.0,,200.0,,200.0,,200.0
130355A,Dee River at Kenbula,2007-01-01,2006-11-01 to 2007-01-01,37.666666666666664,10.0,0.33466666666666667,15.0,0.289,15.0,0.3906666666666669,15.0,0.0006666666666666621,15.0,0.0,15.0,0.017000000000000147,15.0,0.06233333333333363,15.0,0.0,15.0,1.4686666666666666,15.0,1.8666666666663634,15.0,,200.0,,200.0,,200.0,,200.0,,200.0,,200.0,,200.0,,200.0,,200.0
130355A,Dee River at Kenbula,2007-02-01,2006-12-01 to 2007-02-01,43.333333333333336,10.0,0.318,15.0,0.2613333333333333,15.0,0.43366666666666687,15.0,0.0026666666666666622,15.0,0.0,15.0,0.13366666666666682,15.0,0.24333333333333362,15.0,0.0,15.0,11.548666666666668,15.0,6.816666666666364,15.0,,200.0,,200.0,,200.0,,200.0,,200.0,,200.0,,200.0,,200.0,,200.0
130355A,Dee River at Kenbula,2007-03-01,2007-01-01 to 2007-03-01,33.0,10.0,0.36533333333333334,13.333333333333334,0.283,13.333333333333334,0.4950000000000001,13.333333333333334,0.0026666666666666622,13.333333333333334,0.0,13.333333333333334,0.13500000000000015,13.333333333333334,0.25133333333333363,13.333333333333334,0.0,13.333333333333334,11.649333333333333,13.333333333333334,7.06333333333303,13.333333333333334,,186.66666666666666,,186.66666666666666,,186.66666666666666,,200.0,,200.0,,200.0,,200.0,,200.0,,200.0
130355A,Dee River at Kenbula,2007-04-01,2007-02-01 to 2007-04-01,29.666666666666668,10.0,0.3506666666666667,13.333333333333334,0.2563333333333333,13.333333333333334,0.5156666666666668,13.333333333333334,0.0026666666666666622,13.333333333333334,0.0,13.333333333333334,0.13500000000000015,13.333333333333334,0.25133333333333363,13.333333333333334,0.0,13.333333333333334,11.649333333333333,13.333333333333334,7.06333333333303,13.333333333333334,,186.66666666666666,,186.66666666666666,,186.66666666666666,,200.0,,200.0,,200.0,,200.0,,200.0,,200.0
130355A,Dee River at Kenbula,2007-05-01,2007-03-01 to 2007-05-01,17.333333333333332,10.0,0.2966666666666667,13.333333333333334,0.25733333333333336,13.333333333333334,0.35400000000000015,13.333333333333334,0.0,13.333333333333334,0.0,13.333333333333334,0.0013333333333334814,13.333333333333334,0.008000000000000297,13.333333333333334,0.0,13.333333333333334,0.10066666666666667,13.333333333333334,0.2466666666663635,13.333333333333334,,186.66666666666666,,186.66666666666666,,186.66666666666666,,200.0,,200.0,,200.0,,200.0,,200.0,,200.0
130355A,Dee River at Kenbula,2007-06-01,2007-04-01 to 2007-06-01,58.0,10.0,0.30433333333333334,15.0,0.21,15.0,0.38333333333333347,15.0,0.004333333333333329,15.0,0.0,15.0,0.02800000000000015,15.0,0.366666666666667,15.0,0.0,15.0,2.4193333333333333,15.0,11.00333333333303,15.0,,200.0,,200.0,,200.0,,200.0,,200.0,,200.0,,200.0,,200.0,,200.0
130355A,Dee River at Kenbula,2007-07-01,2007-05-01 to 2007-07-01,56.333333333333336,10.0,0.38633333333333336,20.0,0.3016666666666667,20.0,0.4356666666666668,20.0,0.004999999999999995,20.0,0.0,20.0,0.030333333333333486,20.0,0.4240000000000003,20.0,0.0,20.0,2.606666666666667,20.0,12.779999999999696,20.0,8098.0,136.66666666666666,6362.0,136.66666666666666,9313.0,136.66666666666666,14.4,136.66666666666666,6.9,136.66666666666666,23.7,136.66666666666666,3.1,136.66666666666666,2.6,136.66666666666666,3.8,136.66666666666666
130355A,Dee River at Kenbula,2007-08-01,2007-06-01 to 2007-08-01,56.0,10.0,0.4796666666666667,35.0,0.39200000000000007,35.0,0.5410000000000003,35.0,0.005666666666666663,35.0,0.0,35.0,0.03533333333333349,35.0,0.48033333333333367,35.0,0.0,35.0,3.0243333333333333,35.0,14.52333333333303,35.0,9026.0,73.33333333333333,7747.0,73.33333333333333,9883.5,73.33333333333333,16.85,73.33333333333333,8.950000000000003,73.33333333333333,25.449999999999992,73.33333333333333,3.05,120.0,2.5000000000000004,120.0,3.5999999999999988,120.0
130355A,Dee River at Kenbula,2007-09-01,2007-07-01 to 2007-09-01,14.333333333333334,10.0,0.48633333333333334,33.333333333333336,0.4666666666666666,33.333333333333336,0.5173333333333335,33.333333333333336,0.001666666666666662,33.333333333333336,0.0,33.333333333333336,0.010666666666666815,33.333333333333336,0.15333333333333363,33.333333333333336,0.0,33.333333333333336,0.8929999999999999,33.333333333333336,4.706666666666364,33.333333333333336,9573.666666666666,10.0,8415.666666666666,10.0,10546.333333333334,10.0,19.0,10.0,11.300000000000002,10.0,28.03333333333333,10.0,3.05,106.66666666666667,2.5000000000000004,106.66666666666667,3.5999999999999988,106.66666666666667
130355A,Dee River at Kenbula,2007-10-01,2007-08-01 to 2007-10-01,25.666666666666668,10.0,0.4666666666666666,26.666666666666668,0.421,26.666666666666668,0.5300000000000002,26.666666666666668,0.0013333333333333287,26.666666666666668,0.0,26.666666666666668,0.018666666666666814,26.666666666666668,0.1270000000000003,26.666666666666668,0.0,26.666666666666668,1.5839999999999999,26.666666666666668,3.89333333333303,26.666666666666668,10311.5,73.33333333333333,9442.5,73.33333333333333,11163.0,73.33333333333333,21.3,73.33333333333333,13.500000000000004,73.33333333333333,30.199999999999996,73.33333333333333,3.0,156.66666666666666,2.4,156.66666666666666,3.4,156.66666666666666
130355A,Dee River at Kenbula,2007-11-01,2007-09-01 to 2007-11-01,36.0,10.0,0.45199999999999996,10.0,0.37266666666666665,10.0,0.5500000000000002,10.0,0.001666666666666662,10.0,0.0,10.0,0.040666666666666816,10.0,0.15466666666666695,10.0,0.0,10.0,3.484666666666667,10.0,4.666666666666363,10.0,10669.0,136.66666666666666,9753.0,136.66666666666666,11872.0,136.66666666666666,23.3,136.66666666666666,16.0,136.66666666666666,33.2,136.66666666666666,,160.0,,160.0,,160.0
130355A,Dee River at Kenbula,2007-12-01,2007-10-01 to 2007-12-01,45.333333333333336,10.0,0.4053333333333333,10.0,0.30233333333333334,10.0,0.5546666666666669,10.0,0.001666666666666662,10.0,0.0,10.0,0.04333333333333348,10.0,0.1370000000000003,10.0,0.0,10.0,3.7006666666666663,10.0,4.159999999999697,10.0,,200.0,,200.0,,200.0,,200.0,,200.0,,200.0,,173.33333333333334,,173.33333333333334,,173.33333333333334
130355A,Dee River at Kenbula,2008-01-01,2007-11-01 to 2008-01-01,80.66666666666667,10.0,0.44366666666666665,10.0,0.34933333333333333,10.0,0.6223333333333335,10.0,0.022999999999999996,10.0,0.0006666666666666666,10.0,0.2670000000000001,10.0,1.973,10.0,0.043333333333333314,10.0,23.040000000000003,10.0,61.0699999999997,10.0,5668.0,183.33333333333334,1569.0,183.33333333333334,14183.0,183.33333333333334,28.2,136.66666666666666,23.7,136.66666666666666,36.9,136.66666666666666,3.4,170.0,2.5,170.0,4.6,170.0
130355A,Dee River at Kenbula,2008-02-01,2007-12-01 to 2008-02-01,132.0,10.0,0.5303333333333333,10.0,0.408,10.0,1.2250000000000003,10.0,1.0396666666666665,16.666666666666668,0.0033333333333333335,16.666666666666668,61.231,16.666666666666668,89.82266666666665,16.666666666666668,0.25933333333333336,16.666666666666668,5290.344,16.666666666666668,2608.6333333333328,16.666666666666668,4029.5,166.66666666666666,870.5,166.66666666666666,10354.0,166.66666666666666,27.849999999999998,73.33333333333333,22.900000000000006,73.33333333333333,35.849999999999994,73.33333333333333,3.4,170.0,2.5,170.0,4.6,170.0
130355A,Dee River at Kenbula,2008-03-01,2008-01-01 to 2008-03-01,130.0,10.0,0.5946666666666667,10.0,0.5023333333333333,10.0,1.2550000000000001,10.0,1.046,16.666666666666668,0.005333333333333333,16.666666666666668,61.275666666666666,16.666666666666668,90.38433333333332,16.666666666666668,0.41766666666666663,16.666666666666668,5294.203333333334,16.666666666666668,2626.0499999999997,16.666666666666668,4387.333333333333,103.33333333333333,1467.6666666666667,103.33333333333333,9247.0,103.33333333333333,27.23333333333333,10.0,22.066666666666666,10.0,34.699999999999996,10.0,3.4999999999999996,153.33333333333334,2.8500000000000005,153.33333333333334,4.449999999999999,153.33333333333334
130355A,Dee River at Kenbula,2008-04-01,2008-02-01 to 2008-04-01,83.33333333333333,10.0,0.5806666666666667,10.0,0.5026666666666667,10.0,1.1850000000000003,10.0,1.0266666666666666,16.666666666666668,0.005333333333333333,16.666666666666668,61.04966666666667,16.666666666666668,88.70766666666667,16.666666666666668,0.4176666666666666,16.666666666666668,5274.677000000001,16.666666666666668,2573.89,16.666666666666668,4946.0,56.666666666666664,3223.6666666666665,56.666666666666664,7226.0,56.666666666666664,25.599999999999998,10.0,19.0,10.0,32.53333333333333,10.0,3.4999999999999996,153.33333333333334,3.2,153.33333333333334,4.099999999999999,153.33333333333334
130355A,Dee River at Kenbula,2008-05-01,2008-03-01 to 2008-05-01,25.333333333333332,10.0,0.512,10.0,0.49433333333333335,10.0,0.5846666666666668,10.0,0.011000000000000001,10.0,0.0030000000000000005,10.0,0.08966666666666667,10.0,0.9353333333333333,10.0,0.23033333333333328,10.0,7.733,10.0,28.806666666666363,10.0,7053.333333333333,10.0,5685.0,10.0,8129.333333333333,10.0,22.833333333333332,10.0,15.533333333333337,10.0,29.36666666666666,10.0,3.4666666666666663,150.0,3.2,150.0,4.033333333333332,150.0
130355A,Dee River at Kenbula,2008-06-01,2008-04-01 to 2008-06-01,17.333333333333332,10.0,0.503,10.0,0.48966666666666664,10.0,0.5630000000000002,10.0,0.006333333333333333,10.0,0.0016666666666666668,10.0,0.052333333333333336,10.0,0.5223333333333333,10.0,0.12966666666666662,10.0,4.5216666666666665,10.0,15.826666666666364,10.0,8000.0,10.0,7194.333333333333,10.0,8617.0,10.0,20.333333333333332,10.0,12.366666666666669,10.0,27.199999999999992,10.0,3.4666666666666663,150.0,3.2,150.0,3.9,150.0
130355A,Dee River at Kenbula,2008-07-01,2008-05-01 to 2008-07-01,51.0,10.0,0.508,10.0,0.49066666666666664,10.0,0.6146666666666668,10.0,0.011666666666666667,10.0,0.0016666666666666668,10.0,0.17800000000000002,10.0,1.0073333333333332,10.0,0.14399999999999993,10.0,15.379,10.0,31.0499999999997,10.0,7932.333333333333,10.0,6218.333333333333,10.0,8798.666666666666,10.0,18.066666666666666,10.0,10.766666666666667,10.0,24.899999999999995,10.0,3.533333333333333,150.0,3.2,150.0,4.099999999999999,150.0
130355A,Dee River at Kenbula,2008-08-01,2008-06-01 to 2008-08-01,41.0,10.0,0.509,10.0,0.49333333333333335,10.0,0.5896666666666669,10.0,0.011333333333333332,10.0,0.0023333333333333335,10.0,0.1506666666666667,10.0,0.98,10.0,0.18733333333333327,10.0,13.003,10.0,30.203333333333035,10.0,7045.0,10.0,5210.666666666667,10.0,8079.666666666667,10.0,17.233333333333334,10.0,10.266666666666667,10.0,25.466666666666665,10.0,3.6,150.0,3.2,150.0,4.166666666666666,150.0
130355A,Dee River at Kenbula,2008-09-01,2008-07-01 to 2008-09-01,43.333333333333336,10.0,0.511,10.0,0.49133333333333334,10.0,0.5893333333333335,10.0,0.011666666666666667,10.0,0.002,10.0,0.15033333333333335,10.0,1.0236666666666665,10.0,0.1583333333333333,10.0,12.974333333333334,10.0,31.516666666666364,10.0,6839.666666666667,10.0,5108.0,10.0,7867.666666666667,10.0,18.8,10.0,12.266666666666667,10.0,27.566666666666663,10.0,3.5,150.0,3.1666666666666674,150.0,4.099999999999999,150.0
130355A,Dee River at Kenbula,2008-10-01,2008-08-01 to 2008-10-01,19.0,10.0,0.5013333333333333,26.666666666666668,0.47866666666666663,26.666666666666668,0.5270000000000001,26.666666666666668,0.005,26.666666666666668,0.0013333333333333333,26.666666666666668,0.018666666666666668,26.666666666666668,0.426,26.666666666666668,0.10066666666666664,26.666666666666668,1.5983333333333334,26.666666666666668,12.986666666666364,26.666666666666668,7282.666666666667,10.0,6425.0,10.0,8121.333333333333,10.0,21.833333333333332,10.0,14.466666666666669,10.0,30.999999999999996,10.0,3.2999999999999994,103.33333333333333,3.066666666666667,103.33333333333333,3.633333333333333,103.33333333333333
130355A,Dee River at Kenbula,2008-11-01,2008-09-01 to 2008-11-01,46.333333333333336,10.0,0.501,43.333333333333336,0.4676666666666667,43.333333333333336,0.6866666666666669,43.333333333333336,0.014666666666666666,43.333333333333336,0.0003333333333333333,43.333333333333336,1.2636666666666667,43.333333333333336,1.2726666666666666,43.333333333333336,0.02866666666666663,43.333333333333336,109.16633333333333,43.333333333333336,38.2599999999997,43.333333333333336,8519.666666666666,10.0,5689.333333333333,10.0,9329.666666666666,10.0,25.5,10.0,17.900000000000002,10.0,33.9,10.0,3.149999999999999,106.66666666666667,3.0000000000000004,106.66666666666667,3.3999999999999995,106.66666666666667
130355A,Dee River at Kenbula,2008-12-01,2008-10-01 to 2008-12-01,65.0,10.0,0.509,43.333333333333336,0.45933333333333337,43.333333333333336,0.7670000000000002,43.333333333333336,0.025666666666666667,43.333333333333336,0.0,43.333333333333336,1.583,43.333333333333336,2.212666666666667,43.333333333333336,0.0,43.333333333333336,136.75666666666666,43.333333333333336,67.61333333333303,43.333333333333336,7862.666666666667,10.0,4338.0,10.0,9345.0,10.0,27.599999999999998,10.0,20.233333333333334,10.0,35.56666666666666,10.0,3.0999999999999996,60.0,3.0000000000000004,60.0,3.349999999999999,60.0
130355A,Dee River at Kenbula,2009-01-01,2008-11-01 to 2009-01-01,92.33333333333333,10.0,0.5186666666666667,26.666666666666668,0.4566666666666667,26.666666666666668,0.8203333333333335,26.666666666666668,0.03133333333333333,26.666666666666668,0.0,26.666666666666668,1.6786666666666665,26.666666666666668,2.7153333333333336,26.666666666666668,0.0,26.666666666666668,145.008,26.666666666666668,83.19999999999969,26.666666666666668,7652.666666666667,10.0,3739.3333333333335,10.0,9303.333333333334,10.0,28.7,10.0,22.8,10.0,36.73333333333333,10.0,3.2,60.0,3.1,60.0,3.499999999999999,60.0
130355A,Dee River at Kenbula,2009-02-01,2008-12-01 to 2009-02-01,114.66666666666667,10.0,0.541,10.0,0.4666666666666666,10.0,0.7850000000000001,10.0,0.05399999999999999,13.333333333333334,0.0006666666666666666,13.333333333333334,1.063,13.333333333333334,4.668666666666667,13.333333333333334,0.05766666666666662,13.333333333333334,91.82900000000001,13.333333333333334,135.9299999999997,13.333333333333334,6317.0,10.0,4104.0,10.0,8690.333333333334,10.0,29.0,10.0,24.133333333333336,10.0,37.666666666666664,10.0,3.2,10.0,2.9666666666666672,10.0,3.4666666666666663,10.0
130355A,Dee River at Kenbula,2009-03-01,2009-01-01 to 2009-03-01,94.66666666666667,10.0,0.5423333333333332,10.0,0.48233333333333334,10.0,0.7073333333333335,10.0,0.04833333333333333,13.333333333333334,0.0026666666666666666,13.333333333333334,0.7466666666666667,13.333333333333334,4.165333333333333,13.333333333333334,0.23033333333333328,13.333333333333334,64.48333333333333,13.333333333333334,120.32999999999969,13.333333333333334,7335.666666666667,10.0,4867.0,10.0,9522.666666666666,10.0,28.2,10.0,23.5,10.0,36.73333333333333,10.0,3.1666666666666665,10.0,2.833333333333334,10.0,3.366666666666666,10.0
130355A,Dee River at Kenbula,2009-04-01,2009-02-01 to 2009-04-01,67.66666666666667,10.0,0.539,10.0,0.4943333333333333,10.0,0.6726666666666667,10.0,0.04499999999999999,13.333333333333334,0.0026666666666666666,13.333333333333334,0.6653333333333333,13.333333333333334,3.872,13.333333333333334,0.23033333333333328,13.333333333333334,57.470666666666666,13.333333333333334,110.94333333333303,13.333333333333334,7921.333333333333,10.0,5635.333333333333,10.0,9793.333333333334,10.0,26.8,10.0,21.400000000000002,10.0,34.9,10.0,3.1999999999999997,10.0,2.866666666666667,10.0,3.3333333333333326,10.0
130355A,Dee River at Kenbula,2009-05-01,2009-03-01 to 2009-05-01,18.333333333333332,10.0,0.5263333333333334,10.0,0.498,10.0,0.5563333333333335,10.0,0.016999999999999998,10.0,0.0036666666666666666,10.0,0.041,10.0,1.4556666666666667,10.0,0.3023333333333333,10.0,3.513666666666667,10.0,44.83333333333303,10.0,9527.666666666666,10.0,7767.333333333333,10.0,10752.333333333334,10.0,23.866666666666664,10.0,17.933333333333334,10.0,30.499999999999996,10.0,3.233333333333333,10.0,3.0000000000000004,10.0,3.333333333333332,10.0
130355A,Dee River at Kenbula,2009-06-01,2009-04-01 to 2009-06-01,15.666666666666666,10.0,0.5223333333333334,10.0,0.49133333333333334,10.0,0.5496666666666669,10.0,0.014666666666666666,10.0,0.0023333333333333335,10.0,0.034,10.0,1.264,10.0,0.17299999999999993,10.0,2.9090000000000003,10.0,38.426666666666364,10.0,10097.0,10.0,9348.0,10.0,10745.0,10.0,20.73333333333333,10.0,14.066666666666668,10.0,26.899999999999995,10.0,3.3333333333333335,10.0,3.233333333333334,10.0,3.366666666666666,10.0
130355A,Dee River at Kenbula,2009-07-01,2009-05-01 to 2009-07-01,6.0,7.0,0.5103333333333334,10.0,0.48633333333333334,10.0,0.5276666666666668,10.0,0.011333333333333332,10.0,0.0023333333333333335,10.0,0.018666666666666668,10.0,0.9809999999999999,10.0,0.17299999999999993,10.0,1.5839999999999999,10.0,29.943333333333033,10.0,10524.0,10.0,9917.0,10.0,11227.333333333334,10.0,18.033333333333335,10.0,11.366666666666669,10.0,23.833333333333332,10.0,3.3333333333333326,10.0,3.266666666666667,10.0,3.4,10.0
130355A,Dee River at Kenbula,2009-08-01,2009-06-01 to 2009-08-01,4.0,7.0,0.5076666666666666,10.0,0.47700000000000004,10.0,0.5283333333333334,10.0,0.010333333333333333,10.0,0.0006666666666666666,10.0,0.01933333333333333,10.0,0.8953333333333333,10.0,0.04333333333333326,10.0,1.6416666666666666,10.0,27.289999999999697,10.0,10625.333333333334,10.0,10135.333333333334,10.0,11194.333333333334,10.0,18.366666666666664,10.0,10.366666666666669,10.0,24.799999999999997,10.0,3.2999999999999994,10.0,3.266666666666667,10.0,3.366666666666666,10.0
130355A,Dee River at Kenbula,2009-09-01,2009-07-01 to 2009-09-01,0.3333333333333333,7.0,0.5063333333333334,10.0,0.4666666666666666,10.0,0.5270000000000001,10.0,0.01,10.0,0.0,10.0,0.018333333333333333,10.0,0.8586666666666667,10.0,0.0,10.0,1.5549999999999997,10.0,26.189999999999696,10.0,10860.666666666666,10.0,10316.333333333334,10.0,11566.666666666666,10.0,20.099999999999998,10.0,12.433333333333337,10.0,27.566666666666663,10.0,3.233333333333333,10.0,3.1666666666666665,10.0,3.2999999999999994,10.0
130355A,Dee River at Kenbula,2009-10-01,2009-08-01 to 2009-10-01,5.333333333333333,10.0,0.5179999999999999,10.0,0.459,10.0,0.5430000000000001,10.0,0.013666666666666666,10.0,0.0,10.0,0.027,10.0,1.1583333333333334,10.0,0.0,10.0,2.304,10.0,35.4799999999997,10.0,11202.666666666666,10.0,10763.0,10.0,11799.333333333334,10.0,22.8,10.0,14.600000000000003,10.0,31.099999999999994,10.0,3.1666666666666665,10.0,3.066666666666667,10.0,3.233333333333333,10.0
130355A,Dee River at Kenbula,2009-11-01,2009-09-01 to 2009-11-01,7.666666666666667,10.0,0.516,10.0,0.46199999999999997,10.0,0.5413333333333336,10.0,0.012666666666666666,10.0,0.0,10.0,0.025333333333333333,10.0,1.058,10.0,0.0,10.0,2.1743333333333332,10.0,32.0399999999997,10.0,11595.0,10.0,11076.0,10.0,12284.333333333334,10.0,25.13333333333333,10.0,16.000000000000004,10.0,33.93333333333333,10.0,3.1666666666666665,10.0,3.066666666666667,10.0,3.233333333333333,10.0
130355A,Dee River at Kenbula,2009-12-01,2009-10-01 to 2009-12-01,87.33333333333333,10.0,0.5220000000000001,10.0,0.441,10.0,0.6883333333333335,10.0,0.06233333333333333,13.333333333333334,0.0,13.333333333333334,1.1353333333333333,13.333333333333334,5.351,13.333333333333334,0.0,13.333333333333334,98.07833333333333,13.333333333333334,165.5499999999997,13.333333333333334,10424.333333333334,10.0,7904.0,10.0,12722.333333333334,10.0,27.13333333333333,10.0,16.86666666666667,10.0,36.1,10.0,3.266666666666666,10.0,3.066666666666667,10.0,3.6999999999999993,10.0
130355A,Dee River at Kenbula,2010-01-01,2009-11-01 to 2010-01-01,110.0,10.0,0.5493333333333333,10.0,0.47,10.0,0.7813333333333334,10.0,0.10933333333333332,13.333333333333334,0.005999999999999999,13.333333333333334,1.5313333333333334,13.333333333333334,9.416333333333334,13.333333333333334,0.5183333333333332,13.333333333333334,132.27833333333334,13.333333333333334,291.57333333333304,13.333333333333334,7702.333333333333,16.666666666666668,4370.0,16.666666666666668,11161.333333333334,16.666666666666668,28.5,10.0,19.46666666666667,10.0,36.8,10.0,3.6999999999999997,10.0,3.1666666666666665,10.0,4.666666666666665,10.0
130355A,Dee River at Kenbula,2010-02-01,2009-12-01 to 2010-02-01,174.0,10.0,0.668,10.0,0.5166666666666666,10.0,1.471,10.0,1.8676666666666666,20.0,0.058666666666666666,20.0,79.90733333333334,20.0,161.34400000000002,20.0,5.054333333333333,20.0,6903.965,20.0,4544.883333333333,20.0,4084.3333333333335,23.333333333333332,614.6666666666666,23.333333333333332,9254.0,23.333333333333332,28.23333333333333,10.0,21.933333333333337,10.0,35.93333333333333,10.0,4.1,10.0,3.266666666666667,10.0,5.966666666666666,10.0
130355A,Dee River at Kenbula,2010-03-01,2010-01-01 to 2010-03-01,150.66666666666666,10.0,0.7319999999999999,10.0,0.5736666666666667,10.0,1.8530000000000004,10.0,2.4730000000000003,23.333333333333332,0.07533333333333332,23.333333333333332,121.54066666666665,23.333333333333332,213.66033333333334,23.333333333333332,6.4943333333333335,23.333333333333332,10501.099666666667,23.333333333333332,6166.686666666667,23.333333333333332,2220.3333333333335,30.0,413.6666666666667,30.0,6341.666666666667,30.0,27.5,10.0,23.100000000000005,10.0,33.86666666666667,10.0,4.4,10.0,3.366666666666667,10.0,6.633333333333333,10.0
130355A,Dee River at Kenbula,2010-04-01,2010-02-01 to 2010-04-01,125.0,10.0,0.7296666666666667,10.0,0.5743333333333333,10.0,1.8003333333333336,10.0,2.4513333333333334,23.333333333333332,0.076,23.333333333333332,121.23133333333334,23.333333333333332,211.804,23.333333333333332,6.5376666666666665,23.333333333333332,10474.387666666667,23.333333333333332,6106.633333333332,23.333333333333332,2319.6666666666665,23.333333333333332,609.6666666666666,23.333333333333332,5716.0,23.333333333333332,26.366666666666664,10.0,22.566666666666666,10.0,32.26666666666667,10.0,4.199999999999999,10.0,3.5,10.0,5.999999999999999,10.0
130355A,Dee River at Kenbula,2010-05-01,2010-03-01 to 2010-05-01,67.0,10.0,0.619,10.0,0.5383333333333332,10.0,1.1430000000000002,10.0,0.6983333333333334,16.666666666666668,0.02666666666666667,16.666666666666668,42.911333333333324,16.666666666666668,60.36033333333334,16.666666666666668,2.2753333333333337,16.666666666666668,3707.525,16.666666666666668,1868.663333333333,16.666666666666668,3990.3333333333335,16.666666666666668,2272.6666666666665,16.666666666666668,5662.0,16.666666666666668,24.03333333333333,10.0,19.7,10.0,29.7,10.0,3.9666666666666663,10.0,3.5,10.0,4.833333333333333,10.0
130355A,Dee River at Kenbula,2010-06-01,2010-04-01 to 2010-06-01,15.666666666666666,10.0,0.5583333333333332,10.0,0.5226666666666667,10.0,0.6230000000000003,10.0,0.04933333333333333,10.0,0.013666666666666667,10.0,0.17700000000000002,10.0,4.284666666666667,10.0,1.1376666666666668,10.0,15.278333333333334,10.0,129.35999999999942,10.0,5124.5,60.0,3267.5,60.0,6455.5,60.0,20.7,10.0,16.166666666666668,10.0,26.399999999999995,10.0,3.733333333333333,56.666666666666664,3.5333333333333337,56.666666666666664,3.9,56.666666666666664
130355A,Dee River at Kenbula,2010-07-01,2010-05-01 to 2010-07-01,17.666666666666668,10.0,0.5446666666666666,10.0,0.5176666666666667,10.0,0.586666666666667,10.0,0.03,10.0,0.010666666666666666,10.0,0.09466666666666668,10.0,2.6023333333333336,10.0,0.8926666666666666,10.0,8.164666666666667,10.0,79.71333333333273,10.0,6213.0,110.0,5133.0,110.0,7213.0,110.0,18.03333333333333,10.0,12.800000000000002,10.0,24.466666666666665,10.0,3.633333333333333,103.33333333333333,3.4000000000000004,103.33333333333333,3.6999999999999993,103.33333333333333
130355A,Dee River at Kenbula,2010-08-01,2010-06-01 to 2010-08-01,29.333333333333332,10.0,0.547,10.0,0.5146666666666667,10.0,0.603666666666667,10.0,0.03333333333333333,10.0,0.009333333333333332,10.0,0.15333333333333335,10.0,2.8786666666666663,10.0,0.7773333333333333,10.0,13.233666666666666,10.0,88.27666666666606,10.0,,160.0,,160.0,,160.0,17.466666666666665,10.0,11.966666666666669,10.0,23.933333333333334,10.0,3.5999999999999996,150.0,3.4333333333333336,150.0,3.6999999999999993,150.0
130355A,Dee River at Kenbula,2010-09-01,2010-07-01 to 2010-09-01,76.0,10.0,0.561,10.0,0.513,10.0,0.695666666666667,10.0,0.082,10.0,0.008333333333333333,10.0,0.5930000000000001,10.0,7.083666666666667,10.0,0.7053333333333333,10.0,51.221000000000004,10.0,214.4333333333327,10.0,,160.0,,160.0,,160.0,19.399999999999995,10.0,14.066666666666668,10.0,26.833333333333332,10.0,3.666666666666666,150.0,3.3666666666666667,150.0,4.599999999999999,150.0
130355A,Dee River at Kenbula,2010-10-01,2010-08-01 to 2010-10-01,96.66666666666667,10.0,0.5806666666666667,10.0,0.5253333333333333,10.0,0.7686666666666669,10.0,0.11866666666666666,10.0,0.018,10.0,0.8696666666666667,10.0,10.250666666666667,10.0,1.5406666666666666,10.0,75.125,10.0,312.6133333333327,10.0,,160.0,,160.0,,160.0,21.833333333333332,10.0,15.966666666666669,10.0,28.966666666666665,10.0,4.066666666666666,150.0,3.5000000000000004,150.0,5.599999999999999,150.0
130355A,Dee River at Kenbula,2010-11-01,2010-09-01 to 2010-11-01,123.33333333333333,10.0,0.6026666666666667,10.0,0.5346666666666667,10.0,0.8936666666666669,10.0,0.207,13.333333333333334,0.02266666666666667,13.333333333333334,2.602,13.333333333333334,17.894333333333336,13.333333333333334,1.9583333333333333,13.333333333333334,224.79833333333332,13.333333333333334,540.826666666666,13.333333333333334,,160.0,,160.0,,160.0,24.23333333333333,10.0,19.3,10.0,32.46666666666666,10.0,4.433333333333333,150.0,3.6,150.0,6.8,150.0
130355A,Dee River at Kenbula,2010-12-01,2010-10-01 to 2010-12-01,233.33333333333334,10.0,0.719,10.0,0.5726666666666667,10.0,1.7183333333333337,10.0,3.4426666666666663,20.0,0.07533333333333334,20.0,157.56033333333332,20.0,297.43766666666664,20.0,6.508666666666667,20.0,13613.198333333334,20.0,9211.826666666666,20.0,,160.0,,160.0,,160.0,25.63333333333333,10.0,20.433333333333337,10.0,33.63333333333333,10.0,4.7,153.33333333333334,3.75,153.33333333333334,6.949999999999999,153.33333333333334
130355A,Dee River at Kenbula,2011-01-01,2010-11-01 to 2011-01-01,250.66666666666666,10.0,0.8083333333333332,10.0,0.6056666666666667,10.0,2.077666666666667,10.0,4.415666666666667,23.333333333333332,0.145,23.333333333333332,184.69133333333332,23.333333333333332,381.5246666666667,23.333333333333332,12.513333333333334,23.333333333333332,15957.302333333333,23.333333333333332,11818.526666666665,23.333333333333332,,160.0,,160.0,,160.0,26.7,10.0,22.100000000000005,10.0,35.033333333333324,10.0,4.7,156.66666666666666,3.8,156.66666666666666,7.3,156.66666666666666
130355A,Dee River at Kenbula,2011-02-01,2010-12-01 to 2011-02-01,246.0,34.333333333333336,0.8426666666666667,10.0,0.6423333333333333,10.0,2.0863333333333336,10.0,4.514333333333333,23.333333333333332,0.211,23.333333333333332,184.986,23.333333333333332,390.0463333333333,23.333333333333332,18.201333333333334,23.333333333333332,15982.776,23.333333333333332,12039.67,23.333333333333332,2237.0,113.33333333333333,932.0,113.33333333333333,6028.0,113.33333333333333,27.766666666666662,10.0,22.86666666666667,10.0,35.099999999999994,10.0,3.6,110.0,3.1,110.0,4.4,110.0
130355A,Dee River at Kenbula,2011-03-01,2011-01-01 to 2011-03-01,178.33333333333334,58.666666666666664,0.823,10.0,0.6463333333333333,10.0,1.4740000000000002,10.0,2.114333333333333,20.0,0.222,20.0,40.91433333333333,20.0,182.70666666666668,20.0,19.152,20.0,3534.9840000000004,20.0,5612.1433333333325,20.0,1841.5,110.0,645.0,110.0,4865.0,110.0,27.566666666666663,10.0,23.033333333333335,10.0,34.4,10.0,3.9499999999999993,60.0,3.2,60.0,5.749999999999998,60.0
130355A,Dee River at Kenbula,2011-04-01,2011-02-01 to 2011-04-01,180.33333333333334,83.0,0.793,10.0,0.6543333333333333,10.0,1.3373333333333337,10.0,1.5250000000000001,20.0,0.25033333333333335,20.0,23.783,20.0,131.76966666666667,20.0,21.614666666666665,20.0,2054.8366666666666,20.0,3995.9466666666654,20.0,1885.0,106.66666666666667,629.6666666666666,106.66666666666667,4189.666666666667,106.66666666666667,26.0,10.0,21.5,10.0,32.033333333333324,10.0,3.9333333333333322,10.0,3.3000000000000003,10.0,5.699999999999999,10.0
130355A,Dee River at Kenbula,2011-05-01,2011-03-01 to 2011-05-01,145.0,83.0,0.7743333333333333,10.0,0.6503333333333333,10.0,1.214666666666667,10.0,1.417,16.666666666666668,0.23833333333333337,16.666666666666668,21.808333333333337,16.666666666666668,122.44533333333334,16.666666666666668,20.592333333333332,16.666666666666668,1884.211,16.666666666666668,3758.6566666666654,16.666666666666668,2084.6666666666665,150.0,1180.6666666666667,150.0,3196.3333333333335,150.0,22.566666666666663,10.0,16.86666666666667,10.0,28.73333333333333,10.0,3.9666666666666663,10.0,3.4333333333333336,10.0,5.633333333333333,10.0
130355A,Dee River at Kenbula,2011-06-01,2011-04-01 to 2011-06-01,58.0,83.0,0.6833333333333335,10.0,0.626,10.0,0.9563333333333336,10.0,0.5656666666666667,13.333333333333334,0.18899999999999997,13.333333333333334,10.612666666666666,13.333333333333334,48.88033333333333,13.333333333333334,16.329666666666665,13.333333333333334,916.891,13.333333333333334,1474.3433333333323,13.333333333333334,2404.0,166.66666666666666,1592.0,166.66666666666666,2943.5,166.66666666666666,20.799999999999997,73.33333333333333,14.150000000000002,73.33333333333333,26.899999999999995,73.33333333333333,3.799999999999999,73.33333333333333,3.5,73.33333333333333,4.8999999999999995,73.33333333333333
130355A,Dee River at Kenbula,2011-07-01,2011-05-01 to 2011-07-01,17.0,83.0,0.6096666666666667,10.0,0.578,10.0,0.669666666666667,10.0,0.15066666666666667,10.0,0.08433333333333333,10.0,0.3486666666666667,10.0,13.039333333333333,10.0,7.286333333333332,10.0,30.081333333333333,10.0,400.41999999999877,10.0,2836.0,183.33333333333334,2585.0,183.33333333333334,3048.0,183.33333333333334,18.4,136.66666666666666,10.0,136.66666666666666,25.6,136.66666666666666,3.7,136.66666666666666,3.5,136.66666666666666,4.2,136.66666666666666
130355A,Dee River at Kenbula,2011-08-01,2011-06-01 to 2011-08-01,39.666666666666664,83.0,0.5743333333333334,10.0,0.5403333333333333,10.0,0.721666666666667,10.0,0.08,13.333333333333334,0.027666666666666662,13.333333333333334,0.7479999999999999,13.333333333333334,6.923666666666667,13.333333333333334,2.376,13.333333333333334,64.584,13.333333333333334,210.83999999999878,13.333333333333334,,200.0,,200.0,,200.0,,200.0,,200.0,,200.0,,200.0,,200.0,,200.0
130355A,Dee River at Kenbula,2011-09-01,2011-07-01 to 2011-09-01,32.666666666666664,83.0,0.557,10.0,0.5316666666666667,10.0,0.6926666666666669,10.0,0.049999999999999996,13.333333333333334,0.018666666666666668,13.333333333333334,0.6473333333333333,13.333333333333334,4.32,13.333333333333334,1.5986666666666665,13.333333333333334,55.900666666666666,13.333333333333334,132.7299999999988,13.333333333333334,,200.0,,200.0,,200.0,,200.0,,200.0,,200.0,,200.0,,200.0,,200.0
130355A,Dee River at Kenbula,2011-10-01,2011-08-01 to 2011-10-01,39.666666666666664,83.0,0.5533333333333333,10.0,0.5253333333333333,10.0,0.713666666666667,10.0,0.04766666666666667,13.333333333333334,0.015333333333333336,13.333333333333334,0.6966666666666667,13.333333333333334,4.111666666666667,13.333333333333334,1.2963333333333333,13.333333333333334,60.177666666666674,13.333333333333334,126.26666666666544,13.333333333333334,,200.0,,200.0,,200.0,,200.0,,200.0,,200.0,,200.0,,200.0,,200.0
130355A,Dee River at Kenbula,2011-11-01,2011-09-01 to 2011-11-01,12.0,83.0,0.5463333333333334,10.0,0.5193333333333333,10.0,0.607666666666667,10.0,0.034,10.0,0.013,10.0,0.13666666666666666,10.0,2.9339999999999997,10.0,1.0946666666666667,10.0,11.808,10.0,89.11666666666547,10.0,7575.0,143.33333333333334,6161.0,143.33333333333334,8703.0,143.33333333333334,28.0,136.66666666666666,21.7,136.66666666666666,35.7,136.66666666666666,4.3,140.0,4.1,140.0,4.6,140.0
130355A,Dee River at Kenbula,2011-12-01,2011-10-01 to 2011-12-01,48.0,83.0,0.5476666666666667,10.0,0.5083333333333333,10.0,0.6273333333333336,10.0,0.038,10.0,0.007,10.0,0.19733333333333336,10.0,3.3056666666666668,10.0,0.5616666666666666,10.0,17.035333333333334,10.0,101.83666666666545,10.0,7102.5,86.66666666666667,5474.5,86.66666666666667,8656.0,86.66666666666667,27.849999999999998,73.33333333333333,21.800000000000004,73.33333333333333,35.599999999999994,73.33333333333333,4.149999999999999,80.0,3.8499999999999996,80.0,4.399999999999999,80.0
130355A,Dee River at Kenbula,2012-01-01,2011-11-01 to 2012-01-01,85.66666666666667,83.0,0.562,10.0,0.5059999999999999,10.0,0.807666666666667,10.0,0.166,13.333333333333334,0.006000000000000001,13.333333333333334,3.7533333333333334,13.333333333333334,14.352666666666666,13.333333333333334,0.4753333333333334,13.333333333333334,324.27366666666666,13.333333333333334,444.2966666666655,13.333333333333334,7106.333333333333,30.0,3968.3333333333335,30.0,8690.0,30.0,28.2,10.0,22.36666666666667,10.0,36.13333333333333,10.0,4.133333333333332,20.0,3.766666666666667,20.0,5.5666666666666655,20.0
130355A,Dee River at Kenbula,2012-02-01,2011-12-01 to 2012-02-01,126.33333333333333,83.0,0.6313333333333334,10.0,0.5243333333333334,10.0,1.0420000000000005,10.0,0.49099999999999994,16.666666666666668,0.018000000000000002,16.666666666666668,8.813333333333333,16.666666666666668,42.431333333333335,16.666666666666668,1.5263333333333333,16.666666666666668,761.4576666666667,16.666666666666668,1257.939999999999,16.666666666666668,5231.333333333333,30.0,2191.3333333333335,30.0,7313.666666666667,30.0,28.599999999999998,10.0,23.599999999999998,10.0,36.36666666666667,10.0,4.8999999999999995,20.0,3.8000000000000003,20.0,6.8,20.0
130355A,Dee River at Kenbula,2012-03-01,2012-01-01 to 2012-03-01,140.33333333333334,83.0,0.6886666666666666,10.0,0.5436666666666666,10.0,1.727666666666667,10.0,1.3719999999999999,23.333333333333332,0.03266666666666667,23.333333333333332,98.46333333333335,23.333333333333332,118.53866666666666,23.333333333333332,2.808,23.333333333333332,8507.217666666666,23.333333333333332,3617.266666666665,23.333333333333332,3526.3333333333335,30.0,757.0,30.0,5654.666666666667,30.0,28.33333333333333,10.0,23.933333333333337,10.0,35.699999999999996,10.0,5.533333333333331,20.0,4.0,20.0,8.200000000000001,20.0
130355A,Dee River at Kenbula,2012-04-01,2012-02-01 to 2012-04-01,97.0,83.0,0.6876666666666665,10.0,0.563,10.0,1.5520000000000003,10.0,1.2616666666666667,20.0,0.047999999999999994,20.0,94.92200000000003,20.0,109.02533333333334,20.0,4.132666666666666,20.0,8201.246333333333,20.0,3319.7266666666656,20.0,2503.0,30.0,905.0,30.0,4871.333333333333,30.0,26.933333333333334,10.0,22.433333333333337,10.0,33.36666666666666,10.0,5.933333333333333,20.0,4.433333333333334,20.0,7.633333333333333,20.0
130355A,Dee River at Kenbula,2012-05-01,2012-03-01 to 2012-05-01,66.33333333333333,83.0,0.6286666666666666,10.0,0.5539999999999999,10.0,1.3330000000000002,10.0,0.947,16.666666666666668,0.04,16.666666666666668,89.88600000000001,16.666666666666668,81.82600000000001,16.666666666666668,3.4273333333333333,16.666666666666668,7766.135999999999,16.666666666666668,2533.976666666665,16.666666666666668,4156.666666666667,30.0,2243.6666666666665,30.0,6038.333333333333,30.0,23.933333333333334,10.0,18.1,10.0,30.699999999999992,10.0,5.399999999999999,20.0,4.466666666666667,20.0,6.699999999999999,20.0
130355A,Dee River at Kenbula,2012-06-01,2012-04-01 to 2012-06-01,39.666666666666664,83.0,0.5683333333333334,10.0,0.539,10.0,0.6423333333333336,10.0,0.061999999999999854,10.0,0.027333333333333334,10.0,0.218,10.0,5.354666666666667,10.0,2.3186666666666667,10.0,18.820666666665456,10.0,162.15666666666547,10.0,5149.666666666667,30.0,3354.6666666666665,30.0,6887.333333333333,30.0,20.933333333333334,10.0,14.133333333333335,10.0,27.633333333333326,10.0,5.099999999999999,20.0,4.6,20.0,5.866666666666666,20.0
130355A,Dee River at Kenbula,2012-07-01,2012-05-01 to 2012-07-01,81.33333333333333,83.0,0.5990000000000001,10.0,0.5379999999999999,10.0,0.9023333333333335,10.0,0.40566666666666656,13.333333333333334,0.026000000000000006,13.333333333333334,10.328333333333333,13.333333333333334,35.03733333333333,13.333333333333334,2.218,13.333333333333334,892.3393333333321,13.333333333333334,1084.9466666666656,13.333333333333334,4995.0,30.0,3183.3333333333335,30.0,7029.0,30.0,18.499999999999996,10.0,10.966666666666669,10.0,25.199999999999992,10.0,5.3,20.0,4.733333333333333,20.0,6.0666666666666655,20.0
130355A,Dee River at Kenbula,2012-08-01,2012-06-01 to 2012-08-01,74.66666666666667,83.0,0.6043333333333334,10.0,0.5503333333333332,10.0,0.909666666666667,10.0,0.41266666666666657,13.333333333333334,0.038,13.333333333333334,10.345,13.333333333333334,35.647,13.333333333333334,3.2546666666666666,13.333333333333334,893.7646666666654,13.333333333333334,1103.853333333332,13.333333333333334,4327.666666666667,30.0,2254.6666666666665,30.0,6300.666666666667,30.0,17.599999999999998,10.0,10.400000000000004,10.0,24.099999999999994,10.0,5.433333333333333,20.0,4.833333333333333,20.0,6.366666666666666,20.0
130355A,Dee River at Kenbula,2012-09-01,2012-07-01 to 2012-09-01,53.333333333333336,83.0,0.6026666666666666,10.0,0.5529999999999999,10.0,0.8803333333333336,10.0,0.40899999999999986,13.333333333333334,0.03933333333333334,13.333333333333334,10.275666666666668,13.333333333333334,35.32366666666667,13.333333333333334,3.369666666666667,13.333333333333334,887.7743333333319,13.333333333333334,1094.1499999999987,13.333333333333334,4772.333333333333,23.333333333333332,2346.3333333333335,23.333333333333332,6755.666666666667,23.333333333333332,18.9,10.0,11.633333333333335,10.0,25.999999999999996,10.0,5.233333333333333,16.666666666666668,4.7,16.666666666666668,6.166666666666665,16.666666666666668
130355A,Dee River at Kenbula,2012-10-01,2012-08-01 to 2012-10-01,17.0,83.0,0.5573333333333333,10.0,0.5366666666666666,10.0,0.6016666666666669,10.0,0.04533333333333319,10.0,0.026,10.0,0.11433333333333333,10.0,3.9143333333333334,10.0,2.2176666666666667,10.0,9.84933333333212,10.0,120.46333333333212,10.0,6118.0,16.666666666666668,4020.0,16.666666666666668,7549.0,16.666666666666668,21.066666666666666,10.0,13.733333333333336,10.0,28.7,10.0,4.666666666666666,13.333333333333334,4.3,13.333333333333334,5.399999999999999,13.333333333333334
130355A,Dee River at Kenbula,2012-11-01,2012-09-01 to 2012-11-01,18.333333333333332,83.0,0.5466666666666667,10.0,0.517,10.0,0.5996666666666669,10.0,0.031999999999999855,10.0,0.010333333333333335,10.0,0.10933333333333332,10.0,2.7729999999999997,10.0,0.8783333333333333,10.0,9.431999999998787,10.0,84.09333333333213,10.0,7713.0,10.0,6247.0,10.0,9089.333333333334,10.0,24.266666666666666,10.0,17.36666666666667,10.0,31.73333333333333,10.0,4.2333333333333325,10.0,4.0,10.0,4.666666666666665,10.0
130355A,Dee River at Kenbula,2012-12-01,2012-10-01 to 2012-12-01,20.666666666666668,83.0,0.5443333333333333,10.0,0.5043333333333334,10.0,0.6053333333333336,10.0,0.030333333333333184,10.0,0.00566666666666667,10.0,0.11833333333333333,10.0,2.655,10.0,0.4753333333333334,10.0,10.209666666665454,10.0,81.31666666666545,10.0,9375.0,10.0,8292.666666666666,10.0,10313.333333333334,10.0,26.46666666666667,10.0,19.76666666666667,10.0,33.86666666666667,10.0,4.0666666666666655,10.0,3.8666666666666667,10.0,4.233333333333332,10.0
130355A,Dee River at Kenbula,2013-01-01,2012-11-01 to 2013-01-01,16.5,140.33333333333334,0.617,10.0,0.49666666666666665,10.0,1.7800000000000002,10.0,6.2059999999999995,16.666666666666668,0.0033333333333333357,16.666666666666668,279.66066666666666,16.666666666666668,536.2073333333334,16.666666666666668,0.27366666666666667,16.666666666666668,24162.66733333333,16.666666666666668,16621.44,16.666666666666668,10254.0,60.0,9485.5,60.0,10863.5,60.0,27.75,60.0,21.750000000000004,60.0,35.3,60.0,3.9666666666666655,10.0,3.5,10.0,5.033333333333332,10.0
130355A,Dee River at Kenbula,2013-02-01,2012-12-01 to 2013-02-01,14.0,197.66666666666666,0.6693333333333333,10.0,0.5339999999999999,10.0,1.954666666666667,10.0,6.433,20.0,0.051,20.0,282.5113333333333,20.0,555.8203333333333,20.0,4.392333333333333,20.0,24408.964666666667,20.0,17168.63,20.0,8124.5,60.0,5484.5,60.0,8835.5,60.0,27.75,60.0,22.6,60.0,34.3,60.0,3.6999999999999993,10.0,3.3000000000000003,10.0,5.099999999999999,10.0
130355A,Dee River at Kenbula,2013-03-01,2013-01-01 to 2013-03-01,,255.0,0.7520000000000001,10.0,0.5756666666666667,10.0,2.6270000000000002,10.0,7.643,26.666666666666668,0.09633333333333334,26.666666666666668,360.77566666666667,26.666666666666668,660.3406666666666,26.666666666666668,8.309,26.666666666666668,31171.002999999997,26.666666666666668,20408.763333333332,26.666666666666668,3908.5,60.0,454.5,60.0,6811.5,60.0,26.45,60.0,22.500000000000004,60.0,32.3,60.0,3.699999999999999,10.0,3.1333333333333333,10.0,5.966666666666666,10.0
130355A,Dee River at Kenbula,2013-04-01,2013-02-01 to 2013-04-01,57.0,197.66666666666666,0.7086666666666668,10.0,0.611,10.0,1.5013333333333339,10.0,1.521,20.0,0.13,20.0,81.43466666666667,20.0,131.41133333333332,20.0,11.217666666666668,20.0,7035.940666666666,20.0,4006.4266666666667,20.0,3900.3333333333335,10.0,1114.3333333333333,10.0,7083.666666666667,10.0,25.633333333333336,10.0,21.5,10.0,31.399999999999995,10.0,3.6333333333333324,10.0,3.233333333333333,10.0,5.0666666666666655,10.0
130355A,Dee River at Kenbula,2013-05-01,2013-03-01 to 2013-05-01,65.5,140.33333333333334,0.6890000000000001,10.0,0.5993333333333334,10.0,1.426666666666667,10.0,1.3793333333333333,20.0,0.10666666666666667,20.0,79.29366666666667,20.0,119.16766666666666,20.0,9.187,20.0,6850.9439999999995,20.0,3688.6733333333336,20.0,3261.3333333333335,10.0,1198.3333333333333,10.0,7474.666666666667,10.0,23.366666666666664,10.0,18.600000000000005,10.0,29.433333333333326,10.0,4.033333333333332,10.0,3.4333333333333336,10.0,5.499999999999999,10.0
130355A,Dee River at Kenbula,2013-06-01,2013-04-01 to 2013-06-01,45.0,83.0,0.6273333333333334,10.0,0.5856666666666666,10.0,0.7733333333333338,10.0,0.19866666666666666,13.333333333333334,0.08133333333333333,13.333333333333334,1.0746666666666667,13.333333333333334,17.156333333333333,13.333333333333334,6.998333333333332,13.333333333333334,92.82233333333333,13.333333333333334,523.0466666666666,13.333333333333334,3957.3333333333335,10.0,1913.3333333333333,10.0,8283.0,10.0,20.566666666666666,10.0,15.433333333333335,10.0,26.766666666666662,10.0,4.299999999999999,10.0,3.6999999999999997,10.0,5.033333333333332,10.0
130355A,Dee River at Kenbula,2013-07-01,2013-05-01 to 2013-07-01,27.666666666666668,83.0,0.6036666666666667,10.0,0.568,10.0,0.713666666666667,10.0,0.15033333333333332,13.333333333333334,0.05666666666666667,13.333333333333334,0.8546666666666667,13.333333333333334,12.995333333333335,13.333333333333334,4.852666666666667,13.333333333333334,73.8,13.333333333333334,399.57666666666665,13.333333333333334,4903.0,10.0,2856.6666666666665,10.0,8380.333333333334,10.0,18.766666666666666,10.0,12.933333333333335,10.0,25.066666666666663,10.0,4.5666666666666655,10.0,3.9333333333333336,10.0,5.2333333333333325,10.0
130355A,Dee River at Kenbula,2013-08-01,2013-06-01 to 2013-08-01,3.0,83.0,0.5676666666666667,10.0,0.5463333333333333,10.0,0.6010000000000003,10.0,0.06233333333333333,10.0,0.034333333333333334,10.0,0.12,10.0,5.395666666666666,10.0,2.9233333333333333,10.0,10.339333333333334,10.0,163.99333333333334,10.0,6161.333333333333,10.0,4419.666666666667,10.0,8556.0,10.0,18.299999999999997,10.0,12.000000000000002,10.0,25.266666666666662,10.0,4.5666666666666655,10.0,4.033333333333333,10.0,4.933333333333333,10.0
130355A,Dee River at Kenbula,2013-09-01,2013-07-01 to 2013-09-01,1.6666666666666667,83.0,0.5513333333333333,10.0,0.528,10.0,0.5770000000000003,10.0,0.037,10.0,0.017333333333333336,10.0,0.06633333333333334,10.0,3.231666666666667,10.0,1.4686666666666668,10.0,5.717,10.0,99.07333333333334,10.0,7291.333333333333,10.0,5198.0,10.0,8516.0,10.0,20.299999999999997,10.0,13.400000000000004,10.0,27.16666666666666,10.0,4.399999999999999,10.0,3.966666666666667,10.0,4.699999999999999,10.0
130355A,Dee River at Kenbula,2013-10-01,2013-08-01 to 2013-10-01,1.0,83.0,0.548,10.0,0.5143333333333334,10.0,0.576666666666667,10.0,0.03366666666666667,10.0,0.009333333333333334,10.0,0.066,10.0,2.932,10.0,0.7919999999999999,10.0,5.688,10.0,89.79,10.0,8406.333333333334,10.0,6596.333333333333,10.0,9503.333333333334,10.0,22.666666666666668,10.0,15.766666666666671,10.0,29.533333333333328,10.0,4.233333333333332,10.0,3.8666666666666667,10.0,4.499999999999999,10.0
130355A,Dee River at Kenbula,2013-11-01,2013-09-01 to 2013-11-01,38.0,83.0,0.5523333333333333,10.0,0.51,10.0,0.6773333333333337,10.0,0.043333333333333335,13.333333333333334,0.007333333333333333,13.333333333333334,0.6463333333333333,13.333333333333334,3.7649999999999992,13.333333333333334,0.619,13.333333333333334,55.82866666666666,13.333333333333334,114.01333333333332,13.333333333333334,8696.333333333334,10.0,5953.666666666667,10.0,10590.333333333334,10.0,25.333333333333332,10.0,18.100000000000005,10.0,31.66666666666666,10.0,3.9666666666666655,10.0,3.466666666666667,10.0,4.199999999999998,10.0
130355A,Dee River at Kenbula,2013-12-01,2013-10-01 to 2013-12-01,40.666666666666664,83.0,0.5516666666666667,10.0,0.5083333333333334,10.0,0.6806666666666669,10.0,0.042666666666666665,13.333333333333334,0.006666666666666667,13.333333333333334,0.6516666666666667,13.333333333333334,3.6923333333333326,13.333333333333334,0.547,13.333333333333334,56.275,13.333333333333334,112.87,13.333333333333334,9239.666666666666,10.0,6469.0,10.0,11330.333333333334,10.0,27.166666666666668,10.0,20.76666666666667,10.0,33.89999999999999,10.0,3.833333333333332,10.0,3.3666666666666667,10.0,4.099999999999999,10.0
130355A,Dee River at Kenbula,2014-01-01,2013-11-01 to 2014-01-01,80.66666666666667,83.0,0.5493333333333333,10.0,0.5059999999999999,10.0,0.7430000000000003,10.0,0.043333333333333335,13.333333333333334,0.005999999999999999,13.333333333333334,0.888,13.333333333333334,3.7376666666666662,13.333333333333334,0.48933333333333334,13.333333333333334,76.70866666666667,13.333333333333334,114.27,13.333333333333334,9414.666666666666,10.0,5608.333333333333,10.0,11728.666666666666,10.0,28.266666666666662,10.0,22.066666666666666,10.0,35.96666666666666,10.0,3.7666666666666657,10.0,3.3333333333333335,10.0,4.099999999999999,10.0
130355A,Dee River at Kenbula,2014-02-01,2013-12-01 to 2014-02-01,60.666666666666664,83.0,0.5730000000000001,10.0,0.518,10.0,0.8490000000000003,10.0,0.14766666666666667,13.333333333333334,0.013,13.333333333333334,4.149333333333334,13.333333333333334,12.756666666666668,13.333333333333334,1.0943333333333334,13.333333333333334,358.488,13.333333333333334,363.6266666666666,13.333333333333334,7777.666666666667,10.0,4568.0,10.0,10433.0,10.0,28.633333333333336,10.0,23.400000000000006,10.0,36.06666666666666,10.0,4.5666666666666655,13.333333333333334,3.733333333333333,13.333333333333334,5.533333333333331,13.333333333333334
130355A,Dee River at Kenbula,2014-03-01,2014-01-01 to 2014-03-01,110.0,83.0,0.5926666666666667,10.0,0.514,10.0,1.253666666666667,10.0,0.5646666666666667,16.666666666666668,0.011666666666666665,16.666666666666668,28.688999999999997,16.666666666666668,48.778,16.666666666666668,0.9793333333333333,16.666666666666668,2478.7296666666666,16.666666666666668,1480.29,16.666666666666668,7114.0,10.0,2586.3333333333335,10.0,9849.0,10.0,27.899999999999995,10.0,22.36666666666667,10.0,35.36666666666667,10.0,4.733333333333332,16.666666666666668,3.6999999999999997,16.666666666666668,6.5666666666666655,16.666666666666668
130355A,Dee River at Kenbula,2014-04-01,2014-02-01 to 2014-04-01,82.0,83.0,0.614,10.0,0.5316666666666666,10.0,1.2660000000000002,10.0,0.6043333333333333,16.666666666666668,0.022000000000000002,16.666666666666668,28.766666666666666,16.666666666666668,52.21200000000001,16.666666666666668,1.8576666666666668,16.666666666666668,2485.4399999999996,16.666666666666668,1582.1966666666665,16.666666666666668,4564.333333333333,10.0,536.3333333333334,10.0,7720.333333333333,10.0,26.73333333333333,10.0,21.700000000000003,10.0,33.23333333333333,10.0,5.266666666666666,20.0,3.8333333333333335,20.0,7.466666666666666,20.0
130355A,Dee River at Kenbula,2014-05-01,2014-03-01 to 2014-05-01,70.66666666666667,83.0,0.5956666666666667,10.0,0.5296666666666666,10.0,1.073666666666667,10.0,0.5,13.333333333333334,0.02033333333333333,13.333333333333334,24.953999999999997,13.333333333333334,43.187333333333335,13.333333333333334,1.7136666666666667,13.333333333333334,2156.0253333333335,13.333333333333334,1334.2566666666667,13.333333333333334,5739.0,10.0,1801.6666666666667,10.0,8101.0,10.0,24.433333333333334,10.0,19.133333333333336,10.0,31.266666666666666,10.0,4.5666666666666655,20.0,3.766666666666667,20.0,6.166666666666667,20.0
130355A,Dee River at Kenbula,2014-06-01,2014-04-01 to 2014-06-01,21.0,83.0,0.5676666666666667,10.0,0.533,10.0,0.664666666666667,10.0,0.07633333333333334,10.0,0.021333333333333333,10.0,0.4076666666666666,10.0,6.596,10.0,1.7999999999999998,10.0,35.22233333333333,10.0,199.46333333333334,10.0,5795.333333333333,10.0,3929.6666666666665,10.0,7641.666666666667,10.0,21.766666666666666,10.0,16.000000000000004,10.0,28.099999999999994,10.0,4.499999999999999,20.0,3.8666666666666667,20.0,5.166666666666665,20.0
130355A,Dee River at Kenbula,2014-07-01,2014-05-01 to 2014-07-01,8.333333333333334,83.0,0.5356666666666666,10.0,0.5193333333333333,10.0,0.571666666666667,10.0,0.026333333333333334,10.0,0.012333333333333333,10.0,0.077,10.0,2.276666666666667,10.0,1.0226666666666666,10.0,6.638333333333333,10.0,70.11333333333333,10.0,6903.666666666667,10.0,5713.0,10.0,7966.333333333333,10.0,18.333333333333332,10.0,11.966666666666669,10.0,25.066666666666663,10.0,4.0666666666666655,20.0,3.8,20.0,4.366666666666666,20.0
130355A,Dee River at Kenbula,2014-08-01,2014-06-01 to 2014-08-01,12.0,83.0,0.5173333333333333,10.0,0.508,10.0,0.5470000000000003,10.0,0.011000000000000001,10.0,0.006666666666666667,10.0,0.034999999999999996,10.0,0.9393333333333334,10.0,0.5329999999999999,10.0,2.9953333333333334,10.0,28.66,10.0,6609.0,10.0,6094.0,10.0,7133.0,10.0,17.566666666666666,10.0,11.266666666666667,10.0,23.83333333333333,10.0,4.033333333333332,16.666666666666668,3.733333333333333,16.666666666666668,4.3999999999999995,16.666666666666668
130355A,Dee River at Kenbula,2014-09-01,2014-07-01 to 2014-09-01,37.666666666666664,83.0,0.516,10.0,0.5023333333333333,10.0,0.6040000000000003,10.0,0.014,10.0,0.005,10.0,0.23433333333333337,10.0,1.2066666666666668,10.0,0.38899999999999985,10.0,20.217666666666666,10.0,36.68,10.0,5785.666666666667,10.0,4905.0,10.0,6380.666666666667,10.0,18.433333333333334,10.0,11.56666666666667,10.0,25.099999999999994,10.0,3.9666666666666655,13.333333333333334,3.6333333333333333,13.333333333333334,4.466666666666666,13.333333333333334
130355A,Dee River at Kenbula,2014-10-01,2014-08-01 to 2014-10-01,37.666666666666664,83.0,0.514,10.0,0.49433333333333335,10.0,0.6063333333333336,10.0,0.013333333333333334,10.0,0.0030000000000000005,10.0,0.23533333333333337,10.0,1.1603333333333334,10.0,0.2303333333333332,10.0,20.318666666666665,10.0,35.24666666666667,10.0,5210.333333333333,10.0,4011.3333333333335,10.0,5981.666666666667,10.0,22.0,10.0,14.866666666666669,10.0,29.2,10.0,3.799999999999999,10.0,3.4333333333333336,10.0,4.333333333333332,10.0
130355A,Dee River at Kenbula,2014-11-01,2014-09-01 to 2014-11-01,39.0,83.0,0.512,10.0,0.484,10.0,0.6273333333333336,10.0,0.014,10.0,0.0013333333333333333,10.0,0.26866666666666666,10.0,1.218,10.0,0.10066666666666652,10.0,23.212999999999997,10.0,36.72666666666667,10.0,5185.666666666667,10.0,3890.0,10.0,6099.666666666667,10.0,25.5,10.0,18.166666666666668,10.0,33.3,10.0,3.6999999999999993,10.0,3.233333333333334,10.0,4.233333333333333,10.0
130355A,Dee River at Kenbula,2014-12-01,2014-10-01 to 2014-12-01,63.333333333333336,83.0,0.5306666666666667,10.0,0.49099999999999994,10.0,0.655666666666667,10.0,0.03966666666666666,10.0,0.0036666666666666666,10.0,0.464,10.0,3.4346666666666663,10.0,0.3023333333333332,10.0,40.07533333333333,10.0,106.17,10.0,5527.666666666667,10.0,3732.3333333333335,10.0,7289.0,10.0,28.23333333333333,10.0,21.600000000000005,10.0,35.26666666666666,10.0,3.833333333333332,10.0,3.3333333333333335,10.0,4.333333333333333,10.0
130355A,Dee River at Kenbula,2015-01-01,2014-11-01 to 2015-01-01,119.33333333333333,83.0,0.5546666666666666,10.0,0.49733333333333335,10.0,0.8243333333333336,10.0,0.09466666666666668,13.333333333333334,0.005,13.333333333333334,2.003,13.333333333333334,8.173,13.333333333333334,0.41766666666666646,13.333333333333334,173.03033333333335,13.333333333333334,253.06000000000003,13.333333333333334,6436.666666666667,10.0,2850.0,10.0,8936.0,10.0,29.53333333333333,10.0,23.600000000000005,10.0,35.73333333333333,10.0,4.2333333333333325,10.0,3.633333333333333,10.0,5.199999999999999,10.0
130355A,Dee River at Kenbula,2015-02-01,2014-12-01 to 2015-02-01,198.66666666666666,83.0,0.628,10.0,0.5206666666666667,10.0,2.0050000000000003,10.0,2.0666666666666664,20.0,0.013666666666666666,20.0,286.1906666666667,20.0,178.5533333333333,20.0,1.152,20.0,24726.844999999998,20.0,5023.096666666667,20.0,6746.0,73.33333333333333,1672.0,73.33333333333333,10141.5,73.33333333333333,29.65,73.33333333333333,23.950000000000006,73.33333333333333,35.449999999999996,73.33333333333333,4.549999999999999,91.66666666666667,3.9499999999999993,91.66666666666667,5.749999999999998,91.66666666666667
130355A,Dee River at Kenbula,2015-03-01,2015-01-01 to 2015-03-01,151.0,83.0,0.6396666666666667,10.0,0.5333333333333333,10.0,2.037333333333333,10.0,2.0876666666666663,23.333333333333332,0.023000000000000003,23.333333333333332,286.55899999999997,23.333333333333332,180.362,23.333333333333332,1.9726666666666663,23.333333333333332,24758.668999999994,23.333333333333332,5079.17,23.333333333333332,5774.0,73.33333333333333,895.0,73.33333333333333,8782.0,73.33333333333333,29.45,73.33333333333333,25.150000000000006,73.33333333333333,34.64999999999999,73.33333333333333,4.8,173.33333333333334,4.1,173.33333333333334,6.7,173.33333333333334
130355A,Dee River at Kenbula,2015-04-01,2015-02-01 to 2015-04-01,111.66666666666667,83.0,0.6333333333333333,10.0,0.5403333333333333,10.0,1.9273333333333336,10.0,2.047333333333333,20.0,0.026,20.0,285.15833333333336,20.0,176.89133333333334,20.0,2.2319999999999998,20.0,24637.65133333333,20.0,4970.13,20.0,6366.5,73.33333333333333,3484.0,73.33333333333333,8152.0,73.33333333333333,26.65,73.33333333333333,21.35,73.33333333333333,32.099999999999994,73.33333333333333,,255.0,,255.0,,255.0
130355A,Dee River at Kenbula,2015-05-01,2015-03-01 to 2015-05-01,28.333333333333332,83.0,0.582,10.0,0.5366666666666667,10.0,0.7540000000000003,10.0,0.09233333333333334,13.333333333333334,0.023333333333333334,13.333333333333334,0.9893333333333333,13.333333333333334,7.996333333333333,13.333333333333334,2.0016666666666665,13.333333333333334,85.435,13.333333333333334,246.4466666666667,13.333333333333334,7000.666666666667,10.0,4095.3333333333335,10.0,8603.0,10.0,24.5,10.0,18.833333333333336,10.0,30.299999999999994,10.0,,255.0,,255.0,,255.0
130355A,Dee River at Kenbula,2015-06-01,2015-04-01 to 2015-06-01,33.666666666666664,83.0,0.5576666666666666,10.0,0.5263333333333334,10.0,0.6366666666666669,10.0,0.046000000000000006,10.0,0.015000000000000001,10.0,0.227,10.0,3.9983333333333335,10.0,1.2816666666666663,10.0,19.569333333333333,10.0,121.74666666666667,10.0,8253.666666666666,10.0,5415.0,10.0,9433.333333333334,10.0,20.933333333333334,10.0,14.500000000000002,10.0,27.23333333333333,10.0,,255.0,,255.0,,255.0
130355A,Dee River at Kenbula,2015-07-01,2015-05-01 to 2015-07-01,18.0,83.0,0.5606666666666666,10.0,0.5276666666666667,10.0,0.5956666666666669,10.0,0.04766666666666667,10.0,0.01566666666666667,10.0,0.10666666666666667,10.0,4.146666666666667,10.0,1.3389999999999997,10.0,9.172666666666666,10.0,127.79333333333334,10.0,8757.666666666666,10.0,5528.0,10.0,10028.333333333334,10.0,18.66666666666666,10.0,12.400000000000004,10.0,25.23333333333333,10.0,,255.0,,255.0,,255.0
130355A,Dee River at Kenbula,2015-08-01,2015-06-01 to 2015-08-01,23.666666666666668,83.0,0.5523333333333333,13.333333333333334,0.52,13.333333333333334,0.5836666666666669,13.333333333333334,0.039,13.333333333333334,0.011666666666666667,13.333333333333334,0.07866666666666666,13.333333333333334,3.395666666666667,13.333333333333334,1.0076666666666663,13.333333333333334,6.753666666666667,13.333333333333334,104.50999999999999,13.333333333333334,9556.333333333334,10.0,6501.666666666667,10.0,10611.333333333334,10.0,18.23333333333333,10.0,11.966666666666669,10.0,25.633333333333326,10.0,,255.0,,255.0,,255.0
130355A,Dee River at Kenbula,2015-09-01,2015-07-01 to 2015-09-01,13.666666666666666,83.0,0.5533333333333333,16.666666666666668,0.511,16.666666666666668,0.5820000000000003,16.666666666666668,0.04066666666666666,16.666666666666668,0.008333333333333337,16.666666666666668,0.07633333333333334,16.666666666666668,3.5396666666666667,16.666666666666668,0.705333333333333,16.666666666666668,6.552,16.666666666666668,108.83333333333333,16.666666666666668,10347.333333333334,10.0,7877.0,10.0,11101.666666666666,10.0,19.433333333333334,10.0,13.500000000000002,10.0,26.7,10.0,,255.0,,255.0,,255.0
130355A,Dee River at Kenbula,2015-10-01,2015-08-01 to 2015-10-01,17.666666666666668,83.0,0.5460000000000002,16.666666666666668,0.503,16.666666666666668,0.575666666666667,16.666666666666668,0.03333333333333333,16.666666666666668,0.004666666666666669,16.666666666666668,0.06799999999999999,16.666666666666668,2.8810000000000002,16.666666666666668,0.3886666666666663,16.666666666666668,5.846333333333333,16.666666666666668,88.41666666666667,16.666666666666668,10671.333333333334,10.0,9113.333333333334,10.0,11337.333333333334,10.0,22.0,10.0,16.633333333333336,10.0,29.033333333333328,10.0,,255.0,,255.0,,255.0
130355A,Dee River at Kenbula,2015-11-01,2015-09-01 to 2015-11-01,41.333333333333336,83.0,0.5476666666666667,13.333333333333334,0.49899999999999994,13.333333333333334,0.6260000000000003,13.333333333333334,0.037,13.333333333333334,0.0036666666666666688,13.333333333333334,0.26866666666666666,13.333333333333334,3.2083333333333335,13.333333333333334,0.2879999999999997,13.333333333333334,23.183666666666667,13.333333333333334,97.19666666666667,13.333333333333334,10283.666666666666,10.0,8375.333333333334,10.0,11469.333333333334,10.0,25.099999999999998,10.0,19.933333333333337,10.0,31.766666666666662,10.0,,255.0,,255.0,,255.0
130355A,Dee River at Kenbula,2015-12-01,2015-10-01 to 2015-12-01,47.666666666666664,83.0,0.5416666666666666,10.0,0.4956666666666667,10.0,0.6243333333333335,10.0,0.03266666666666666,10.0,0.0030000000000000027,10.0,0.26666666666666666,10.0,2.826,10.0,0.24466666666666637,10.0,23.011,10.0,86.24333333333334,10.0,9988.0,10.0,7889.666666666667,10.0,11296.333333333334,10.0,27.46666666666667,10.0,22.333333333333332,10.0,34.29999999999999,10.0,,255.0,,255.0,,255.0
130355A,Dee River at Kenbula,2016-01-01,2015-11-01 to 2016-01-01,53.0,83.0,0.5316666666666666,10.0,0.48466666666666663,10.0,0.6263333333333336,10.0,0.027,10.0,0.0013333333333333357,10.0,0.26899999999999996,10.0,2.3433333333333333,10.0,0.10066666666666636,10.0,23.212666666666667,10.0,71.27666666666666,10.0,10075.0,10.0,7838.666666666667,10.0,11565.666666666666,10.0,28.96666666666667,10.0,23.933333333333337,10.0,35.76666666666666,10.0,,255.0,,255.0,,255.0
130355A,Dee River at Kenbula,2016-02-01,2015-12-01 to 2016-02-01,53.0,83.0,0.5333333333333333,10.0,0.4923333333333333,10.0,0.6150000000000003,10.0,0.027666666666666662,10.0,0.004000000000000003,10.0,0.20199999999999999,10.0,2.381666666666667,10.0,0.34533333333333305,10.0,17.424,10.0,71.01666666666667,10.0,9662.666666666666,10.0,7312.666666666667,10.0,11691.0,10.0,29.766666666666666,10.0,24.86666666666667,10.0,36.199999999999996,10.0,3.5,173.33333333333334,3.3,173.33333333333334,3.6,173.33333333333334
130355A,Dee River at Kenbula,2016-03-01,2016-01-01 to 2016-03-01,71.33333333333333,83.0,0.535,10.0,0.49766666666666665,10.0,0.6423333333333336,10.0,0.028666666666666663,10.0,0.005333333333333336,10.0,0.25866666666666666,10.0,2.4650000000000003,10.0,0.446333333333333,10.0,22.320000000000004,10.0,73.60333333333334,10.0,9654.0,10.0,7514.666666666667,10.0,11664.666666666666,10.0,29.7,10.0,25.0,10.0,36.06666666666666,10.0,3.4499999999999984,91.66666666666667,3.25,91.66666666666667,3.6,91.66666666666667
130355A,Dee River at Kenbula,2016-04-01,2016-02-01 to 2016-04-01,60.666666666666664,83.0,0.5296666666666666,10.0,0.5036666666666667,10.0,0.630666666666667,10.0,0.024666666666666667,10.0,0.006000000000000002,10.0,0.24766666666666667,10.0,2.1270000000000002,10.0,0.4896666666666663,10.0,21.355333333333334,10.0,63.00666666666667,10.0,9068.0,10.0,7069.0,10.0,10835.0,10.0,28.366666666666664,10.0,23.8,10.0,34.533333333333324,10.0,3.4333333333333322,10.0,3.266666666666667,10.0,3.5333333333333328,10.0
130355A,Dee River at Kenbula,2016-05-01,2016-03-01 to 2016-05-01,26.333333333333332,83.0,0.5056666666666666,10.0,0.4876666666666667,10.0,0.5623333333333337,10.0,0.008666666666666665,10.0,0.0023333333333333357,10.0,0.081,10.0,0.7566666666666667,10.0,0.1729999999999997,10.0,6.955333333333335,10.0,23.33666666666667,10.0,9691.0,10.0,8816.333333333334,10.0,10360.333333333334,10.0,25.7,10.0,20.400000000000002,10.0,32.199999999999996,10.0,3.366666666666666,10.0,3.233333333333333,10.0,3.4666666666666663,10.0
130355A,Dee River at Kenbula,2016-06-01,2016-04-01 to 2016-06-01,26.333333333333332,83.0,0.504,10.0,0.4796666666666667,10.0,0.549666666666667,10.0,0.0076666666666666645,10.0,0.000666666666666669,10.0,0.04833333333333333,10.0,0.658,10.0,0.043333333333333036,10.0,4.147333333333333,10.0,19.76666666666667,10.0,9657.0,10.0,8712.666666666666,10.0,10383.666666666666,10.0,22.566666666666663,10.0,16.166666666666668,10.0,28.633333333333326,10.0,3.333333333333332,10.0,3.233333333333333,10.0,3.366666666666666,10.0
130355A,Dee River at Kenbula,2016-07-01,2016-05-01 to 2016-07-01,64.66666666666667,83.0,0.5413333333333333,10.0,0.488,10.0,0.689666666666667,10.0,0.09266666666666667,13.333333333333334,0.0030000000000000022,13.333333333333334,0.9546666666666668,13.333333333333334,8.005666666666666,13.333333333333334,0.259333333333333,13.333333333333334,82.46866666666666,13.333333333333334,247.66333333333333,13.333333333333334,8718.666666666666,10.0,6226.666666666667,10.0,10820.333333333334,10.0,19.96666666666667,10.0,13.466666666666669,10.0,25.83333333333333,10.0,3.599999999999999,10.0,3.233333333333333,10.0,4.433333333333333,10.0
130355A,Dee River at Kenbula,2016-08-01,2016-06-01 to 2016-08-01,67.33333333333333,83.0,0.5586666666666666,10.0,0.503,10.0,0.7113333333333336,10.0,0.10100000000000002,13.333333333333334,0.006333333333333336,13.333333333333334,0.9740000000000001,13.333333333333334,8.723333333333333,13.333333333333334,0.5329999999999997,13.333333333333334,84.15333333333332,13.333333333333334,269.9166666666667,13.333333333333334,8082.666666666667,10.0,4932.0,10.0,10419.333333333334,10.0,18.833333333333332,10.0,12.933333333333337,10.0,23.63333333333333,10.0,3.899999999999999,10.0,3.5,10.0,4.766666666666667,10.0
130355A,Dee River at Kenbula,2016-09-01,2016-07-01 to 2016-09-01,54.0,83.0,0.5546666666666668,10.0,0.5083333333333333,10.0,0.689666666666667,10.0,0.09799999999999999,13.333333333333334,0.007000000000000002,13.333333333333334,0.9426666666666668,13.333333333333334,8.462333333333333,13.333333333333334,0.5906666666666663,13.333333333333334,81.43166666666666,13.333333333333334,262.09,13.333333333333334,7317.666666666667,10.0,4460.666666666667,10.0,9445.333333333334,10.0,20.0,10.0,14.766666666666671,10.0,25.299999999999997,10.0,4.066666666666666,10.0,3.6333333333333333,10.0,5.033333333333332,10.0
130355A,Dee River at Kenbula,2016-10-01,2016-08-01 to 2016-10-01,17.666666666666668,83.0,0.5126666666666667,10.0,0.49366666666666664,10.0,0.545666666666667,10.0,0.011999999999999999,10.0,0.004000000000000003,10.0,0.034333333333333334,10.0,1.0363333333333333,10.0,0.33133333333333304,10.0,2.937333333333333,10.0,31.883333333333336,10.0,7495.0,10.0,6293.666666666667,10.0,8355.333333333334,10.0,22.399999999999995,10.0,16.33333333333334,10.0,28.433333333333334,10.0,3.866666666666666,10.0,3.6999999999999997,10.0,4.066666666666666,10.0
130355A,Dee River at Kenbula,2016-11-01,2016-09-01 to 2016-11-01,28.333333333333332,83.0,0.4766666666666666,10.0,0.4283333333333333,10.0,0.558666666666667,10.0,0.004666666666666666,10.0,0.000666666666666669,10.0,0.059000000000000004,10.0,0.39599999999999996,10.0,0.057666666666666366,10.0,5.054333333333333,10.0,11.916666666666666,10.0,7620.666666666667,10.0,6957.0,10.0,8428.333333333334,10.0,25.266666666666666,10.0,19.0,10.0,32.3,10.0,3.6333333333333324,10.0,3.466666666666667,10.0,3.7999999999999994,10.0
130355A,Dee River at Kenbula,2016-12-01,2016-10-01 to 2016-12-01,31.333333333333332,83.0,0.47100000000000003,10.0,0.4206666666666667,10.0,0.5833333333333336,10.0,0.0033333333333333335,10.0,0.0,10.0,0.09700000000000002,10.0,0.3046666666666667,10.0,0.0,10.0,8.337666666666667,10.0,9.333333333333334,10.0,7755.0,10.0,6801.666666666667,10.0,8661.333333333334,10.0,27.466666666666665,10.0,21.233333333333334,10.0,34.699999999999996,10.0,3.4666666666666655,10.0,3.3333333333333335,10.0,3.5666666666666664,10.0
130355A,Dee River at Kenbula,2017-01-01,2016-11-01 to 2017-01-01,51.666666666666664,83.0,0.47500000000000003,10.0,0.41900000000000004,10.0,0.5983333333333336,10.0,0.004666666666666667,10.0,0.0,10.0,0.10933333333333334,10.0,0.4196666666666667,10.0,0.0,10.0,9.403333333333334,10.0,12.903333333333334,10.0,7303.333333333333,10.0,6446.666666666667,10.0,8167.333333333333,10.0,29.23333333333333,10.0,23.5,10.0,36.166666666666664,10.0,3.366666666666666,10.0,3.233333333333334,10.0,3.4666666666666663,10.0
130355A,Dee River at Kenbula,2017-02-01,2016-12-01 to 2017-02-01,43.333333333333336,83.0,0.461,10.0,0.40833333333333327,10.0,0.5510000000000003,10.0,0.003333333333333334,10.0,0.0,10.0,0.06266666666666666,10.0,0.30800000000000005,10.0,0.0,10.0,5.385666666666666,10.0,9.556666666666667,10.0,6754.0,10.0,5854.666666666667,10.0,7572.0,10.0,29.96666666666667,10.0,24.5,10.0,36.699999999999996,10.0,3.2666666666666657,10.0,3.1666666666666665,10.0,3.4666666666666663,10.0
130355A,Dee River at Kenbula,2017-03-01,2017-01-01 to 2017-03-01,139.0,83.0,0.4836666666666667,10.0,0.33033333333333337,10.0,1.215666666666667,10.0,1.1973333333333334,16.666666666666668,0.0,16.666666666666668,78.57166666666667,16.666666666666668,103.46833333333335,16.666666666666668,0.0,16.666666666666668,6788.577666666667,16.666666666666668,3207.523333333334,16.666666666666668,6014.333333333333,10.0,3835.6666666666665,10.0,7537.0,10.0,29.46666666666667,10.0,23.900000000000002,10.0,36.73333333333333,10.0,3.2499999999999982,60.0,3.1500000000000004,60.0,3.499999999999999,60.0
130355A,Dee River at Kenbula,2017-04-01,2017-02-01 to 2017-04-01,116.66666666666667,83.0,0.5173333333333333,10.0,0.3503333333333334,10.0,1.354,10.0,1.274,20.0,0.005000000000000002,20.0,79.65866666666666,20.0,110.07633333333332,20.0,0.41766666666666635,20.0,6882.509000000001,20.0,3405.606666666667,20.0,4711.666666666667,10.0,2201.0,10.0,6343.0,10.0,27.333333333333332,10.0,21.133333333333336,10.0,33.666666666666664,10.0,3.2,110.0,3.1,110.0,3.6,110.0
130355A,Dee River at Kenbula,2017-05-01,2017-03-01 to 2017-05-01,135.33333333333334,83.0,0.5696666666666667,10.0,0.428,10.0,1.425666666666667,10.0,1.2863333333333333,20.0,0.009000000000000003,20.0,79.78366666666666,20.0,111.15133333333334,20.0,0.7633333333333331,20.0,6893.309,20.0,3438.9266666666667,20.0,3403.6666666666665,10.0,1084.0,10.0,4900.0,10.0,24.599999999999998,10.0,19.200000000000003,10.0,29.966666666666665,10.0,,160.0,,160.0,,160.0
130355A,Dee River at Kenbula,2017-06-01,2017-04-01 to 2017-06-01,25.333333333333332,83.0,0.556,10.0,0.5216666666666667,10.0,0.7320000000000002,10.0,0.09499999999999999,13.333333333333334,0.012666666666666668,13.333333333333334,1.2333333333333334,13.333333333333334,8.209,13.333333333333334,1.0656666666666663,13.333333333333334,106.56,13.333333333333334,247.34,13.333333333333334,2773.6666666666665,10.0,2128.6666666666665,10.0,3355.6666666666665,10.0,21.166666666666664,10.0,16.133333333333336,10.0,25.099999999999994,10.0,,160.0,,160.0,,160.0
130355A,Dee River at Kenbula,2017-07-01,2017-05-01 to 2017-07-01,25.333333333333332,83.0,0.5276666666666666,10.0,0.5166666666666667,10.0,0.5790000000000003,10.0,0.019666666666666666,10.0,0.010000000000000002,10.0,0.134,10.0,1.7080000000000002,10.0,0.8496666666666663,10.0,11.577333333333334,10.0,52.57333333333333,10.0,3470.0,10.0,3144.3333333333335,10.0,3840.3333333333335,10.0,19.333333333333332,10.0,14.533333333333337,10.0,23.63333333333333,10.0,,160.0,,160.0,,160.0
130355A,Dee River at Kenbula,2017-08-01,2017-06-01 to 2017-08-01,4.0,83.0,0.516,10.0,0.509,10.0,0.531666666666667,10.0,0.01,10.0,0.007000000000000002,10.0,0.01933333333333333,10.0,0.8506666666666667,10.0,0.590333333333333,10.0,1.6556666666666666,10.0,26.00333333333333,10.0,4024.3333333333335,10.0,3686.3333333333335,10.0,4364.0,10.0,18.5,10.0,12.566666666666668,10.0,23.433333333333334,10.0,,160.0,,160.0,,160.0
130355A,Dee River at Kenbula,2017-09-01,2017-07-01 to 2017-09-01,4.0,83.0,0.5236666666666666,10.0,0.5066666666666667,10.0,0.538666666666667,10.0,0.015666666666666666,10.0,0.00566666666666667,10.0,0.025333333333333333,10.0,1.3343333333333334,10.0,0.4896666666666663,10.0,2.159666666666667,10.0,40.52,10.0,5220.666666666667,10.0,4174.333333333333,10.0,6145.666666666667,10.0,20.099999999999998,10.0,13.566666666666668,10.0,26.433333333333334,10.0,,160.0,,160.0,,160.0
130355A,Dee River at Kenbula,2017-10-01,2017-08-01 to 2017-10-01,73.33333333333333,83.0,0.5446666666666666,10.0,0.508,10.0,0.6263333333333336,10.0,0.04699999999999999,10.0,0.006333333333333336,10.0,0.323,10.0,4.044666666666667,10.0,0.547333333333333,10.0,27.863666666666663,10.0,124.54,10.0,6001.0,10.0,3690.3333333333335,10.0,7680.666666666667,10.0,22.666666666666668,10.0,17.033333333333335,10.0,29.333333333333332,10.0,,160.0,,160.0,,160.0
130355A,Dee River at Kenbula,2017-11-01,2017-09-01 to 2017-11-01,76.66666666666667,83.0,0.561,10.0,0.5196666666666667,10.0,0.6486666666666671,10.0,0.05933333333333333,10.0,0.011666666666666667,10.0,0.35766666666666663,10.0,5.112666666666667,10.0,0.9936666666666665,10.0,30.87333333333333,10.0,156.35999999999999,10.0,5692.333333333333,10.0,3212.0,10.0,7644.333333333333,10.0,24.96666666666667,10.0,19.96666666666667,10.0,31.566666666666666,10.0,,160.0,,160.0,,160.0
130355A,Dee River at Kenbula,2017-12-01,2017-10-01 to 2017-12-01,96.0,83.0,0.561,10.0,0.5166666666666667,10.0,0.6750000000000003,10.0,0.06166666666666667,10.0,0.011000000000000001,10.0,0.4036666666666666,10.0,5.323333333333333,10.0,0.9216666666666665,10.0,34.848,10.0,163.73999999999998,10.0,5106.666666666667,10.0,3150.3333333333335,10.0,6721.0,10.0,27.2,10.0,23.0,10.0,33.06666666666667,10.0,,160.0,,160.0,,160.0
130355A,Dee River at Kenbula,2018-01-01,2017-11-01 to 2018-01-01,39.0,83.0,0.543,10.0,0.5066666666666667,10.0,0.6360000000000002,10.0,0.03466666666666667,10.0,0.008333333333333337,10.0,0.19633333333333333,10.0,2.9810000000000003,10.0,0.6909999999999998,10.0,16.948999999999998,10.0,91.11666666666666,10.0,4851.666666666667,10.0,3957.3333333333335,10.0,6033.333333333333,10.0,28.5,10.0,24.200000000000003,10.0,34.13333333333333,10.0,,160.0,,160.0,,160.0
130355A,Dee River at Kenbula,2018-02-01,2017-12-01 to 2018-02-01,72.33333333333333,83.0,0.5336666666666666,10.0,0.492,10.0,0.6606666666666671,10.0,0.02866666666666667,10.0,0.002666666666666669,10.0,0.27499999999999997,10.0,2.4840000000000004,10.0,0.20166666666666636,10.0,23.731333333333335,10.0,74.63333333333334,10.0,5903.666666666667,10.0,4752.666666666667,10.0,6888.666666666667,10.0,29.466666666666665,10.0,24.200000000000003,10.0,35.73333333333333,10.0,,160.0,,160.0,,160.0
130355A,Dee River at Kenbula,2018-03-01,2018-01-01 to 2018-03-01,56.333333333333336,83.0,0.521,10.0,0.4896666666666667,10.0,0.632666666666667,10.0,0.01866666666666667,10.0,0.002000000000000002,10.0,0.22733333333333336,10.0,1.6130000000000004,10.0,0.1439999999999997,10.0,19.61266666666667,10.0,47.63666666666666,10.0,6100.666666666667,10.0,4846.666666666667,10.0,6986.0,10.0,28.96666666666667,10.0,23.533333333333335,10.0,35.766666666666666,10.0,,160.0,,160.0,,160.0
130355A,Dee River at Kenbula,2018-04-01,2018-02-01 to 2018-04-01,45.666666666666664,83.0,0.51,10.0,0.48900000000000005,10.0,0.579666666666667,10.0,0.012000000000000004,10.0,0.001666666666666669,10.0,0.13533333333333333,10.0,1.0333333333333339,10.0,0.11533333333333302,10.0,11.649333333333336,10.0,29.62666666666667,10.0,6302.666666666667,10.0,5282.333333333333,10.0,6867.333333333333,10.0,27.266666666666666,10.0,21.36666666666667,10.0,34.300000000000004,10.0,,160.0,,160.0,,160.0
130355A,Dee River at Kenbula,2018-05-01,2018-03-01 to 2018-05-01,10.666666666666666,83.0,0.49666666666666665,10.0,0.48666666666666664,10.0,0.5260000000000004,10.0,0.003666666666666671,10.0,0.0010000000000000024,10.0,0.016666666666666666,10.0,0.2973333333333339,10.0,0.0719999999999997,10.0,1.4110000000000003,10.0,9.17333333333333,10.0,6219.0,10.0,5667.333333333333,10.0,6655.333333333333,10.0,24.23333333333333,10.0,18.76666666666667,10.0,30.666666666666668,10.0,,160.0,,160.0,,160.0
130355A,Dee River at Kenbula,2018-06-01,2018-04-01 to 2018-06-01,9.333333333333334,83.0,0.48866666666666664,10.0,0.48,10.0,0.5096666666666669,10.0,0.0016666666666666713,10.0,0.0,10.0,0.008,10.0,0.12000000000000059,10.0,0.0,10.0,0.6623333333333333,10.0,3.653333333333329,10.0,6615.0,10.0,6351.333333333333,10.0,6906.333333333333,10.0,20.433333333333334,10.0,14.566666666666668,10.0,25.933333333333334,10.0,,160.0,,160.0,,160.0
130355A,Dee River at Kenbula,2018-07-01,2018-05-01 to 2018-07-01,23.666666666666668,83.0,0.496,10.0,0.48233333333333334,10.0,0.5520000000000004,10.0,0.0046666666666666705,10.0,0.000666666666666669,10.0,0.06666666666666667,10.0,0.3750000000000006,10.0,0.043333333333333036,10.0,5.745666666666666,10.0,11.606666666666662,10.0,6624.666666666667,10.0,6261.333333333333,10.0,7065.333333333333,10.0,18.166666666666664,13.333333333333334,11.833333333333336,13.333333333333334,23.666666666666668,13.333333333333334,,160.0,,160.0,,160.0
130355A,Dee River at Kenbula,2018-08-01,2018-06-01 to 2018-08-01,18.333333333333332,83.0,0.498,10.0,0.48300000000000004,10.0,0.5460000000000003,10.0,0.0050000000000000044,10.0,0.000666666666666669,10.0,0.064,10.0,0.41266666666666724,10.0,0.043333333333333036,10.0,5.501,10.0,12.769999999999996,10.0,6230.333333333333,10.0,5867.333333333333,10.0,6685.666666666667,10.0,17.533333333333335,16.666666666666668,11.133333333333335,16.666666666666668,23.266666666666666,16.666666666666668,,191.66666666666666,,191.66666666666666,,191.66666666666666
130355A,Dee River at Kenbula,2018-09-01,2018-07-01 to 2018-09-01,16.666666666666668,83.0,0.48933333333333334,10.0,0.452,10.0,0.5433333333333336,10.0,0.0046666666666666705,10.0,0.000666666666666669,10.0,0.06366666666666668,10.0,0.39900000000000063,10.0,0.043333333333333036,10.0,5.472333333333332,10.0,12.359999999999998,10.0,6004.333333333333,10.0,5488.0,10.0,6583.666666666667,10.0,19.76666666666667,20.0,13.066666666666668,20.0,26.233333333333334,20.0,,223.33333333333334,,223.33333333333334,,223.33333333333334
130355A,Dee River at Kenbula,2018-10-01,2018-08-01 to 2018-10-01,23.0,83.0,0.47400000000000003,10.0,0.4040000000000001,10.0,0.5080000000000003,10.0,0.0016666666666666707,10.0,0.0,10.0,0.008000000000000009,10.0,0.15433333333333393,10.0,0.0,10.0,0.6626666666666666,10.0,4.773333333333329,10.0,6305.333333333333,10.0,5872.333333333333,10.0,6763.0,10.0,22.866666666666664,20.0,15.933333333333335,20.0,29.799999999999997,20.0,,255.0,,255.0,,255.0
130355A,Dee River at Kenbula,2018-11-01,2018-09-01 to 2018-11-01,28.0,83.0,0.44,10.0,0.336,10.0,0.5066666666666669,10.0,0.0006666666666666708,10.0,0.0,10.0,0.007333333333333344,10.0,0.07200000000000059,10.0,0.0,10.0,0.6193333333333333,10.0,2.2133333333333285,10.0,7253.666666666667,10.0,6614.333333333333,10.0,7896.333333333333,10.0,26.433333333333334,20.0,19.366666666666667,20.0,33.63333333333333,20.0,,255.0,,255.0,,255.0
130355A,Dee River at Kenbula,2018-12-01,2018-10-01 to 2018-12-01,48.333333333333336,83.0,0.40700000000000003,10.0,0.27266666666666667,10.0,0.5250000000000004,10.0,0.0010000000000000041,10.0,0.0,10.0,0.015666666666666676,10.0,0.10800000000000058,10.0,0.0,10.0,1.3393333333333333,10.0,3.336666666666662,10.0,7716.0,90.0,7103.5,90.0,8373.5,90.0,28.1,96.66666666666667,20.800000000000004,96.66666666666667,35.55,96.66666666666667,,255.0,,255.0,,255.0
130355A,Dee River at Kenbula,2019-01-01,2018-11-01 to 2019-01-01,40.666666666666664,83.0,0.4056666666666667,10.0,0.28600000000000003,10.0,0.538666666666667,10.0,0.0010000000000000041,10.0,0.0,10.0,0.028666666666666674,10.0,0.10433333333333393,10.0,0.0,10.0,2.448,10.0,3.2199999999999953,10.0,8335.0,170.0,7444.0,170.0,9156.0,170.0,28.8,173.33333333333334,21.9,173.33333333333334,36.2,173.33333333333334,,255.0,,255.0,,255.0
130355A,Dee River at Kenbula,2019-02-01,2018-12-01 to 2019-02-01,38.0,83.0,0.36733333333333335,10.0,0.2466666666666667,10.0,0.49900000000000033,10.0,0.0010000000000000041,10.0,0.0,10.0,0.027000000000000007,10.0,0.09633333333333392,10.0,0.0,10.0,2.304,10.0,2.9833333333333285,10.0,10798.0,170.0,10009.0,170.0,12349.0,170.0,28.5,170.0,21.5,170.0,35.8,170.0,,255.0,,255.0,,255.0
130355A,Dee River at Kenbula,2019-03-01,2019-01-01 to 2019-03-01,63.333333333333336,83.0,0.35800000000000004,11.666666666666666,0.22933333333333336,11.666666666666666,0.5293333333333337,11.666666666666666,0.0046666666666666705,11.666666666666666,0.0,11.666666666666666,0.07966666666666668,11.666666666666666,0.4006666666666672,11.666666666666666,0.0,11.666666666666666,6.868666666666667,11.666666666666666,12.413333333333327,11.666666666666666,10371.5,90.0,7836.5,90.0,12526.0,90.0,28.699999999999996,90.0,21.650000000000006,90.0,36.099999999999994,90.0,,255.0,,255.0,,255.0
130355A,Dee River at Kenbula,2019-04-01,2019-02-01 to 2019-04-01,55.0,83.0,0.36866666666666664,11.666666666666666,0.26100000000000007,11.666666666666666,0.5180000000000002,11.666666666666666,0.0050000000000000044,11.666666666666666,0.0,11.666666666666666,0.06833333333333334,11.666666666666666,0.4263333333333339,11.666666666666666,0.0,11.666666666666666,5.889666666666667,11.666666666666666,13.133333333333328,11.666666666666666,9023.0,10.0,6831.0,10.0,11408.666666666666,10.0,27.933333333333334,10.0,21.933333333333337,10.0,34.63333333333333,10.0,,255.0,,255.0,,255.0
130355A,Dee River at Kenbula,2019-05-01,2019-03-01 to 2019-05-01,53.0,83.0,0.4386666666666666,11.666666666666666,0.36366666666666664,11.666666666666666,0.565666666666667,11.666666666666666,0.0063333333333333375,11.666666666666666,0.0,11.666666666666666,0.07366666666666667,11.666666666666666,0.5306666666666672,11.666666666666666,0.0,11.666666666666666,6.3503333333333325,11.666666666666666,16.36333333333333,11.666666666666666,7939.666666666667,10.0,5543.333333333333,10.0,10299.666666666666,10.0,25.899999999999995,10.0,20.633333333333336,10.0,32.0,10.0,,255.0,,255.0,,255.0
130355A,Dee River at Kenbula,2019-06-01,2019-04-01 to 2019-06-01,10.333333333333334,83.0,0.488,10.0,0.4703333333333333,10.0,0.5300000000000004,10.0,0.002666666666666671,10.0,0.0,10.0,0.01700000000000001,10.0,0.21633333333333393,10.0,0.0,10.0,1.4543333333333333,10.0,6.589999999999995,10.0,7332.0,10.0,6198.333333333333,10.0,8866.666666666666,10.0,22.23333333333333,10.0,17.133333333333336,10.0,27.666666666666668,10.0,,255.0,,255.0,,255.0
130355A,Dee River at Kenbula,2019-07-01,2019-05-01 to 2019-07-01,9.0,83.0,0.49366666666666664,10.0,0.4673333333333334,10.0,0.530666666666667,10.0,0.0050000000000000044,10.0,0.0,10.0,0.017333333333333343,10.0,0.43333333333333396,10.0,0.0,10.0,1.4973333333333334,10.0,13.393333333333329,10.0,8667.0,10.0,7329.333333333333,10.0,9781.666666666666,10.0,19.333333333333332,10.0,13.766666666666671,10.0,24.899999999999995,10.0,,255.0,,255.0,,255.0
130355A,Dee River at Kenbula,2019-08-01,2019-06-01 to 2019-08-01,8.666666666666666,83.0,0.4683333333333333,10.0,0.4186666666666667,10.0,0.5123333333333336,10.0,0.0036666666666666705,10.0,0.0,10.0,0.01200000000000001,10.0,0.3290000000000006,10.0,0.0,10.0,1.0366666666666668,10.0,10.163333333333329,10.0,10257.0,10.0,9225.333333333334,10.0,11070.333333333334,10.0,17.73333333333333,10.0,11.366666666666669,10.0,23.766666666666666,10.0,,255.0,,255.0,,255.0
130355A,Dee River at Kenbula,2019-09-01,2019-07-01 to 2019-09-01,6.666666666666667,83.0,0.4683333333333333,10.0,0.37233333333333335,10.0,0.5146666666666669,10.0,0.0046666666666666705,10.0,0.0,10.0,0.013666666666666676,10.0,0.41666666666666724,10.0,0.0,10.0,1.1663333333333334,10.0,12.796666666666662,10.0,12048.333333333334,10.0,10905.0,10.0,13008.333333333334,10.0,18.866666666666664,10.0,11.733333333333336,10.0,25.73333333333333,10.0,,255.0,,255.0,,255.0
130355A,Dee River at Kenbula,2019-10-01,2019-08-01 to 2019-10-01,34.0,83.0,0.45799999999999996,10.0,0.3336666666666667,10.0,0.6146666666666669,10.0,0.011333333333333336,10.0,0.0,10.0,0.445,10.0,0.9906666666666674,10.0,0.0,10.0,38.419333333333334,10.0,30.59,10.0,11793.333333333334,10.0,9311.666666666666,10.0,13972.666666666666,10.0,21.466666666666665,10.0,13.400000000000004,10.0,29.066666666666666,10.0,,255.0,,255.0,,255.0
130355A,Dee River at Kenbula,2019-11-01,2019-09-01 to 2019-11-01,37.666666666666664,83.0,0.47700000000000004,13.333333333333334,0.35700000000000004,13.333333333333334,0.6350000000000003,13.333333333333334,0.012333333333333337,13.333333333333334,0.0,13.333333333333334,0.45166666666666666,13.333333333333334,1.0750000000000006,13.333333333333334,0.0,13.333333333333334,38.99533333333333,13.333333333333334,33.11666666666667,13.333333333333334,11018.333333333334,10.0,8221.333333333334,10.0,13673.666666666666,10.0,24.900000000000002,10.0,16.500000000000004,10.0,32.166666666666664,10.0,,255.0,,255.0,,255.0
130355A,Dee River at Kenbula,2019-12-01,2019-10-01 to 2019-12-01,44.666666666666664,83.0,0.4673333333333333,16.666666666666668,0.34600000000000003,16.666666666666668,0.6543333333333335,16.666666666666668,0.018000000000000006,16.666666666666668,0.0,16.666666666666668,0.47533333333333333,16.666666666666668,1.568666666666667,16.666666666666668,0.0,16.666666666666668,41.05433333333333,16.666666666666668,48.53333333333333,16.666666666666668,10652.333333333334,10.0,7904.666666666667,10.0,13434.666666666666,10.0,27.599999999999998,10.0,20.233333333333338,10.0,33.699999999999996,10.0,,255.0,,255.0,,255.0
130355A,Dee River at Kenbula,2020-01-01,2019-11-01 to 2020-01-01,27.333333333333332,83.0,0.47833333333333333,20.0,0.36933333333333335,20.0,0.5663333333333336,20.0,0.012666666666666672,20.0,0.0,20.0,0.056666666666666664,20.0,1.1130000000000007,20.0,0.0,20.0,4.896,20.0,34.40666666666666,20.0,11794.333333333334,10.0,10838.0,10.0,13016.666666666666,10.0,29.03333333333333,10.0,23.000000000000004,10.0,33.56666666666666,10.0,,255.0,,255.0,,255.0
130355A,Dee River at Kenbula,2020-02-01,2019-12-01 to 2020-02-01,75.66666666666667,83.0,0.5099999999999999,20.0,0.38833333333333336,20.0,0.7006666666666669,20.0,0.04866666666666667,20.0,0.0,20.0,0.8953333333333333,20.0,4.234000000000001,20.0,0.0,20.0,77.35666666666667,20.0,124.83666666666666,20.0,11219.0,10.0,8702.333333333334,10.0,13620.0,10.0,29.899999999999995,10.0,25.200000000000003,10.0,33.93333333333333,10.0,,255.0,,255.0,,255.0
130355A,Dee River at Kenbula,2020-03-01,2020-01-01 to 2020-03-01,110.33333333333333,83.0,0.5529999999999999,20.0,0.466,20.0,0.8320000000000003,20.0,0.08066666666666668,20.0,0.004000000000000003,20.0,2.0276666666666667,20.0,6.987333333333335,20.0,0.34566666666666634,20.0,175.19033333333334,20.0,210.1933333333333,20.0,8128.0,10.0,5287.0,10.0,10724.333333333334,10.0,29.3,10.0,25.46666666666667,10.0,33.166666666666664,10.0,,255.0,,255.0,,255.0
130355A,Dee River at Kenbula,2020-04-01,2020-02-01 to 2020-04-01,98.0,83.0,0.5483333333333333,20.0,0.4853333333333334,20.0,0.8150000000000003,20.0,0.07733333333333334,20.0,0.004000000000000003,20.0,2.012,20.0,6.692666666666668,20.0,0.34566666666666634,20.0,173.8366666666667,20.0,200.9366666666667,20.0,5145.333333333333,10.0,2268.3333333333335,10.0,7795.666666666667,10.0,27.666666666666668,10.0,24.133333333333336,10.0,31.566666666666666,10.0,,255.0,,255.0,,255.0
130355A,Dee River at Kenbula,2020-05-01,2020-03-01 to 2020-05-01,53.666666666666664,83.0,0.5226666666666667,20.0,0.48433333333333334,20.0,0.6880000000000003,20.0,0.042,20.0,0.004000000000000003,20.0,1.1803333333333332,20.0,3.617666666666667,20.0,0.34566666666666634,20.0,101.98066666666666,20.0,112.02333333333335,20.0,4183.666666666667,10.0,3131.6666666666665,10.0,5237.0,10.0,23.766666666666666,10.0,19.83333333333334,10.0,28.133333333333336,10.0,,255.0,,255.0,,255.0
130355A,Dee River at Kenbula,2020-06-01,2020-04-01 to 2020-06-01,13.333333333333334,83.0,0.494,16.666666666666668,0.4693333333333334,16.666666666666668,0.532666666666667,16.666666666666668,0.004,16.666666666666668,0.0,16.666666666666668,0.021666666666666667,16.666666666666668,0.3253333333333339,16.666666666666668,0.0,16.666666666666668,1.8576666666666666,16.666666666666668,9.886666666666667,16.666666666666668,4791.0,10.0,4238.666666666667,10.0,5353.333333333333,10.0,20.333333333333332,10.0,15.633333333333335,10.0,24.866666666666664,10.0,,255.0,,255.0,,255.0
130355A,Dee River at Kenbula,2020-07-01,2020-05-01 to 2020-07-01,17.333333333333332,83.0,0.49033333333333334,13.333333333333334,0.465,13.333333333333334,0.5343333333333337,13.333333333333334,0.0033333333333333335,13.333333333333334,0.0,13.333333333333334,0.02266666666666667,13.333333333333334,0.2710000000000006,13.333333333333334,0.0,13.333333333333334,1.9296666666666666,13.333333333333334,8.333333333333334,13.333333333333334,5302.666666666667,10.0,4882.0,10.0,5720.333333333333,10.0,17.2,10.0,12.100000000000003,10.0,21.833333333333332,10.0,,255.0,,255.0,,255.0
130355A,Dee River at Kenbula,2020-08-01,2020-06-01 to 2020-08-01,15.666666666666666,83.0,0.4963333333333333,10.0,0.4756666666666667,10.0,0.5350000000000004,10.0,0.004,10.0,0.0,10.0,0.02333333333333333,10.0,0.3440000000000006,10.0,0.0,10.0,1.9873333333333332,10.0,10.593333333333334,10.0,5511.333333333333,10.0,5182.666666666667,10.0,5892.0,10.0,16.666666666666668,10.0,12.166666666666671,10.0,20.46666666666667,10.0,,255.0,,255.0,,255.0
130355A,Dee River at Kenbula,2020-09-01,2020-07-01 to 2020-09-01,16.0,83.0,0.5076666666666667,10.0,0.47800000000000004,10.0,0.541666666666667,10.0,0.008333333333333333,10.0,0.0,10.0,0.02733333333333333,10.0,0.7400000000000007,10.0,0.0,10.0,2.3473333333333333,10.0,22.47666666666667,10.0,7047.0,10.0,5781.333333333333,10.0,8332.666666666666,10.0,18.266666666666666,10.0,13.700000000000003,10.0,22.366666666666664,10.0,,255.0,,255.0,,255.0
130355A,Dee River at Kenbula,2020-10-01,2020-08-01 to 2020-10-01,29.666666666666668,83.0,0.5053333333333333,10.0,0.4483333333333333,10.0,0.564666666666667,10.0,0.010333333333333333,10.0,0.0,10.0,0.05466666666666666,10.0,0.8886666666666673,10.0,0.0,10.0,4.723333333333334,10.0,27.076666666666668,10.0,9612.0,10.0,8225.333333333334,10.0,11119.333333333334,10.0,21.266666666666666,10.0,16.8,10.0,25.766666666666666,10.0,,255.0,,255.0,,255.0
130355A,Dee River at Kenbula,2020-11-01,2020-09-01 to 2020-11-01,23.333333333333332,58.666666666666664,0.49033333333333334,10.0,0.4023333333333334,10.0,0.555666666666667,10.0,0.009,10.0,0.0,10.0,0.04633333333333333,10.0,0.7776666666666673,10.0,0.0,10.0,4.003333333333333,10.0,23.543333333333333,10.0,11644.0,10.0,9510.0,10.0,13362.333333333334,10.0,24.400000000000002,10.0,20.233333333333334,10.0,28.633333333333336,10.0,2.7,173.33333333333334,2.5,173.33333333333334,3.0,173.33333333333334
130355A,Dee River at Kenbula,2020-12-01,2020-10-01 to 2020-12-01,50.666666666666664,34.333333333333336,0.451,10.0,0.31400000000000006,10.0,0.5820000000000003,10.0,0.007333333333333333,10.0,0.0,10.0,0.08733333333333333,10.0,0.6326666666666673,10.0,0.0,10.0,7.531333333333333,10.0,19.51666666666667,10.0,12956.666666666666,10.0,11388.666666666666,10.0,14210.666666666666,10.0,26.2,10.0,22.400000000000002,10.0,29.46666666666667,10.0,2.7499999999999987,91.66666666666667,2.55,91.66666666666667,3.0,91.66666666666667
130355A,Dee River at Kenbula,2021-01-01,2020-11-01 to 2021-01-01,35.333333333333336,10.0,0.457,10.0,0.339,10.0,0.562666666666667,10.0,0.006666666666666665,10.0,0.0,10.0,0.062333333333333324,10.0,0.5776666666666673,10.0,0.0,10.0,5.356999999999999,10.0,17.816666666666666,10.0,12625.333333333334,10.0,10636.333333333334,10.0,13967.666666666666,10.0,27.233333333333334,10.0,23.933333333333337,10.0,29.5,10.0,2.833333333333332,10.0,2.6666666666666665,10.0,3.0666666666666664,10.0
130355A,Dee River at Kenbula,2021-02-01,2020-12-01 to 2021-02-01,48.0,10.0,0.434,13.333333333333334,0.3253333333333334,13.333333333333334,0.5510000000000003,13.333333333333334,0.005666666666666667,13.333333333333334,0.0,13.333333333333334,0.057333333333333326,13.333333333333334,0.49133333333333384,13.333333333333334,0.0,13.333333333333334,4.925,13.333333333333334,15.213333333333333,13.333333333333334,13290.666666666666,10.0,11783.333333333334,10.0,14478.666666666666,10.0,27.53333333333333,10.0,24.16666666666667,10.0,29.799999999999997,10.0,2.899999999999999,10.0,2.6999999999999997,10.0,3.2999999999999994,10.0
130355A,Dee River at Kenbula,2021-03-01,2021-01-01 to 2021-03-01,39.666666666666664,10.0,0.4543333333333333,16.666666666666668,0.39200000000000007,16.666666666666668,0.515666666666667,16.666666666666668,0.0023333333333333335,16.666666666666668,0.0,16.666666666666668,0.011000000000000001,16.666666666666668,0.1920000000000006,16.666666666666668,0.0,16.666666666666668,0.9359999999999999,16.666666666666668,5.933333333333334,16.666666666666668,13261.666666666666,10.0,11887.666666666666,10.0,14119.666666666666,10.0,27.733333333333334,10.0,24.433333333333337,10.0,29.799999999999997,10.0,2.9999999999999987,10.0,2.766666666666667,10.0,3.5666666666666664,10.0
130355A,Dee River at Kenbula,2021-04-01,2021-02-01 to 2021-04-01,44.0,10.0,0.4283333333333333,20.0,0.3626666666666667,20.0,0.4933333333333336,20.0,0.0003333333333333333,20.0,0.0,20.0,0.0036666666666666666,20.0,0.030000000000000592,20.0,0.0,20.0,0.31666666666666665,20.0,0.91,20.0,13853.0,10.0,12769.333333333334,10.0,14544.0,10.0,26.166666666666668,10.0,22.566666666666674,10.0,28.700000000000003,10.0,3.066666666666666,10.0,2.766666666666667,10.0,3.733333333333333,10.0
130355A,Dee River at Kenbula,2021-05-01,2021-03-01 to 2021-05-01,31.333333333333332,10.0,0.38799999999999996,20.0,0.32200000000000006,20.0,0.452666666666667,20.0,0.0003333333333333333,20.0,0.0,20.0,0.0026666666666666666,20.0,0.02400000000000059,20.0,0.0,20.0,0.2303333333333333,20.0,0.7433333333333333,20.0,14289.666666666666,10.0,13212.0,10.0,14990.333333333334,10.0,22.933333333333334,10.0,18.600000000000005,10.0,26.100000000000005,10.0,3.1333333333333324,10.0,2.766666666666667,10.0,3.9666666666666663,10.0
130355A,Dee River at Kenbula,2021-06-01,2021-04-01 to 2021-06-01,22.333333333333332,10.0,0.294,20.0,0.22800000000000006,20.0,0.35966666666666697,20.0,0.0,20.0,0.0,20.0,0.0,20.0,0.0,20.0,0.0,20.0,0.0,20.0,0.0,20.0,14719.666666666666,10.0,12890.333333333334,10.0,15945.333333333334,10.0,18.966666666666665,16.666666666666668,13.866666666666669,16.666666666666668,22.833333333333332,16.666666666666668,3.1499999999999986,60.0,2.75,60.0,4.049999999999999,60.0
130355A,Dee River at Kenbula,2021-07-01,2021-05-01 to 2021-07-01,26.0,10.0,0.3056666666666667,20.0,0.18300000000000005,20.0,0.3693333333333337,20.0,0.0003333333333333333,20.0,0.0,20.0,0.0013333333333333333,20.0,0.017666666666667257,20.0,0.0,20.0,0.10066666666666667,20.0,0.5466666666666666,20.0,14120.0,56.666666666666664,12288.333333333334,56.666666666666664,15651.333333333334,56.666666666666664,17.466666666666665,23.333333333333332,11.600000000000003,23.333333333333332,21.266666666666666,23.333333333333332,3.1,140.0,2.6,140.0,4.4,140.0
130355A,Dee River at Kenbula,2021-08-01,2021-06-01 to 2021-08-01,32.0,10.0,0.3526666666666667,20.0,0.2356666666666667,20.0,0.3993333333333336,20.0,0.0003333333333333333,20.0,0.0,20.0,0.0013333333333333333,20.0,0.017666666666667257,20.0,0.0,20.0,0.10066666666666667,20.0,0.5466666666666666,20.0,13218.333333333334,103.33333333333333,11347.333333333334,103.33333333333333,15169.0,103.33333333333333,17.833333333333332,23.333333333333332,11.700000000000003,23.333333333333332,21.866666666666664,23.333333333333332,3.3,186.66666666666666,3.2,186.66666666666666,3.3,186.66666666666666
130355A,Dee River at Kenbula,2021-09-01,2021-07-01 to 2021-09-01,20.666666666666668,10.0,0.3806666666666667,20.0,0.2526666666666667,20.0,0.43833333333333363,20.0,0.0003333333333333333,20.0,0.0,20.0,0.0013333333333333333,20.0,0.017666666666667257,20.0,0.0,20.0,0.10066666666666667,20.0,0.5466666666666666,20.0,13860.666666666666,150.0,12171.333333333334,150.0,16002.333333333334,150.0,19.166666666666664,16.666666666666668,12.900000000000004,16.666666666666668,23.866666666666664,16.666666666666668,3.2499999999999987,183.33333333333334,3.1500000000000004,183.33333333333334,3.3499999999999988,183.33333333333334
130355A,Dee River at Kenbula,2021-10-01,2021-08-01 to 2021-10-01,44.666666666666664,10.0,0.331,20.0,0.2246666666666667,20.0,0.5836666666666669,20.0,0.01,20.0,0.0,20.0,0.8306666666666667,20.0,0.8536666666666672,20.0,0.0,20.0,71.75533333333333,20.0,26.46666666666667,20.0,14663.5,166.66666666666666,12746.5,166.66666666666666,17056.0,166.66666666666666,19.549999999999997,73.33333333333333,13.050000000000004,73.33333333333333,25.1,73.33333333333333,3.2499999999999987,166.66666666666666,3.1500000000000004,166.66666666666666,3.3499999999999988,166.66666666666666
130355A,Dee River at Kenbula,2021-11-01,2021-09-01 to 2021-11-01,116.0,10.0,0.37766666666666665,16.666666666666668,0.28200000000000003,16.666666666666668,0.7546666666666669,16.666666666666668,0.03966666666666666,20.0,0.0023333333333333357,20.0,1.9336666666666666,20.0,3.4220000000000006,20.0,0.18733333333333305,20.0,167.05466666666666,20.0,103.51666666666667,20.0,11041.0,166.66666666666666,8292.0,166.66666666666666,13266.5,166.66666666666666,23.599999999999998,73.33333333333333,18.100000000000005,73.33333333333333,28.0,73.33333333333333,3.1499999999999986,166.66666666666666,2.9000000000000004,166.66666666666666,3.499999999999999,166.66666666666666
130355A,Dee River at Kenbula,2021-12-01,2021-10-01 to 2021-12-01,155.66666666666666,10.0,0.4873333333333334,13.333333333333334,0.393,13.333333333333334,0.9600000000000003,13.333333333333334,0.107,20.0,0.006333333333333336,20.0,2.9586666666666672,20.0,9.237333333333334,20.0,0.5186666666666664,20.0,255.6003333333333,20.0,283.79,20.0,4042.5,166.66666666666666,1983.0,166.66666666666666,5990.0,166.66666666666666,27.75,73.33333333333333,23.650000000000006,73.33333333333333,31.950000000000003,73.33333333333333,3.1999999999999984,166.66666666666666,2.8,166.66666666666666,3.8499999999999988,166.66666666666666
130355A,Dee River at Kenbula,2022-01-01,2021-11-01 to 2022-01-01,120.33333333333333,10.0,0.544,10.0,0.48200000000000004,10.0,0.8216666666666669,10.0,0.09800000000000002,16.666666666666668,0.006333333333333336,16.666666666666668,2.132,16.666666666666668,8.474000000000002,16.666666666666668,0.5186666666666664,16.666666666666668,184.17633333333333,16.666666666666668,260.12666666666667,16.666666666666668,4286.0,150.0,2729.6666666666665,150.0,5787.666666666667,150.0,28.03333333333333,10.0,24.333333333333332,10.0,31.666666666666668,10.0,3.1666666666666656,150.0,2.8333333333333335,150.0,3.6666666666666656,150.0
130355A,Dee River at Kenbula,2022-02-01,2021-12-01 to 2022-02-01,61.0,10.0,0.514,10.0,0.44700000000000006,10.0,0.7093333333333337,10.0,0.07,13.333333333333334,0.004000000000000003,13.333333333333334,1.0973333333333335,13.333333333333334,6.060333333333335,13.333333333333334,0.33133333333333304,13.333333333333334,94.781,13.333333333333334,187.41,13.333333333333334,3699.0,153.33333333333334,2825.0,153.33333333333334,5074.0,153.33333333333334,28.266666666666666,10.0,25.3,10.0,31.666666666666668,10.0,3.166666666666666,110.0,2.8666666666666667,110.0,3.5333333333333328,110.0
130355A,Dee River at Kenbula,2022-03-01,2022-01-01 to 2022-03-01,88.33333333333333,10.0,0.48299999999999993,10.0,0.391,10.0,0.8020000000000002,10.0,0.044333333333333336,13.333333333333334,0.0,13.333333333333334,4.794666666666667,13.333333333333334,3.858333333333333,13.333333333333334,0.0,13.333333333333334,414.24500000000006,13.333333333333334,119.14666666666663,13.333333333333334,4773.0,156.66666666666666,4223.0,156.66666666666666,5383.0,156.66666666666666,27.53333333333333,10.0,24.53333333333333,10.0,30.63333333333333,10.0,3.066666666666666,70.0,2.7999999999999994,70.0,3.1999999999999993,70.0
130355A,Dee River at Kenbula,2022-04-01,2022-02-01 to 2022-04-01,95.33333333333333,10.0,0.48333333333333334,10.0,0.4063333333333334,10.0,0.7983333333333337,10.0,0.043666666666666666,13.333333333333334,0.0,13.333333333333334,4.793,13.333333333333334,3.786333333333333,13.333333333333334,0.0,13.333333333333334,414.10100000000006,13.333333333333334,116.88999999999994,13.333333333333334,4484.0,110.0,3813.0,110.0,4964.0,110.0,25.599999999999998,10.0,22.76666666666667,10.0,28.433333333333334,10.0,2.9999999999999987,23.333333333333332,2.766666666666667,23.333333333333332,3.0999999999999996,23.333333333333332
130355A,Dee River at Kenbula,2022-05-01,2022-03-01 to 2022-05-01,131.33333333333334,10.0,0.5123333333333333,10.0,0.4303333333333334,10.0,0.8616666666666669,10.0,0.07333333333333333,13.333333333333334,0.0,13.333333333333334,5.147666666666667,13.333333333333334,6.330666666666666,13.333333333333334,0.0,13.333333333333334,444.7443333333334,13.333333333333334,196.22999999999993,13.333333333333334,4896.5,60.0,2824.5,60.0,6594.0,60.0,23.63333333333333,10.0,20.1,10.0,26.53333333333333,10.0,2.899999999999999,16.666666666666668,2.6333333333333333,16.666666666666668,3.166666666666666,16.666666666666668
130355A,Dee River at Kenbula,2022-06-01,2022-04-01 to 2022-06-01,63.666666666666664,10.0,0.5143333333333333,10.0,0.48200000000000004,10.0,0.6243333333333335,10.0,0.034666666666666665,10.0,0.002000000000000002,10.0,0.4316666666666666,10.0,2.9706666666666663,10.0,0.15833333333333302,10.0,37.267333333333404,10.0,91.82333333333328,10.0,5760.0,10.0,3952.0,10.0,7143.0,10.0,20.733333333333334,10.0,17.86666666666667,10.0,23.233333333333334,10.0,2.7999999999999994,10.0,2.533333333333333,10.0,3.0666666666666664,10.0
130355A,Dee River at Kenbula,2022-07-01,2022-05-01 to 2022-07-01,95.0,10.0,0.5496666666666666,10.0,0.49666666666666676,10.0,0.7080000000000002,10.0,0.07166666666666667,10.0,0.004000000000000003,10.0,0.6859999999999999,10.0,6.187333333333332,10.0,0.3166666666666664,10.0,59.25600000000008,10.0,191.56333333333328,10.0,5087.333333333333,10.0,3071.3333333333335,10.0,8028.666666666667,10.0,18.066666666666666,10.0,14.333333333333336,10.0,21.933333333333334,10.0,3.0333333333333328,13.333333333333334,2.5,13.333333333333334,3.4333333333333322,13.333333333333334
130355A,Dee River at Kenbula,2022-08-01,2022-06-01 to 2022-08-01,46.333333333333336,10.0,0.5433333333333333,10.0,0.5103333333333334,10.0,0.6160000000000002,10.0,0.04633333333333333,10.0,0.007333333333333335,10.0,0.276,10.0,4.007000000000001,10.0,0.6046666666666664,10.0,23.83200000000008,10.0,123.96999999999997,10.0,4261.666666666667,10.0,3200.3333333333335,10.0,6421.333333333333,10.0,15.799999999999999,10.0,11.466666666666669,10.0,20.23333333333333,10.0,3.1999999999999993,16.666666666666668,2.733333333333333,16.666666666666668,3.4666666666666663,16.666666666666668
130355A,Dee River at Kenbula,2022-09-01,2022-07-01 to 2022-09-01,57.0,10.0,0.543,10.0,0.5066666666666667,10.0,0.6190000000000002,10.0,0.04633333333333333,10.0,0.006333333333333337,10.0,0.2783333333333333,10.0,3.999,10.0,0.518333333333333,10.0,24.033666666666743,10.0,123.72999999999996,10.0,3476.3333333333335,10.0,2247.6666666666665,10.0,5708.0,10.0,16.333333333333332,10.0,11.233333333333336,10.0,20.266666666666666,10.0,3.366666666666666,20.0,2.9,20.0,3.666666666666666,20.0
130355A,Dee River at Kenbula,2022-10-01,2022-08-01 to 2022-10-01,50.333333333333336,10.0,0.5226666666666667,10.0,0.5013333333333333,10.0,0.5786666666666669,10.0,0.015666666666666666,10.0,0.005000000000000002,10.0,0.08800000000000001,10.0,1.3259999999999998,10.0,0.40333333333333304,10.0,7.589000000000076,10.0,40.86666666666663,10.0,4426.0,10.0,2956.6666666666665,10.0,5375.0,10.0,18.900000000000002,10.0,14.166666666666671,10.0,23.299999999999997,10.0,3.1999999999999993,20.0,2.9333333333333336,20.0,3.4333333333333322,20.0
130355A,Dee River at Kenbula,2022-11-01,2022-09-01 to 2022-11-01,119.0,10.0,0.5196666666666666,10.0,0.48833333333333334,10.0,0.7813333333333335,10.0,0.06333333333333334,13.333333333333334,0.001666666666666669,13.333333333333334,3.2693333333333334,13.333333333333334,5.433666666666666,13.333333333333334,0.11533333333333302,13.333333333333334,282.4560000000001,13.333333333333334,163.5733333333333,13.333333333333334,4879.333333333333,10.0,2817.0,10.0,5896.0,10.0,21.53333333333333,10.0,17.133333333333336,10.0,26.03333333333333,10.0,3.1666666666666656,20.0,2.9,20.0,3.4666666666666663,20.0
130355A,Dee River at Kenbula,2022-12-01,2022-10-01 to 2022-12-01,116.33333333333333,10.0,0.5393333333333333,13.333333333333334,0.49400000000000005,13.333333333333334,0.887666666666667,13.333333333333334,0.104,16.666666666666668,0.0033333333333333357,16.666666666666668,3.779666666666667,16.666666666666668,8.971,16.666666666666668,0.27366666666666634,16.666666666666668,326.56333333333345,16.666666666666668,273.46999999999997,16.666666666666668,4023.3333333333335,56.666666666666664,2216.6666666666665,56.666666666666664,5004.0,56.666666666666664,23.399999999999995,10.0,19.233333333333338,10.0,28.73333333333333,10.0,3.1999999999999993,23.333333333333332,2.8333333333333335,23.333333333333332,3.633333333333333,23.333333333333332
130355A,Dee River at Kenbula,2023-01-01,2022-11-01 to 2023-01-01,115.0,10.0,0.5436666666666666,16.666666666666668,0.4996666666666667,16.666666666666668,0.8706666666666668,16.666666666666668,0.10600000000000002,20.0,0.004666666666666669,20.0,3.7413333333333334,20.0,9.167,20.0,0.40299999999999975,20.0,323.25133333333343,20.0,279.53999999999996,20.0,3530.6666666666665,56.666666666666664,2211.0,56.666666666666664,4275.666666666667,56.666666666666664,24.2,10.0,20.33333333333334,10.0,27.566666666666663,10.0,3.1666666666666656,26.666666666666668,2.766666666666667,26.666666666666668,3.733333333333333,26.666666666666668
130355A,Dee River at Kenbula,2023-02-01,2022-12-01 to 2023-02-01,46.333333333333336,10.0,0.541,20.0,0.5046666666666667,20.0,0.6716666666666669,20.0,0.056,20.0,0.005333333333333336,20.0,0.564,20.0,4.855333333333333,20.0,0.46066666666666634,20.0,48.72966666666674,20.0,149.5633333333333,20.0,3717.6666666666665,56.666666666666664,3057.3333333333335,56.666666666666664,4314.333333333333,56.666666666666664,25.23333333333333,10.0,22.26666666666667,10.0,27.766666666666666,10.0,3.1666666666666656,30.0,2.6666666666666665,30.0,3.9666666666666663,30.0
130355A,Dee River at Kenbula,2023-03-01,2023-01-01 to 2023-03-01,68.33333333333333,10.0,0.5363333333333333,20.0,0.4973333333333334,20.0,0.6463333333333336,20.0,0.03733333333333333,20.0,0.0033333333333333357,20.0,0.3526666666666667,20.0,3.2399999999999998,20.0,0.27366666666666634,20.0,30.47033333333341,20.0,99.4933333333333,20.0,4285.333333333333,10.0,3347.6666666666665,10.0,4871.666666666667,10.0,25.5,10.0,23.033333333333335,10.0,28.63333333333333,10.0,3.0999999999999983,73.33333333333333,2.65,73.33333333333333,3.999999999999999,73.33333333333333
130355A,Dee River at Kenbula,2023-04-01,2023-02-01 to 2023-04-01,55.0,10.0,0.5406666666666667,20.0,0.504,20.0,0.675666666666667,20.0,0.043000000000000003,20.0,0.006666666666666669,20.0,0.4323333333333334,20.0,3.7063333333333333,20.0,0.547333333333333,20.0,37.33900000000008,20.0,112.72999999999995,20.0,4398.666666666667,10.0,3267.0,10.0,5197.666666666667,10.0,24.266666666666666,10.0,21.633333333333336,10.0,28.466666666666665,10.0,3.1499999999999986,70.0,2.85,70.0,3.9499999999999993,70.0
130355A,Dee River at Kenbula,2023-05-01,2023-03-01 to 2023-05-01,57.666666666666664,10.0,0.5443333333333333,20.0,0.5100000000000001,20.0,0.6713333333333337,20.0,0.04433333333333333,20.0,0.008333333333333337,20.0,0.4276666666666667,20.0,3.8106666666666666,20.0,0.691333333333333,20.0,36.93600000000008,20.0,116.90999999999995,20.0,5076.666666666667,10.0,3624.3333333333335,10.0,5907.0,10.0,21.63333333333333,10.0,18.466666666666672,10.0,26.333333333333332,10.0,3.1,66.66666666666667,2.95,66.66666666666667,3.499999999999999,66.66666666666667
130355A,Dee River at Kenbula,2023-06-01,2023-04-01 to 2023-06-01,29.0,10.0,0.5273333333333333,20.0,0.5113333333333334,20.0,0.582666666666667,20.0,0.021333333333333333,20.0,0.00866666666666667,20.0,0.12366666666666666,20.0,1.8186666666666664,20.0,0.7199999999999998,20.0,10.67033333333341,20.0,54.97666666666663,20.0,5824.666666666667,20.0,4871.333333333333,20.0,6511.0,20.0,18.599999999999998,10.0,15.66666666666667,10.0,21.53333333333333,10.0,3.133333333333333,20.0,2.966666666666667,20.0,3.4333333333333322,20.0
130355A,Dee River at Kenbula,2023-07-01,2023-05-01 to 2023-07-01,35.0,10.0,0.523,20.0,0.5,20.0,0.582666666666667,20.0,0.016666666666666666,20.0,0.004000000000000003,20.0,0.12366666666666666,20.0,1.4423333333333332,20.0,0.33133333333333304,20.0,10.670333333333408,20.0,44.53666666666663,20.0,6075.0,30.0,5010.333333333333,30.0,6805.666666666667,30.0,16.933333333333334,10.0,14.600000000000003,10.0,19.966666666666665,10.0,3.2666666666666657,20.0,2.8666666666666667,20.0,3.5333333333333328,20.0
130355A,Dee River at Kenbula,2023-08-01,2023-06-01 to 2023-08-01,38.333333333333336,10.0,0.5173333333333333,20.0,0.49266666666666675,20.0,0.5993333333333336,20.0,0.014333333333333335,20.0,0.0023333333333333357,20.0,0.14866666666666667,20.0,1.2526666666666666,20.0,0.1729999999999997,20.0,12.830333333333408,20.0,38.65666666666663,20.0,5719.0,80.0,4808.0,80.0,6604.0,80.0,16.13333333333333,10.0,14.400000000000004,10.0,19.166666666666664,10.0,3.4333333333333322,20.0,2.966666666666667,20.0,3.6999999999999993,20.0
130355A,Dee River at Kenbula,2023-09-01,2023-07-01 to 2023-09-01,36.0,10.0,0.5083333333333333,20.0,0.4693333333333334,20.0,0.612666666666667,20.0,0.013333333333333336,20.0,0.0013333333333333357,20.0,0.15933333333333333,20.0,1.159,20.0,0.10099999999999972,20.0,13.752000000000075,20.0,35.84666666666663,20.0,4928.0,120.0,3456.0,120.0,6299.0,120.0,16.599999999999998,20.0,14.600000000000003,20.0,19.933333333333334,20.0,3.4999999999999987,23.333333333333332,3.033333333333333,23.333333333333332,3.8333333333333326,23.333333333333332
130355A,Dee River at Kenbula,2023-10-01,2023-08-01 to 2023-10-01,12.0,10.0,0.43966666666666665,20.0,0.37633333333333335,20.0,0.5290000000000002,20.0,0.0036666666666666666,20.0,0.000666666666666669,20.0,0.051666666666666666,20.0,0.311,20.0,0.043333333333333036,20.0,4.464000000000076,20.0,9.556666666666628,20.0,6503.0,120.0,5911.0,120.0,7375.0,120.0,17.899999999999995,30.0,15.066666666666672,30.0,20.999999999999996,30.0,3.4999999999999987,26.666666666666668,3.2,26.666666666666668,3.7999999999999994,26.666666666666668
130355A,Dee River at Kenbula,2023-11-01,2023-09-01 to 2023-11-01,25.333333333333332,10.0,0.33199999999999996,20.0,0.2616666666666667,20.0,0.46000000000000035,20.0,0.001,20.0,0.0,20.0,0.014333333333333332,20.0,0.08166666666666667,20.0,0.0,20.0,1.238333333333409,20.0,2.4466666666666286,20.0,7392.5,80.0,3980.0,80.0,9499.5,80.0,20.4,40.0,16.800000000000004,40.0,23.833333333333332,40.0,3.4333333333333322,30.0,3.0666666666666664,30.0,3.7999999999999994,30.0
130355A,Dee River at Kenbula,2023-12-01,2023-10-01 to 2023-12-01,114.66666666666667,10.0,0.35566666666666663,20.0,0.25200000000000006,20.0,0.6306666666666669,20.0,0.049999999999999996,20.0,0.0,20.0,1.953,20.0,4.328333333333333,20.0,0.0,20.0,168.7393333333334,20.0,134.17666666666662,20.0,7392.5,110.0,3980.0,110.0,9499.5,110.0,21.65,110.0,17.550000000000004,110.0,25.85,110.0,3.366666666666666,30.0,2.9000000000000004,30.0,3.7999999999999994,30.0
130355A,Dee River at Kenbula,2024-01-01,2023-11-01 to 2024-01-01,142.66666666666666,10.0,0.45199999999999996,20.0,0.34466666666666673,20.0,0.8593333333333337,20.0,0.169,20.0,0.000666666666666669,20.0,4.391,20.0,14.609,20.0,0.057666666666666366,20.0,379.3680000000001,20.0,452.8766666666666,20.0,4893.5,146.66666666666666,1297.0,146.66666666666666,7046.0,146.66666666666666,26.75,100.0,21.850000000000005,100.0,31.849999999999998,100.0,3.4999999999999987,26.666666666666668,3.0,26.666666666666668,4.199999999999999,26.666666666666668
130355A,Dee River at Kenbula,2024-02-01,2023-12-01 to 2024-02-01,130.66666666666666,10.0,0.5713333333333334,20.0,0.45966666666666667,20.0,0.980666666666667,20.0,0.18866666666666668,20.0,0.0013333333333333357,20.0,4.647666666666667,20.0,16.302333333333333,20.0,0.1009999999999997,20.0,401.5440000000001,20.0,501.9833333333333,20.0,1460.0,183.33333333333334,644.0,183.33333333333334,2299.5,183.33333333333334,29.799999999999997,90.0,25.000000000000007,90.0,36.05,90.0,3.833333333333332,66.66666666666667,3.266666666666667,66.66666666666667,4.833333333333333,66.66666666666667
130355A,Dee River at Kenbula,2024-03-01,2024-01-01 to 2024-03-01,48.333333333333336,10.0,0.5519999999999999,16.666666666666668,0.48600000000000004,16.666666666666668,0.7993333333333337,16.666666666666668,0.13966666666666666,16.666666666666668,0.0013333333333333357,16.666666666666668,2.699666666666667,16.666666666666668,12.056333333333333,16.666666666666668,0.1009999999999997,16.666666666666668,233.2366666666667,16.666666666666668,370.3533333333333,16.666666666666668,1883.3333333333333,103.33333333333333,1119.3333333333333,103.33333333333333,2690.6666666666665,103.33333333333333,28.900000000000002,10.0,24.36666666666667,10.0,35.13333333333333,10.0,4.033333333333332,106.66666666666667,3.5666666666666664,106.66666666666667,4.933333333333333,106.66666666666667
130355A,Dee River at Kenbula,2024-04-01,2024-02-01 to 2024-04-01,54.666666666666664,10.0,0.5283333333333333,13.333333333333334,0.488,13.333333333333334,0.638666666666667,13.333333333333334,0.034,13.333333333333334,0.002000000000000002,13.333333333333334,0.319,13.333333333333334,2.9333333333333336,13.333333333333334,0.1439999999999997,13.333333333333334,27.547333333333412,13.333333333333334,86.38333333333328,13.333333333333334,2440.0,56.666666666666664,1825.0,56.666666666666664,3119.0,56.666666666666664,28.200000000000003,60.0,24.300000000000004,60.0,34.599999999999994,60.0,4.0666666666666655,150.0,3.6333333333333333,150.0,4.699999999999999,150.0
130355A,Dee River at Kenbula,2024-05-01,2024-03-01 to 2024-05-01,44.0,10.0,0.5199999999999999,10.0,0.49333333333333335,10.0,0.5670000000000004,10.0,0.018000000000000002,10.0,0.0033333333333333357,10.0,0.072,10.0,1.5583333333333333,10.0,0.2589999999999997,10.0,6.192000000000076,10.0,47.143333333333295,10.0,3068.0,10.0,2432.0,10.0,3742.3333333333335,10.0,23.75,60.0,18.200000000000006,60.0,29.849999999999994,60.0,3.8999999999999986,153.33333333333334,3.6500000000000004,153.33333333333334,4.149999999999999,153.33333333333334
130355A,Dee River at Kenbula,2024-06-01,2024-04-01 to 2024-06-01,50.666666666666664,10.0,0.5243333333333333,10.0,0.49833333333333335,10.0,0.5873333333333338,10.0,0.019666666666666666,10.0,0.004000000000000003,10.0,0.09500000000000001,10.0,1.7086666666666666,10.0,0.30233333333333307,10.0,8.179333333333409,10.0,51.57666666666663,10.0,3237.0,60.0,2613.0,60.0,3877.0,60.0,17.599999999999998,60.0,10.900000000000006,60.0,24.549999999999997,60.0,4.0,156.66666666666666,3.7,156.66666666666666,4.3,156.66666666666666
130355A,Dee River at Kenbula,2024-07-01,2024-05-01 to 2024-07-01,19.0,10.0,0.5113333333333333,10.0,0.49833333333333335,10.0,0.5556666666666671,10.0,0.008666666666666666,10.0,0.004000000000000003,10.0,0.04433333333333334,10.0,0.7616666666666667,10.0,0.302333333333333,10.0,3.8016666666667427,10.0,23.376666666666626,10.0,3612.0,60.0,2943.5,60.0,4218.5,60.0,16.9,10.0,10.06666666666667,10.0,23.766666666666662,10.0,3.3,113.33333333333333,2.9,113.33333333333333,3.6,113.33333333333333
130355A,Dee River at Kenbula,2024-08-01,2024-06-01 to 2024-08-01,70.0,10.0,0.5496666666666666,10.0,0.49666666666666676,10.0,0.9586666666666671,10.0,0.49766666666666665,13.333333333333334,0.0033333333333333357,13.333333333333334,22.450333333333333,13.333333333333334,43.001666666666665,13.333333333333334,0.259333333333333,13.333333333333334,1939.6946666666665,13.333333333333334,1332.82,13.333333333333334,3065.0,60.0,1742.0,60.0,4458.0,60.0,16.433333333333334,10.0,8.800000000000004,10.0,24.433333333333326,10.0,3.9499999999999984,66.66666666666667,3.0999999999999996,66.66666666666667,4.8999999999999995,66.66666666666667
130355A,Dee River at Kenbula,2024-09-01,2024-07-01 to 2024-09-01,56.333333333333336,10.0,0.5563333333333332,10.0,0.5,10.0,0.9480000000000004,10.0,0.5003333333333333,13.333333333333334,0.004,13.333333333333334,22.435666666666666,13.333333333333334,43.23833333333332,13.333333333333334,0.3166666666666664,13.333333333333334,1938.4273333333333,13.333333333333334,1339.9166666666665,13.333333333333334,2771.0,10.0,1641.6666666666667,10.0,3911.3333333333335,10.0,19.033333333333335,10.0,11.433333333333337,10.0,26.899999999999995,10.0,4.0666666666666655,20.0,3.3666666666666667,20.0,4.8999999999999995,20.0
130355A,Dee River at Kenbula,2024-10-01,2024-08-01 to 2024-10-01,68.0,10.0,0.5553333333333333,10.0,0.498,10.0,0.9513333333333337,10.0,0.5,13.333333333333334,0.0033333333333333357,13.333333333333334,22.438333333333333,13.333333333333334,43.21433333333332,13.333333333333334,0.27366666666666634,13.333333333333334,1938.6576666666667,13.333333333333334,1339.1733333333332,13.333333333333334,2578.3333333333335,10.0,1437.3333333333333,10.0,3719.6666666666665,10.0,22.399999999999995,10.0,14.900000000000006,10.0,30.899999999999995,10.0,4.233333333333332,20.0,3.5666666666666664,20.0,5.333333333333333,20.0
130355A,Dee River at Kenbula,2024-11-01,2024-09-01 to 2024-11-01,20.666666666666668,10.0,0.49999999999999994,10.0,0.47633333333333333,10.0,0.5316666666666671,10.0,0.007333333333333333,10.0,0.002000000000000002,10.0,0.02366666666666667,10.0,0.6609999999999999,10.0,0.15833333333333302,10.0,2.016,10.0,20.009999999999845,10.0,3275.3333333333335,10.0,2650.0,10.0,3809.6666666666665,10.0,25.5,10.0,19.533333333333335,10.0,33.46666666666666,10.0,3.8333333333333326,20.0,3.5666666666666664,20.0,4.533333333333333,20.0
130355A,Dee River at Kenbula,2024-12-01,2024-10-01 to 2024-12-01,43.0,10.0,0.48066666666666663,13.333333333333334,0.44766666666666666,13.333333333333334,0.5266666666666671,13.333333333333334,0.0026666666666666666,13.333333333333334,0.000666666666666669,13.333333333333334,0.018666666666666668,13.333333333333334,0.25033333333333335,13.333333333333334,0.057666666666666366,13.333333333333334,1.5840000000000003,13.333333333333334,7.756666666666515,13.333333333333334,4227.666666666667,10.0,3593.0,10.0,4733.666666666667,10.0,27.666666666666668,10.0,21.86666666666667,10.0,35.9,10.0,3.4999999999999987,20.0,3.266666666666667,20.0,4.1,20.0
130355A,Dee River at Kenbula,2025-01-01,2024-11-01 to 2025-01-01,101.0,10.0,0.5019999999999999,16.666666666666668,0.4376666666666667,16.666666666666668,0.7263333333333337,16.666666666666668,0.051333333333333335,16.666666666666668,0.0,16.666666666666668,2.895,16.666666666666668,4.432666666666667,16.666666666666668,0.0,16.666666666666668,250.09933333333333,16.666666666666668,137.40999999999985,16.666666666666668,4066.6666666666665,10.0,3072.0,10.0,5273.333333333333,10.0,28.766666666666666,10.0,23.000000000000004,10.0,37.46666666666666,10.0,3.299999999999999,20.0,3.1,20.0,3.6999999999999997,20.0
130355A,Dee River at Kenbula,2025-02-01,2024-12-01 to 2025-02-01,133.33333333333334,10.0,0.5409999999999999,20.0,0.4636666666666667,20.0,0.819666666666667,20.0,0.08800000000000001,20.0,0.0030000000000000022,20.0,3.1806666666666668,20.0,7.608666666666667,20.0,0.24466666666666637,20.0,274.781,20.0,226.3266666666665,20.0,3363.0,10.0,2233.3333333333335,10.0,4820.0,10.0,28.53333333333333,10.0,22.533333333333335,10.0,37.599999999999994,10.0,3.2666666666666657,20.0,3.0,20.0,3.5999999999999996,20.0
130355A,Dee River at Kenbula,2025-03-01,2025-01-01 to 2025-03-01,174.0,10.0,0.5626666666666665,20.0,0.48966666666666675,20.0,1.0033333333333336,20.0,0.12366666666666666,20.0,0.0036666666666666688,20.0,5.37,20.0,10.689,20.0,0.30233333333333307,20.0,463.9393333333333,20.0,321.81666666666655,20.0,2750.3333333333335,10.0,1276.3333333333333,10.0,4395.0,10.0,27.73333333333333,10.0,22.000000000000004,10.0,36.4,10.0,3.1999999999999993,20.0,2.966666666666667,20.0,3.5666666666666664,20.0
130355A,Dee River at Kenbula,2025-04-01,2025-02-01 to 2025-04-01,123.0,10.0,0.596,20.0,0.5176666666666667,20.0,1.0613333333333337,20.0,0.381,20.0,0.014000000000000004,20.0,8.943,20.0,32.94466666666667,20.0,1.1806666666666663,20.0,772.6606666666667,20.0,985.1133333333332,20.0,2461.0,10.0,1048.6666666666667,10.0,3505.3333333333335,10.0,25.833333333333332,10.0,19.733333333333338,10.0,33.06666666666666,10.0,3.233333333333332,20.0,2.966666666666667,20.0,3.6999999999999993,20.0
130355A,Dee River at Kenbula,2025-05-01,2025-03-01 to 2025-05-01,100.0,10.0,0.5816666666666667,20.0,0.5213333333333333,20.0,0.9980000000000003,20.0,0.353,20.0,0.01566666666666667,20.0,8.682666666666668,20.0,30.50833333333333,20.0,1.339333333333333,20.0,750.1676666666667,20.0,919.1333333333332,20.0,2923.3333333333335,13.333333333333334,1545.6666666666667,13.333333333333334,3854.0,13.333333333333334,23.2,10.0,16.800000000000004,10.0,29.53333333333333,10.0,3.1999999999999993,26.666666666666668,2.966666666666667,26.666666666666668,3.666666666666666,26.666666666666668
130355A,Dee River at Kenbula,2025-06-01,2025-04-01 to 2025-06-01,42.666666666666664,10.0,0.5826666666666667,16.666666666666668,0.5303333333333334,16.666666666666668,0.8190000000000004,16.666666666666668,0.324,16.666666666666668,0.018666666666666668,16.666666666666668,6.498,16.666666666666668,27.99866666666667,16.666666666666668,1.598333333333333,16.666666666666668,561.4126666666667,16.666666666666668,840.6966666666666,16.666666666666668,3333.6666666666665,16.666666666666668,2274.6666666666665,16.666666666666668,4758.0,16.666666666666668,19.499999999999996,10.0,11.766666666666671,10.0,25.933333333333326,10.0,3.2499999999999987,73.33333333333333,3.0,73.33333333333333,3.749999999999999,73.33333333333333
130355A,Dee River at Kenbula,2025-07-01,2025-05-01 to 2025-07-01,29.666666666666668,10.0,0.539,13.333333333333334,0.52,13.333333333333334,0.574666666666667,13.333333333333334,0.024666666666666667,13.333333333333334,0.011666666666666667,13.333333333333334,0.065,13.333333333333334,2.1266666666666714,13.333333333333334,0.9936666666666664,13.333333333333334,5.601666666666667,13.333333333333334,65.28999999999985,13.333333333333334,4458.666666666667,20.0,3554.0,20.0,6427.666666666667,20.0,17.03333333333333,10.0,9.200000000000005,10.0,24.399999999999995,10.0,3.2,120.0,3.0,120.0,3.4,120.0
130355A,Dee River at Kenbula,2025-08-01,2025-06-01 to 2025-08-01,23.333333333333332,10.0,0.5383333333333334,10.0,0.5113333333333334,10.0,0.584666666666667,10.0,0.027,10.0,0.008333333333333337,10.0,0.08466666666666667,10.0,2.324333333333338,10.0,0.6909999999999997,10.0,7.300999999999999,10.0,71.41333333333318,10.0,5731.666666666667,16.666666666666668,4364.0,16.666666666666668,8163.333333333333,16.666666666666668,16.400000000000002,10.0,8.066666666666672,10.0,24.766666666666666,10.0,3.4,110.0,3.2,110.0,3.5,110.0
130355A,Dee River at Kenbula,2025-09-01,2025-07-01 to 2025-09-01,29.0,10.0,0.5423333333333334,10.0,0.509,10.0,0.6130000000000004,10.0,0.03133333333333333,10.0,0.007333333333333335,10.0,0.139,10.0,2.690333333333338,10.0,0.590333333333333,10.0,11.995333333333335,10.0,82.39333333333319,10.0,7285.666666666667,13.333333333333334,5568.666666666667,13.333333333333334,9530.333333333334,13.333333333333334,18.433333333333334,10.0,10.566666666666672,10.0,27.666666666666668,10.0,3.4,60.0,3.25,60.0,3.549999999999999,60.0
130355A,Dee River at Kenbula,2025-10-01,2025-08-01 to 2025-10-01,37.666666666666664,10.0,0.5413333333333333,10.0,0.5033333333333333,10.0,0.6576666666666671,10.0,0.03233333333333333,10.0,0.005333333333333336,10.0,0.2843333333333334,10.0,2.766000000000005,10.0,0.41733333333333306,10.0,24.552000000000003,10.0,84.74333333333318,10.0,8233.666666666666,10.0,6032.0,10.0,9860.666666666666,10.0,21.8,10.0,13.600000000000003,10.0,30.599999999999998,10.0,3.4,10.0,3.1999999999999997,10.0,3.5333333333333328,10.0
130355A,Dee River at Kenbula,2025-11-01,2025-09-01 to 2025-11-01,47.666666666666664,10.0,0.541,10.0,0.49833333333333335,10.0,0.6830000000000004,10.0,0.03266666666666667,10.0,0.004000000000000003,10.0,0.3663333333333334,10.0,2.8040000000000043,10.0,0.3166666666666664,10.0,31.636666666666667,10.0,84.94999999999985,10.0,8120.0,10.0,5901.666666666667,10.0,9256.0,10.0,24.833333333333332,10.0,17.633333333333336,10.0,32.4,10.0,3.3666666666666654,10.0,3.233333333333333,10.0,3.5333333333333328,10.0
130355A,Dee River at Kenbula,2025-12-01,2025-10-01 to 2025-12-01,73.33333333333333,10.0,0.5283333333333333,10.0,0.4643333333333333,10.0,0.794666666666667,10.0,0.042333333333333334,13.333333333333334,0.0013333333333333357,13.333333333333334,1.3803333333333334,13.333333333333334,3.657666666666671,13.333333333333334,0.10066666666666636,13.333333333333334,119.23166666666667,13.333333333333334,112.40999999999985,13.333333333333334,7688.333333333333,10.0,4788.0,10.0,9872.666666666666,10.0,26.299999999999997,10.0,19.66666666666667,10.0,32.03333333333333,10.0,3.2666666666666657,10.0,3.1,10.0,3.433333333333333,10.0
130355A,Dee River at Kenbula,2026-01-01,2025-11-01 to 2026-01-01,101.33333333333333,10.0,0.5816666666666667,10.0,0.4626666666666667,10.0,1.083666666666667,10.0,0.8766666666666666,16.666666666666668,0.000666666666666669,16.666666666666668,16.296333333333333,16.666666666666668,75.76400000000001,16.666666666666668,0.057666666666666366,16.666666666666668,1407.9740000000002,16.666666666666668,2347.7033333333334,16.666666666666668,6098.666666666667,10.0,3064.6666666666665,10.0,9373.333333333334,10.0,26.599999999999998,10.0,21.36666666666667,10.0,32.03333333333333,10.0,3.3999999999999986,10.0,3.1,10.0,4.333333333333333,10.0
130355A,Dee River at Kenbula,2026-02-01,2025-12-01 to 2026-02-01,96.66666666666667,10.0,0.6056666666666666,10.0,0.4856666666666667,10.0,1.070666666666667,10.0,0.91,16.666666666666668,0.013000000000000003,16.666666666666668,16.248,16.666666666666668,78.64399999999999,16.666666666666668,1.123333333333333,16.666666666666668,1403.8126666666667,16.666666666666668,2426.383333333333,16.666666666666668,5784.0,10.0,2431.6666666666665,10.0,9071.333333333334,10.0,26.666666666666668,10.0,22.000000000000004,10.0,31.599999999999998,10.0,3.4999999999999996,10.0,3.133333333333333,10.0,4.433333333333333,10.0
130355A,Dee River at Kenbula,2026-03-01,2026-01-01 to 2026-03-01,102.66666666666667,10.0,0.6766666666666666,13.333333333333334,0.5243333333333334,13.333333333333334,1.4830000000000005,13.333333333333334,1.7123333333333335,20.0,0.018000000000000002,20.0,63.35466666666667,20.0,147.97133333333332,20.0,1.5409999999999997,20.0,5473.843333333333,20.0,4575.53,20.0,4166.0,13.333333333333334,1214.6666666666667,13.333333333333334,7045.666666666667,13.333333333333334,26.53333333333333,10.0,22.000000000000004,10.0,31.53333333333333,10.0,3.8999999999999986,10.0,3.3000000000000003,10.0,5.633333333333333,10.0
130355A,Dee River at Kenbula,2026-04-01,2026-02-01 to 2026-04-01,57.0,10.0,0.6409999999999999,16.666666666666668,0.5456666666666667,16.666666666666668,1.1663333333333339,16.666666666666668,0.8986666666666667,20.0,0.03133333333333333,20.0,48.33033333333333,20.0,77.64333333333333,20.0,2.6929999999999996,20.0,4175.726666666667,20.0,2392.7566666666667,20.0,4806.666666666667,16.666666666666668,1890.6666666666667,16.666666666666668,6917.666666666667,16.666666666666668,25.099999999999998,10.0,20.633333333333336,10.0,29.266666666666666,10.0,3.833333333333332,10.0,3.4,10.0,4.933333333333333,10.0
130355A,Dee River at Kenbula,2026-05-01,2026-03-01 to 2026-05-01,49.333333333333336,10.0,0.6349999999999999,20.0,0.542,20.0,1.1683333333333337,20.0,0.8856666666666667,23.333333333333332,0.02766666666666667,23.333333333333332,48.336999999999996,23.333333333333332,76.518,23.333333333333332,2.3616666666666664,23.333333333333332,4176.288,23.333333333333332,2369.4466666666667,23.333333333333332,5533.0,20.0,3229.0,20.0,7931.333333333333,20.0,22.53333333333333,10.0,17.433333333333337,10.0,26.566666666666663,10.0,3.7666666666666657,10.0,3.3666666666666667,10.0,4.833333333333332,10.0
130355A,Dee River at Kenbula,2026-06-01,2026-04-01 to 2026-06-01,7.333333333333333,10.0,0.5793333333333334,20.0,0.5326666666666667,20.0,0.6423333333333336,20.0,0.07766666666666666,20.0,0.02366666666666667,20.0,0.21066666666666667,20.0,6.69,20.0,2.0303333333333327,20.0,18.172666666666668,20.0,203.43666666666664,20.0,7631.333333333333,20.0,6034.333333333333,20.0,9288.333333333334,20.0,19.93333333333333,10.0,15.266666666666673,10.0,23.333333333333332,10.0,3.566666666666665,10.0,3.266666666666666,10.0,3.899999999999999,10.0
130355A,Dee River at Kenbula,2026-07-01,2026-05-01 to 2026-07-01,7.333333333333333,10.0,0.5436666666666666,16.666666666666668,0.49866666666666665,16.666666666666668,0.6213333333333336,16.666666666666668,0.048999999999999995,16.666666666666668,0.009666666666666669,16.666666666666668,0.16766666666666666,16.666666666666668,4.239333333333334,16.666666666666668,0.8206666666666663,16.666666666666668,14.472,16.666666666666668,130.07666666666665,16.666666666666668,8967.333333333334,16.666666666666668,8101.0,16.666666666666668,10283.666666666666,16.666666666666668,18.0,10.0,13.23333333333334,10.0,21.766666666666666,10.0,3.566666666666666,10.0,3.3000000000000003,10.0,3.7999999999999994,10.0
130355A,Dee River at Kenbula,2026-08-01,2026-06-01 to 2026-08-01,1.0,50.0,0.509,53.333333333333336,0.46866666666666673,53.333333333333336,0.593666666666667,53.333333333333336,0.019666666666666666,53.333333333333336,0.0010000000000000024,53.333333333333336,0.10233333333333333,53.333333333333336,1.7060000000000002,53.333333333333336,0.08633333333333304,53.333333333333336,8.841666666666667,53.333333333333336,51.54333333333333,53.333333333333336,9410.0,53.333333333333336,8747.0,53.333333333333336,10408.0,53.333333333333336,17.599999999999998,50.0,12.73333333333334,50.0,22.166666666666668,50.0,3.6333333333333324,50.0,3.3666666666666667,50.0,3.899999999999999,50.0
130355A,Dee River at Kenbula,2026-09-01,2026-07-01 to 2026-09-01,0.0,131.66666666666666,0.48549999999999993,131.66666666666666,0.45400000000000007,131.66666666666666,0.5735000000000005,131.66666666666666,0.005999999999999998,131.66666666666666,0.0,131.66666666666666,0.061,131.66666666666666,0.5365000000000002,131.66666666666666,0.0,131.66666666666666,5.270499999999999,131.66666666666666,16.634999999999998,131.66666666666666,9494.5,131.66666666666666,8808.5,131.66666666666666,10126.0,131.66666666666666,17.449999999999996,131.66666666666666,12.200000000000008,131.66666666666666,22.9,131.66666666666666,3.6,131.66666666666666,3.5,131.66666666666666,3.8,131.66666666666666
